ID	원문	번역	비고
508:0000	{13}スネークバード{n}とそうだんする	{13}스네이크버드와{n}상담한다	
508:0001	{13}アイテムをつかう	{13}아이템을{n}사용한다	
508:0002	{13}アイテムを{n}もっていません	{13}아이템이{n}없습니다	
508:0003	{13}HPを50{n}かいふくします{n}20ポイント{n}しょうひします	{13}HP를 50{n}회복합니다{n}20포인트를{n}소비합니다	
508:0004	{13}ジャクに{n}ヒントを ききます	{13}잭에게{n}힌트를{n}묻습니다	
508:0005	{13}さいだいHPを{n}10ふやします{n}{9:0}ポイント{n}しょうひします	{13}최대 HP를{n}10 늘립니다{n}{9:0}포인트를{n}소비합니다	
508:0006	{13}オプションを{n}せっていします	{13}옵션을{n}설정합니다	
508:0007	{13}HPを50{n}かいふくします{n}20ポイント{n}必要です	{13}HP를 50{n}회복합니다{n}20포인트가{n}필요합니다	
508:0008	{13}さいだいHPを{n}10ふやします{n}{9:0}ポイント{n}必要です	{13}최대 HP를{n}10 늘립니다{n}{9:0}포인트가{n}필요합니다	
508:0009	{13}さいだいHPは{n}これいじょうは{n}ふえません	{13}최대 HP는{n}더 이상은{n}늘어나지{n}않습니다	
508:0010	{13}HPを50{n}かいふくします{n}いまは 必要{n}ありません	{13}HP를 50{n}회복합니다{n}지금은 필요{n}없습니다	
508:0011	{13}フェイクアイテム	{13}페이크 아이템	
508:0012	シガレッツ{9:2}コと	담배 {9:2}개와	
508:0013	ボトル{9:3}コと	보틀 {9:3}개와	
508:0014	{n}ボトル{9:3}コと シガレッツ{9:2}コで	{n}보틀 {9:3}개와 담배 {9:2}개로	
508:0015	マガジン{9:4}コと	매거진 {9:4}개와	
508:0016	{n}マガジン{9:4}コと シガレッツ{9:2}コで	{n}매거진 {9:4}개와 담배 {9:2}개로	
508:0017	{n}マガジン{9:4}コと ボトル{9:3}コで	{n}매거진 {9:4}개와 보틀 {9:3}개로	
508:0018	マガジン{9:4}コと{n}ボトル{9:3}コと シガレッツ{9:2}コで	매거진 {9:4}개와{n}보틀 {9:3}개와 담배 {9:2}개로	
508:0019	{13}  リュー・ヤー{n}いっぴきおおかみ{n}のバウンティハン{n}ター。 バランスの{n}とれたのうりょくで{n}じゃくてんがない{n}といわれる。	{13}  류・야{n}외톨이 늑대인{n}바운티 헌터.{n}균형 잡힌{n}능력으로{n}약점이 없다고{n}일컬어진다.	
508:0020	{13} Fビラン	{13} F비란	
508:0021	{13} こども	{13} 아이	
508:0022	{13}  ダンク	{13}  덩크	
508:0023	{13}  バイオス{n}ってだれ？	{13}  바이오스{n}가 누구야?	
508:0024	{13}  ダクター{n}ってだれ？	{13}  닥터{n}가 누구야?	
508:0025	{13}  フライデー{n}ってだれ？	{13}  프라이데이{n}가 누구야?	
508:0026	話者不明	화자 불명	
508:0027	{12}バックアップがいっぱいなので{n}セーヴはしません	{12}백업이 가득 찼으므로{n}세이브는 하지 않습니다	
508:0028	{3:0}を手に入れた	{3:0}을(를) 손에 넣었다	
508:0029	{3:0}を使った。	{3:0}을(를) 사용했다。	
508:0030	{3:0}を使った。{n}しかし 何もおこらなかった。	{3:0}을(를) 사용했다。{n}하지만 아무 일도 일어나지 않았다。	
508:0031	{3:0}をたべた。	{3:0}을(를) 먹었다。	
508:0032	{3:0}は{n}今は使えない。	{3:0}은(는){n}지금은 사용할 수 없다。	
508:0033	キャプチャーした者の能力を使うか？	캡처한 자의 능력을 사용할까?	
508:0034	・・・だいじょうぶか？{n}オレが助けてやったんだから{n}バウンティハンターの きまりにしたがい{n}20ポイントいただくぜ	…괜찮아?{n}내가 구해줬으니까{n}바운티 헌터의 규칙에 따라{n}20포인트 받겠다	
508:0035	のこり{9:1}ポイントだ。{n}がんばってくれよ	남은 건 {9:1}포인트다.{n}힘내줘	
508:0036	のこり{9:1}ポイントだ。{n}もう助けてやれないぞ。 つぎに{n}しっぱいしたら カイザーのところから{n}やりなおしだ。 たのむぜ もう	남은 건 {9:1}포인트다.{n}이제 더는 못 구해줘. 다음에{n}실패하면 카이저 쪽에서{n}다시 시작이야. 제발 부탁한다 정말로	
508:0037	{3:0}なら {16}{n}交換するけど あんた いっぱい持ってんじゃない{n}たりなくなったら またおいでよ	{3:0}라면 {16}{n}교환해 줄 건데 당신 많이 가지고 있잖아{n}부족해지면 또 오라고	
508:0038	{3:0}なら {16}{n}交換するけど 持ってないみたいだね・・・{n}ま フトコロがあったまったら またおいで	{3:0}라면 {16}{n}교환해 줄 건데 안 가지고 있는 것 같네…{n}뭐 주머니 사정 좋아지면 또 와	
508:0039	{3:0}なら {16}{n}交換するよ いかが？	{3:0}라면 {16}{n}교환해 줄게 어때?	
508:0040	{3:0}なら {16}{n}交換するけど 持ってないみたいだね・・・	{3:0}라면 {16}{n}교환해 줄 건데 안 가지고 있는 것 같네…	
508:0041	じゃあ {16}{n}交換するよ いかが？	그럼 {16}{n}교환해 줄게 어때?	
508:0042	はいこれ まいどあり！	자 여기 또 오세요!	
508:0043	{3:0}を 手に入れた	{3:0}을(를) 손에 넣었다	
508:0044	もっと {3:0}が ほしいかい？	더 {3:0}을(를) 원하나？	
508:0045	手に入れた武器は{n}ちゃんと装備するのよ いいね？	손에 넣은 무기는{n}제대로 장비하는 거야 알았지?	
508:0046	あら そう？{n}ま 気が変わったら またおいで ボーヤ	어머 그래?{n}뭐 마음이 바뀌면 또 와 꼬마야	
508:0047	オレはカイザー。{n}スネークバードのチームリーダーだ。{n}おまえらの しごとの報告を当局に送る	나는 카이저.{n}스네이크버드의 팀 리더다.{n}너희들 일의 보고를 당국에 보낸다	
508:0048	何がチームリーダーだ。{n}ようするに見はりだろ オレたちの	뭐가 팀 리더야.{n}결국 감시잖아 우리를	
508:0049	ほざけ {6:12}{n}お前ら 落ちこぼれどもの{n}行くすえを 見とどけてやるぜ	지껄여라 {6:12}{n}너희들 낙오자들의{n}앞날을 지켜봐 주마	
508:0050	当局は お前らには期待していない。{n}まあ せいぜい がんばるんだな	당국은 너희들에게{n}기대하지 않는다.{n}뭐 그래도 열심히 해봐라	
508:0051	当局に報告を送るか？	당국에 보고를 보낼까?	
508:0052	わかった 報告は送っておく{n}ドジをふむなよ	알았다 보고는 보내두지{n}실수하지 마라	
508:0053	報告しないか？{n}まめに報告しないと 後で なきを見るぜ{n}まあ オレは知ったこっちゃねえが・・・	보고 안 하는 거야?{n}꼬박꼬박 보고하지 않으면{n}나중에 울게 될 거다{n}뭐 난 알 바 아니지만…	
508:0054	記録はできませんが ゲームを続けます	기록은 할 수 없지만{n}게임을 계속합니다	
508:0055	ここまでのゲームを 記録しますか？	여기까지의 게임을{n}기록하시겠습니까?	
508:0056	記録せずに ゲームを続けます	기록하지 않고 게임을 계속합니다	
508:0057	きずを 手当てするかわりに{n}20ポイントさしひいていいんだな？	상처를 치료하는 대신{n}20포인트를 빼도 되는 거지?	
508:0058	けんこうは どんな宝より{n}まさるものだからな	건강은 어떤 보물보다{n}소중한 거니까	
508:0059	そうか？ まあ あまりムリはするなよ。{n}オレが こまるからな・・・	그런가? 뭐 너무 무리는 하지 마.{n}내가 곤란해지니까…	
508:0060	体を 強化するかわりに{n}{9:0}ポイントさしひいていいんだな？	몸을 강화하는 대신{n}{9:0}포인트를 빼도 되는 거지?	
508:0061	肉体強化のマジックは いつまでも{n}ききめが あるわけじゃないが まあ{n}この島を出るまでくらいは もつだろうさ・・・	육체 강화 마법은 언제까지나{n}효과가 있는 건 아니지만 뭐{n}이 섬을 나갈 때까지는 버티겠지…	
508:0062	そうか？{n}オレはどっちでも いいんだぜ	그런가?{n}나는 어느 쪽이든 상관없어	
508:0063	死んでいます。{n}一撃でやられたようです。	죽어 있습니다.{n}일격에 당한 것 같습니다.	
508:0064	このドアはロックされています。	이 문은 잠겨 있습니다.	
508:0065	私は{6:63}。 ヤミで{n}ポイントをうりさばく デンジャラスな女。{n}あなたの持ち物とひきかえに ポイントを{n}回復させてあげるわ	나는 {6:63}. 암시장에서{n}포인트를 파는 위험한 여자야.{n}당신의 소지품과 맞바꿔 포인트를{n}회복시켜 줄게	
508:0066	{3:0}を読んだ。{2}「流星とは、大気とのまさつで発光する{n}ほうき星のカケラである。 もえつきずに{n}地上に落ちた流星はイン石と呼ばれる。{2}「むかしむかし、ジェイラーズ島に{n}古代ラビアン文明がさかえていたころ、{n}この島に きみょうなイン石が落ちた{n}ことがあったという。{2}「その美しいエメラルド色のイン石には{n}ふしぎな性質があったといわれるが{n}くわしいことは 今に伝わっていない。{2}「イン石が落下してからほどなく{n}古代ラビアン文明は滅びてしまったから{n}である。	{3:0}을(를) 읽었다。{2}「유성이란, 대기와의 마찰로 빛나는{n}혜성의 파편이다。 다 타지 않고{n}지상에 떨어진 유성은 운석이라 불린다。{2}「아주 먼 옛날, 제이라즈 섬에{n}고대 라비안 문명이 번영하던 시절,{n}이 섬에 기묘한 운석이 떨어진{n}적이 있었다고 한다。{2}「그 아름다운 에메랄드빛 운석에는{n}신비한 성질이 있었다고 전해지지만{n}자세한 내용은 지금까지 전해지지 않는다。{2}「운석이 떨어진{n}지 얼마 되지 않아{n}고대 라비안 문명은 멸망해 버렸기{n}때문이다。	
508:0067	{3:0}を読んだ。{2}「古代ラビアンの人びとは、神の心に{n}かなう生き方をしていたので、神は、{n}天から美しい宝石をおくった。 それは{n}信ずる心があつまってできた石だった。{2}「ラビアンの神官たちは その宝石から{n}もっとすばらしい物を作ろうとしたが、{n}彼らの心に、うたがいがひそんでいたので、{n}石は悪魔に変わってしまった。{2}「悪魔は今でも、かつていた天に{n}帰りたいと思っていて、空にほうき星が{n}かかる時、そのしっぽにつかまって天に{n}もどろうと、高い山にのぼるのだという。	{3:0}을(를) 읽었다.{2}「고대 라비안인은 신의 마음에{n}합당한 삶을 살았기 때문에, 신은{n}하늘에서 아름다운 보석을 내려보냈다. 그것은{n}믿는 마음이 모여서 만들어진 돌이었다.{2}「라비안의 신관들은 그 보석에서{n}더 훌륭한 것을 만들려 했지만,{n}그들의 마음속에 의심이 숨어 있었기에,{n}돌은 악마로 변해 버렸다.{2}「악마는 지금도 예전의 하늘로{n}돌아가고 싶어 해서, 하늘에 혜성이{n}나타날 때, 그 꼬리를 붙잡고 하늘로{n}돌아가려고 높은 산에 오른다고 한다.	
508:0068	{3:0}を読んだ。{2}「6月30日 はれ{n}今日は重大な発見があった。{n}やはりビラニウムには、DNA生物体を{n}変化させ強化する能力があるのだ。{2}「これをメタモルフォーゼと名づけよう。{n}ただし正確な実験を行わないと、思った{n}とおりの変身は起こせないようだ。{n}力があってもバカでは意味が無い。{2}「これで古代ラビアンの秘法にまた一歩{n}近づいた。 やはり古代ラビアン人は{n}ビラニウムから武器を作ろうとして{n}いたのだ。 最強の武器を・・・{2}「古代人はメタモルフォーゼした生物を{n}コントロールできなかったようだが、{n}私にならできる。 私は天才だからだ。	{3:0}을(를) 읽었다.{2}「6월 30일 맑음{n}오늘은 중대한 발견이 있었다.{n}역시 비라니움에는 DNA 생물체를{n}변화시키고 강화하는 능력이 있다.{2}「이것을 메타모르포제라 하자.{n}다만 정확히 실험하지 않으면 생각대로{n}변신을 일으킬 수 없는 듯하다.{n}힘이 있어도 바보라면 의미가 없다.{2}「이것으로 고대 라비안의 비법에{n}또 한 걸음 가까워졌다.{n}역시 고대 라비안인은 비라니움으로{n}최강의 무기를 만들려 했던 것이다…{2}「고대인은 메타모르포제한 생물을{n}통제할 수 없었던 모양이지만,{n}나라면 할 수 있다. 나는 천재이니까.	
508:0069	{3:0}を読んだ。{2}「私は、地下鉱山で、古代ラビアン人が{n}残した古文書を発見した。{2}「昔話が本当なら、古代ラビアン人は、{n}やさしく気高いりっぱな人びとだった{n}はずだが、古文書を解読して、{n}そのイメージはくずれた。{2}「ビラニウムには、細胞を変化させる{n}だけでなく、キズついた細胞をいやす{n}ふしぎな能力があったという。 むしろ、{n}その応用を研究すべきだっただろう。{2}「しかし、古代ラビアン人は、{n}ビラニウムの、生物体を強化する能力{n}のみに注目し、人体を強化・改造して、{n}恐るべき武器を作り出したのだ。{2}「恐怖で人をおびやかし、自国を守ろう{n}としたのだ。 かつてのラビアン国は{n}神の国とも言われていたそうが、その{n}住人は、ふつうの人間だったのだろう。	{3:0}을(를) 읽었다。{2}「나는 지하 광산에서{n}고대 라비안인이{n}남긴 고문서를 발견했다。{2}「옛이야기가 사실이라면,{n}고대 라비안인은 상냥하고 고결한{n}훌륭한 사람들이었을 텐데, 고문서를{n}해독하고 나니 그 이미지가 무너졌다。{2}「비라니움에는 세포를 변화시킬{n}뿐만 아니라, 상처 입은 세포를 치유하는{n}신비한 능력이 있었다고 한다。 오히려{n}그 응용을 연구했어야 했을 것이다。{2}「하지만 고대 라비안인은{n}비라니움의, 생물체를 강화하는 능력{n}에만 주목하여 인체를 강화·개조해서,{n}두려운 무기를 만들어낸 것이다。{2}「공포로 사람을 위협해{n}자국을 지키려 했던 것이다。 한때{n}라비안 왕국은 신의 나라라 불렸지만,{n}그 주민들은 평범한 인간이었으리라。	
508:0070	{3:0}を読んだ。{2}「古文書の解読がすすみ、{n}新たな事実が明らかになった。{n}古代ラビアン人が、ビラニウムから{n}作り出した武器の正体だ。{2}「古文書に記されたその名は、今のことばに{n}すれば、「オープンエンド可変性能特殊任務{n}ライフサイクル」であった。{2}「ラビアン文字で、その頭文字をとれば{n}それは「ビラーノ」と発音されただろう。{n}おとぎ話の{6:3}は、きっとこのビラーノ{n}の恐怖がもとになったにちがいない。{2}「人体にビラニウムが作用して誕生した{n}ビラーノは、他の生物を吸収して、その{n}外見や能力を自分のものにし、無限に{n}進化を続けるという。	{3:0}을(를) 읽었다。{2}「고문서 해독이 진전되어,{n}새로운 사실이 밝혀졌다。{n}고대 라비안인이 비라니움으로{n}만들어낸 무기의 정체다。{2}「고문서에 적힌 그{n}이름은, 지금 말로{n}하면 「오픈엔드 가변성능 특수임무{n}라이프사이클」이었다。{2}「라비안 문자로 머리글자를 따면{n}그것은 「비라노」라고 발음되었을 것이다。{n}옛이야기 속 {6:3}은 분명 이 비라노{n}의 공포가 바탕이 되었음이 틀림없다。{2}「인체에 비라니움이 작용해 탄생한{n}비라노는 다른 생물을 흡수하여 그{n}외견과 능력을 자신의 것으로 삼으며 끝없이{n}진화를 계속한다고 한다。	
508:0071	「それは一体だけ作られたが、{n}コントロールをはなれ、見さかい無しに{n}殺りくを始めたため、なんらかの方法で、{n}撃破された。{2}「しかし、ビラーノはかんぜんに亡んだ{n}わけではなく、どこか人の手のとどかない{n}場所で休眠状態に入ったらしい。{2}「古文書によれば、ビラーノの{n}生活周期は、ほうき星の周期と同じであり、{n}{6:3}が再び活動するのは、ほうき星が{n}空にかかる時であろうと予言されている。{2}「今しも、「悪魔の星」と呼ばれる{n}ほうき星が、接近しつつある・・・{n}いやな予感がする・・・	「그것은 단 하나만 만들어졌으나,{n}통제를 벗어나 무차별적으로{n}살육을 시작했기에, 어떤 방법으로{n}격파되었다.{2}「하지만 비라노는 완전히 멸망한{n}것이 아니라, 어딘가 사람의 손이 닿지 않는{n}곳에서 휴면 상태에 들어간 것 같다.{2}「고문서에 따르면 비라노의{n}생활 주기는 혜성의 주기와 같으며,{n}{6:3}이 다시 활동하는 것은 혜성이{n}하늘에 걸릴 때일 것이라 예언되어 있다.{2}「바로 지금, 「악마의{n}별」이라 불리는{n}혜성이 접근하고 있다…{n}불길한 예감이 든다…	
508:0072	{3:0}を見た。{n}読めない文字やふしぎな記号が{n}見たことのない色のインクで書かれている。	{3:0}을(를) 보았다.{n}읽을 수 없는 문자와 신비한 기호가{n}본 적 없는 색의 잉크로 쓰여 있다.	
508:0073	どこからともなく男の声がする・・・{n}「{20:35}その1 あ 悪魔ビラーノを例す方法・・・ごほっ{n}うぐぐ・・・ビラーノの弱点は せなか・・・{n}後にまわって・・・せなかを ねらえ・・・う ぐ・・・{2}「{20:35}た たのむ・・・ {6:5}を・・・	어디선가 남자의 목소리가 들린다…{n}「{20:35}그 1 악마 비라노를 물리칠 방법…콜록{n}으윽…비라노의 약점은 등…{n}뒤로 돌아가서…등을 노려라…으, 으…{2}「{20:35}부, 부탁한다… {6:5}를…	
508:0074	文字はぜんぜん読めないが{n}どうやら{6:3}を後から見た総が{n}えがいてあるようだ。	글자는 전혀 읽을 수 없지만{n}아무래도 {6:3}을 뒤에서 본 그림이{n}그려져 있는 것 같다.	
508:0075	{3:0}を手にした。{n}ふつうのバラとは ちょっとちがった{n}ふしぎな香りがする。{2}記憶のかけら・・・{n}まぼろしのような女の顔。{n}エメラルド色にかがやくガラスのシリンダー。{2}巨石にきざまれた総。 死と恐怖のイメージ。{n}どこからかひびく少女の声。{2}「・・・かくしてウーダは悪魔を亡ぼした。{n}そして全ての知職を記したウーダノートを{n}後の世に残した。 いつの日か悪魔が再来する{n}その時にそなえて・・・{2}・・・夢のかけら。{n}少し ぼうっとしていたようだ。	{3:0}을(를) 손에 들었다.{n}평범한 장미와는 조금 다른{n}신비한 향기가 난다.{2}기억의 조각…{n}환영 같은 여자의 얼굴.{n}에메랄드빛으로 빛나는 유리 실린더.{2}거석에 새겨진 그림.{n}죽음과 공포의 이미지.{n}어디선가 울려 퍼지는 소녀의 목소리.{2}「…그리하여 우다는 악마를{n}멸망시키고 모든 지식을 기록한 우다노트를{n}후세에 남겼다. 언젠가 악마가 다시{n}나타날 그때에 대비하여…{2}…꿈의 조각.{n}잠시 멍해 있었던 것 같다.	
508:0076	{3:0}を手にした。{n}指がしびれるような不快な感じがする。{n}しまっておいた方がよさそうだ。	{3:0}을(를) 손에 들었다.{n}손가락이 저릴 만큼 불쾌한 느낌이 든다.{n}넣어 두는 편이 좋을 것 같다.	
508:0077	{3:0}を見た。{n}本物のような青いバラの総がえがかれている。{n}バラの総の下には きみょうな文字で{n}何やら ことばが書かれている。	{3:0}을(를) 보았다.{n}진짜 같은 파란 장미 그림이 그려져 있다.{n}장미 그림 아래에는 기묘한 문자로{n}무언가 글이 쓰여 있다.	
508:0078	「エソテクニカル・タービンエンジン用{n}高性能ねんりょう 液体オルトヒドラジン{n}危険！ 強ふしょく性！	「에소테크니컬 터빈 엔진용{n}고성능 연료 액체 오르토히드라진{n}위험! 강부식성!	
508:0079	ゲーム機があります。{n}あそびますか？	게임기가 있습니다.{n}하시겠습니까?	
508:0080	ゲーム機があります。{n}電気が切れているようです。	게임기가 있습니다.{n}전원이 꺼져 있는 것 같습니다.	
508:0081	・・・アツいぜ	…뜨겁구만	
508:0082	親指がいたいぜ	엄지손가락이 아프구만	
508:0083	・・・しまった{n}われを忘れちまったぜ	…아차{n}나도 모르게 정신없이 했구만	
508:0084	やりすぎて 水ぶくれができちまった{n}・・・バンソコ持ってないか？	너무 많이 해서{n}물집이 생겨 버렸군{n}…반창고 없나?	
508:0085	マズいな・・・{n}これじゃ仕事にならねーや	큰일이군…{n}이래서야 일을 못 하겠는걸	
508:0086	・・・早く・・・早く・・・船長室へ行け・・・{n}SOSを 発信するんだ・・・{n}上だ・・・どんどん上に・・・むかえ！・・・{2}{7}この オンボロぶねは 修理に{n}修理をかさねて 中は めいろのようだ・・・{n}まよいそうになったら Lボタンと{n}方向キーをおして あたりを見わたせ・・・{2}{7}死にたくない・・・	…빨리…빨리…선장실로 가라…{n}SOS를 발신하는 거다…{n}위다…계속 위로…서둘러!…{2}{7}이 낡아 빠진 배는 수리에{n}수리를 거듭해서 안은 미로 같다…{n}길을 잃을 것 같으면 L버튼과{n}방향키를 눌러 주위를 둘러보라…{2}{7}죽고 싶지 않아…	
508:0087	ビ・・{6:3}は・・・{n}船長室に・・・行くはずだ・・・{n}う・う・・ビラニウムが・・・{n}ぐっ・・・	비…{6:3}은…{n}선장실로…갈 것이다…{n}으・으…비라니움이…{n}끄응…	
508:0088	{6:3}に ビラニウムを くわせると{n}・・・まずい・・・強大化・・・する・・・{n}うっ・・・	{6:3}에게 비라니움을 먹이면{n}…위험하다…강대화…한다…{n}으윽…	
508:0089	{6:2}・・・オレは・・・{n}こんなとこで死にたく・・・なかったよ・・・{n}・・・また・・・いっしょに・・・お前と・・・{n}あそびたいよ・・・	{6:2}…나는…{n}이런 데서 죽고 싶지…않았어…{n}…또…함께…너랑…{n}놀고 싶어…	
508:0090	   グリ通信{n}まど ひびわれ危険 近づくな	   그리 통신{n}창문 균열 위험 접근 금지	
508:0091	ひいい・・・・{n}オレは見ちまった・・・{n}仲間が・・・頭から{6:3}にくわれちまった・・・{n}ひいいー のりうつられてた・・・ ひいいー	히이익…{n}나는 보고 말았어…{n}동료가…머리부터 {6:3}에게 먹혀버렸어…{n}히이이익 뭔가 씌어 있었어… 히이이익	
508:0092	う、う・・・ 甲板のうしろにある そうこに{n}・・・ぐっ・・・船長のカギが・・・{n}あ・・・る・・・と・・・ぐええ・・・	으, 으… 갑판 뒤에 있는 창고에{n}…끄응…선장의 열쇠가…{n}있…다…고…꾸엑…	
508:0093	動いているネットプレートを{n}わたって行くと 船長室へ行く{n}近道だけど しっぱいすると{n}下まで落ちてしまう{2}{7}いくらお前でも危険だ{n}遠回りでも そうこのまどから{n}船外へ出たほうがいい	움직이는 네트플레이트를{n}건너가면 선장실로 가는{n}지름길이지만, 실패하면{n}아래로 떨어져 버린다{2}{7}아무리 너라도 위험하다{n}돌아가더라도 창고 창문으로{n}배 밖으로 나가는 편이 낫다	
508:0094	「ビジネスクラス	「비즈니스 클래스	
508:0095	「危険物そうこ{n}液体オルトヒドラジン{n}危険！ 強ふしょく性！	「위험물 창고{n}액체 오르토히드라진{n}위험! 강부식성!	
508:0096	「特設移動監獄{n}   グリ通信{n}無関係の者は入るべからず	「특설 이동 감옥{n}   그리 통신{n}관계자 외 출입 금지	
508:0097	「れいぞうこ	「냉동 창고	
508:0098	「ファーストクラス	「퍼스트 클래스	
508:0099	「レジャー室	「레저실	
508:0100	「そうこ	「창고	
508:0101	「エコノミークラス	「이코노미 클래스	
508:0102	「コンテナそうこ{n}   グリ通信{n}クレーンであそぶな	「컨테이너 창고{n}   그리 통신{n}크레인으로 장난치지 마시오	
508:0103	よう 仲間殺しの{6:2}・ヤーじゃねえか{n}オリの中で気持ちよくねてたのに 目がさめたら{n}このありさまだ。 どういうわけだ？	어이, 동료 살해자 {6:2}・야 아니냐{n}우리 안에서 기분 좋게 자고 있었는데{n}눈을 떠 보니 이 꼴이구만. 어떻게 된 거지?	
508:0104	ここを{6:3}が通らなかったか？	여길 {6:3}이 지나가지 않았나?	
508:0105	ねてたからわからねえ。{n}するとこいつは あのカーボン刑モンスターの{n}しわざか！ なかなかやるじゃねえか。{n}ざまあみろ	자고 있어서 몰라.{n}그럼 이건 그 카본형 몬스터의{n}짓인가! 제법이군.{n}꼴좋다	
508:0106	・・・悪いが お前をオリから{n}出すことはできない。 カギがないんだ。{n}オレたちは これから船長室に行って{n}何ができるかやってみる	…미안하지만 널 우리에서{n}꺼내 줄 수는 없어. 열쇠가 없거든.{n}우리는 지금부터 선장실로 가서{n}뭘 할 수 있는지 해 볼 거야	
508:0107	どうせ助かったとしても オレは{n}一生 監獄島でオリの中じゃねえか。{n}オレはむしろ この船にしずんでもらいたいね。{n}そしたら お前らもみんな地獄に道連れだ{2}{7}{6:2}、あきらめろ。 オレにはわかる。{n}お前には不運の星がついている。 お前に関った{n}者は みな死ぬか もっとひでえ目にあう。{n}そして お前自身も・・・ククク	어차피 살아남는다 해도 나는{n}평생 감옥섬에서 우리 안 신세잖아.{n}오히려 이 배랑 같이 가라앉았으면 좋겠구만.{n}그럼 너희도 다 같이 지옥길 동무다{2}{7}{6:2}, 포기해. 나는 안다고.{n}넌 불운의 별을 타고났어. 너랑 얽힌{n}사람은 다 죽거나 더 끔찍한 꼴을 당해.{n}그리고 너 자신도…쿠쿠쿠	
508:0108	{6:2}・ヤーよ。{n}オレを捕らえたはいいが 忘れるなよ。{n}この航海は かた道キップだ。 お前は二度と{n}シャバにはもどれねえ。 おぼえときな	{6:2}・야여.{n}날 잡은 건 좋지만 잊지 마라.{n}이 항해는 편도 티켓이야. 넌 두 번 다시{n}바깥세상으로 못 돌아가. 명심해 둬	
508:0109	どうわっ！	우왓！	PoC
508:0110	どうした！？{n}あせが びっしょりだぞ	왜 그래！？{n}땀이 흥건하잖아	PoC
508:0111	スゲエ夢を見ちまったぜ・・・	엄청난 꿈을 꿨구만…	
508:0112	すごい夢ならオレも見た	대단한 꿈이라면 나도 꿨어	
508:0113	どんな夢だ？	무슨 꿈인데?	
508:0114	よく おぼえていないが・・・{n}{6:3}が この船から脱走して{n}ジェイラーズ島でメタモルフォーゼする夢だ	잘 기억나지 않지만…{n}{6:3}이 이 배에서 탈출해서{n}제이라즈 섬에서 메타모르포제하는 꿈이야	
508:0115	何！？・・・オレと同じ夢だ	뭐!? …나랑 같은 꿈이잖아	
508:0116	・・・・！？{n}{6:2} お前 そのアイテムで持ってる{n}バラは何だ？	…!? {n}{6:2} 너, 그 아이템으로 가진{n}장미는 뭐냐?	
508:0117	・・・ブルーローズだ・・・{n}いったいこいつは・・・！？	…블루 로즈다…{n}대체 이건…!?	
508:0118	{6:2}・・・どうやら{n}われわれが見た夢は正夢らしい・・・{2}{7}大変なことになった・・・{n}{6:3}が艦を破って逃げたらしい。{n}船内はパ{6:11}になってる	{6:2}…아무래도{n}우리가 꾼 꿈이 예지몽이었던 모양이다…{2}{7}큰일이다…{n}{6:3}이 함을 부수고 도망친 모양이다.{n}선내는 아수라장이 되었다	
508:0119	{6:2}！ 船員はほとんど全滅だ！	{6:2}! 선원은 거의 전멸이다!	
508:0120	！？ こんな短時間でか！？	!? 이렇게 짧은 시간에!?	
508:0121	ウソだと思うなら見てみろ！	거짓말이라고 생각하면 직접 봐!	
508:0122	{6:2}！ 二手に別れて{n}{6:17}をさがそう！ 助けるんだ！	{6:2}! 둘로 나뉘어서{n}{6:17}을 찾자! 구해야 해!	
508:0123	もう・・・遅い{n}行かない方がいいぞ	이미…늦었어{n}안 가는 게 나아	
508:0124	うるさい！ オレは行く！{n}{6:17}を助ける！	시끄러워! 난 간다!{n}{6:17}을 구한다!	
508:0125	どうする？{n}{6:2}、ここにじっとしていれば{n}助かる可能性は少しだけある{2}{7}ここから一歩でも外に出たら{n}お前は いやがおうにも{n}{6:3}と戦うハメになる	어떻게 할까?{n}{6:2}, 여기 가만히 있으면{n}살아남을 가능성이 조금은 있다{2}{7}여기서 한 걸음이라도{n}밖으로 나가면{n}너는 싫든 좋든{n}{6:3}과 싸우게 될 것이다	
508:0126	じっと息をひそめていれば{n}お前だけは 助かるかもしれないぞ	가만히 숨죽이고 있으면{n}너만은 살아남을지도 모른다	
508:0127	{6:2}！ 来るな！{n}来たら殺される！ ・・・ウワーッ！{n}ゲェッ！・・・	{6:2}! 오지 마!{n}오면 죽는다! …으아아악!{n}끄에엑!…	
508:0128	ここから船の側面をつたって行けば{n}船長室に早くつけそうだな・・・{n}だが海に落ちたら サメがウヨウヨだ{n}まず助からない{2}{7}{6:3}に殺られるか・・・{n}サメに食われるか・・・{n}どっちもいやだな・・・{2}{7}{6:2}、ひきかえして船内を行くか・・・{n}このまま死をかくごで側面を行くか・・・{n}どちらもゴールは同じだ。{n}運命の わかれ道になるかもな・・・	여기서 배 측면을 타고 가면{n}선장실에 빨리 도착할 수 있을 것 같군…{n}하지만 바다에 떨어지면 상어가 우글우글하다{n}먼저 살아남기 힘들다{2}{7}{6:3}에게 당하거나…{n}상어에게 먹히거나…{n}둘 다 싫은데…{2}{7}{6:2}, 돌아가서 선내로 갈 것인가…{n}이대로 죽음을 각오하고 측면으로 갈 것인가…{n}어느 쪽이든 목적지는 같다.{n}운명의 갈림길이 될지도 몰라…	
508:0129	うぐわぁー、げげえ、う、う、{n}助げでくれー、ぐわあああ	으그와아ー, 꾸에엑, 으, 으,{n}도와주세ー, 으와아아아	
508:0130	だ、誰かー！ ビ、{6:3}が{n}{6:3}が来たー！{n}ひいいー 助けてー！	누, 누구 없어ー! 비, {6:3}이{n}{6:3}이 왔다ー!{n}히이이ー 살려줘ー!	
508:0131	ひいいい・・・た・・・{n}助けてくれ！	히이이이…사…{n}살려줘!	
508:0132	こ・こわいよ・・・{n}う・ううう・・・	무・무서워…{n}으・으으으…	
508:0133	船長！ こいつはオレが相手をする！{n}オレが注意をひくから そのすきに逃げろ！{2}{7}てめえ！ {6:3}！{n}オレが相手だ！	선장님! 이놈은 제가{n}상대하겠습니다!{n}제가 주의를 끌 테니 그 틈에 도망치세요!{2}{7}이 자식! {6:3}!{n}내가 상대해 주마!	
508:0134	グルルル・・・グルルル・・・	그르르르…그르르르…	
508:0135	ちょっとだけ 夢を思い出したぜ{n}もし あの夢が正夢ならば・・・{n}お前の弱点は わかってるんだ！{n}来やがれ{6:3}！	꿈이 조금 생각났구만{n}만약 그 꿈이 예지몽이라면…{n}네 약점을 알고 있다고!{n}덤벼라 {6:3}!	
508:0136	はあ・・・はあ・・・はあ・・・	하아…하아…하아…	
508:0137	やったな{6:2}{n}ここは夢とはちがうぜ	해냈구나 {6:2}{n}여기는 꿈과는 달라	
508:0138	ピー ピー ピー ピー	삐 삐 삐 삐	
508:0139	通信だ！	통신이다!	
508:0140	こちら ジェイラーズ島 {6:4}{6:29}{n}定時連絡されたし 応答せよ。{19:2} くりかえす。{n}こちら ジェイラーズ島 {6:4}{6:29}だ{n}シーバンディッツ号 応答せよ！	여기는 제이라즈 섬 {6:4} {6:29}{n}정시 연락 바람, 응답하라. {19:2} 반복한다.{n}여기는 제이라즈 섬 {6:4} {6:29}이다{n}시 밴디츠호, 응답하라!	
508:0141	こちら 特別{6:19}移送船{n}シーバンディッツ号。 非常事態発生。{2}{7}カーボン刑生物の{6:3}が{n}船内で逃走。 兼組員多数が死亡。{n}警備のバウンティハンターも{n}三名中二名死亡。{2}{7}{6:3}は追跡のすえ 船長室にて{n}発生した戦闘で死亡。 くりかえす。{n}脱走した{6:3}は 追跡したハンターにより{n}船内で戦闘の後 死亡した。{2}{7}シーバンディッツ号は{n}船体大破するも 自力航行可能だ。	여기는 특별 {6:19} 이송선{n}시 밴디츠호. 비상사태 발생.{2}{7}카본형 생물 {6:3}이{n}선내에서 도주. 승조원 다수 사망.{n}경비 바운티 헌터도{n}세 명 중 두 명 사망.{2}{7}{6:3}은 추적 끝에 선장실에서{n}벌어진 전투로 사망. 반복한다.{n}탈주한 {6:3}은 추적한 헌터에 의해{n}선내에서 전투 후 사망했다.{2}{7}시 밴디츠호는{n}선체 대파했으나 자력 항행 가능하다.	
508:0142	わかった。{n}{6:3}をしとめたのは誰だ？	알았다.{n}{6:3}을 해치운 건 누구냐?	
508:0143	オレだ。{n}ラジーン国バウンティ局特殊追跡隊{n}コードナンバー1099 {6:2}・ヤー	나다.{n}라진 국 바운티국 특수 추적대{n}코드 넘버 1099, {6:2}・야	
508:0144	オーケー、{6:2}・ヤーよくやった。{n}もう暗いので救助隊は出せないが{n}受け入れ準備は ととのえておく。{n}ジェイラーズ島への上陸を待つ	오케이, {6:2}・야, 잘했다.{n}이미 어두워서 구조대는 보낼 수 없지만,{n}받아들일 준비는 해 두겠다.{n}제이라즈 섬 상륙을 기다리겠다	
508:0145	な・・・何だ！？	뭐…뭐야!?	
508:0146	きっと {6:3}が最後に{n}キャプチャーしたやつが{n}出て来るんだ。 かわいそうに。{n}助かればいいが・・・	분명 {6:3}이 마지막으로{n}캡처한 녀석이{n}나올 거야. 불쌍하게도.{n}살아 있으면 좋겠는데…	
508:0147	おい おい おい おい・・・{n}{6:46}・・・{6:46}じゃねえか	어, 어, 어, 어…{n}{6:46}…{6:46} 아니냐	
508:0148	{6:46}・・・って・・・{n}お前の弟か！？	{6:46}…라니…{n}네 동생이냐!?	
508:0149	ル、{6:46}！ しっかりしろ{n}{6:46} お お前・・・何で！？{n}おい {6:46}！ {6:46}！	루, {6:46}! 정신 차려{n}{6:46} 너…어째서!? {n}야, {6:46}! {6:46}!	
508:0150	・・・う・・・ぐ・・・に・・・{n}兄さん？・・・兄さんなの？・・・{n}・・・う・・・ぐ・・・{n}目・・・目がよく見えない・・・	…으…윽…니…{n}형? …형이야?…{n}…으…윽…{n}눈…눈이 잘 안 보여…	
508:0151	おい！ {6:46}！ しっかりしろ{n}くそっ どうすりゃいいんだ	야! {6:46}! 정신 차려{n}젠장, 어떻게 하면 좋지	
508:0152	う・・・う・・・兄さん・・・{n}ぼ・・・ぼくは もう・・・{n}だめだ・・・う・・・うわあ！	으…으…형…{n}나…나는 이제…{n}틀렸어…으…으아아!	
508:0153	おい{6:2}！{n}弟をほったらかして どこへ行くんだ！{n}甲板だ 甲板に行こう！	야, {6:2}!{n}동생을 내버려 두고 어디로 가는 거야!{n}갑판이다, 갑판으로 가자!	
508:0154	{6:46}！	{6:46}!	
508:0155	に、兄さん・・・オレは・・・{n}{6:3}にキャプチャーされた・・・{n}もう・・・死ぬ・・・{2}{7}ここから・・・海にとびこんで{n}・・・死のうと思った・・・{n}・・・う・・・う・・・うう・・・う・・・ううう	혀, 형…나는…{n}{6:3}한테 캡처당했어…{n}이제…죽는구나…{2}{7}여기서…바다에 뛰어들어{n}…죽으려고 생각했어…{n}…으…으…으으…으…으으으	
508:0156	{6:2}・・・{n}{6:3}にキャプチャーされた者を{n}救う方法は？	{6:2}…{n}{6:3}한테 캡처당한 사람을{n}구할 방법은?	
508:0157	！？ ・・・ウーダノート！？	!? …우다노트!?	
508:0158	・・・{19:4}夢を・・・{19:4}信じるしかないな{19:15}	…{19:4}꿈을…{19:4}믿을 수밖에 없나{19:15}	
508:0159	すこし ヤセたんじゃないのかい？	조금 야윈 거 아니니?	
508:0160	シガレッツ持ってきてくれたのかよ{n}おふくろ	담배 가져다준 거야?{n}엄마	
508:0161	ふくろに入ってるよ	봉투에 들어 있단다	
508:0162	ここで作ってるシガレッツは{n}マズくて しょうがねえ	여기서 만드는 담배는{n}맛이 없어서 참	
508:0163	ちゃんと 食べてるのかい？{n}病気にでもなったら・・・	제대로 챙겨 먹고 있니?{n}병이라도 나면…	
508:0164	へっ・・・どうせ一生出られねえんだ。{n}いっそ 早死にしてえよ	흥…어차피 평생 못 나가는데.{n}차라리 일찍 죽는 게 낫겠어	
508:0165	そんなこと言わないどくれよ・・・{n}母さんはね、年に一度、この{n}{6:4}{6:29}の誕生日にしか{n}できない面会を楽しみに・・・	그런 말 하지 말려무나…{n}엄마는 말이지, 1년에 한 번, 이{n}{6:4} {6:29}의 생일에만{n}가능한 면회를 낙으로 삼아…	
508:0166	・・・今年も ずいぶんと にぎやかだねえ・・・	…올해도 꽤 떠들썩하네…	
508:0167	この日だけはな。{n}あのクソ{6:29}も きげんがいいらしい	오늘만큼은 말이야.{n}그 빌어먹을 {6:29}도 기분이 좋은 모양이야	
508:0168	秩序・・・そう、秩序こそが{n}ジェイラーズ島で生きるために{n}胸にきざむべき ことばである。{n}だが・・・今日だけは・・・{2}{7}この私の誕生日の 今日だけは・・・{n}しばし、そのことばを 忘れよう・・・{n}それが私の 寛大なる・・・{n}心の あかしだからだ！・・・{2}{7}しょくん！{n}私の誕生日を祝ってくれて{n}ありがとう！ ありがとう！{n}サンキューベリマッチ！	질서…그래, 질서야말로{n}제이라즈 섬에서 살아가기 위해{n}가슴에 새겨야 할 말이다.{n}하지만…오늘만큼은…{2}{7}나의 생일인 오늘만큼은…{n}잠시, 그 말을 잊어버리자…{n}그것이 나의 관대한…{n}마음의 증표이기 때문이다!…{2}{7}제군!{n}내 생일을 축하해 줘서{n}고맙다! 고맙다!{n}생큐 베리 머치!	
508:0169	おい！ {6:20}！ 待てよ	어이! {6:20}! 기다려	
508:0170	{6:20}・・・お前、{6:19}地下組識、{n}ぞくに言うJLOに入ったってウワサは{n}本当なのか？	{6:20}…너, {6:19} 지하조직,{n}세간에서 말하는 JLO에 들어갔다는 소문이{n}사실이냐?	
508:0171	こんなとこで長話してるヒマはないんだ	이런 데서 긴 얘기 할 시간 없어	
508:0172	JLOが近くテロを起こすって話は・・・	JLO가 곧 테러를{n}일으킨다는 얘기는…	
508:0173	うるさい！{n}・・・あんたのこと、オレ、さそったよな。{n}でも あんたは来なかった。{n}あんたはコシヌケだ	시끄러워!{n}…너한테, 나, 권유했었잖아.{n}근데 넌 안 왔지.{n}넌 겁쟁이야	
508:0174	・・・手に持ってるのは何だ？	…손에 든 건 뭐야?	
508:0175	・・・ビラニウムさ。{n}地下鉱山からくすねてきた	…비라니움이야.{n}지하 광산에서 훔쳐 왔어	
508:0176	ビラニウムを！？ なんてことを・・・	비라니움을!? 무슨 짓을…	
508:0177	これと交換に すげえ武器を{n}つごうしてくれる奴と待ち合わせてる{n}テロには武器が必要だからな	이거랑 교환으로 엄청난 무기를{n}마련해 주겠다는 놈이랑 만나기로 했어{n}테러에는 무기가 필요하니까	
508:0178	見つかったら殺されるぞ！	들키면 죽는다고!	
508:0179	何もしなくても、ここでは同じさ。{n}行くぜ。 コシヌケには用はないよ	아무것도 안 해도{n}여기선 마찬가지야.{n}간다. 겁쟁이한텐 볼일 없어	
508:0180	{6:20}・・・	{6:20}…	
508:0181	あれえ 武器ブローカーの奴{n}まだ来てねえな・・・	어라, 무기 브로커 녀석{n}아직 안 왔네…	
508:0182	くそ いつまで待たせる気だ・・・{n}武器を持ってアジトにもどらなきゃ{n}{6:30}さまに おこられちゃうよ	젠장, 언제까지{n}기다리게 할 셈이야…{n}무기를 갖고 아지트로 돌아가지 않으면{n}{6:30}님한테 혼나겠네	
508:0183	おそいぞ！ ・・・おっ！	늦었잖아! …어?	
508:0184	お前が・・・武器ブローカーか？	네가…무기 브로커냐?	
508:0185	そうよ 女は武器ブローカーを{n}やっちゃ ダメなのかしら？	그래, 여자는 무기 브로커를{n}하면 안 되는 거야?	
508:0186	・・・いや・・・そういうわけじゃ・・・	…아니…그런 게 아니라…	
508:0187	そんなことより{n}ビラニウムを持って来た？	그런 거보다{n}비라니움은 가져왔어?	
508:0188	ああ・・・{n}持って来たよ	아아…{n}가져왔어	
508:0189	とにかく{6:29}に事情を話して{n}ウーダノートについて聞いてみよう{n}人の命がかかってるんだ{n}{6:29}も協力してくれるだろう	아무튼 {6:29}한테 사정을 말하고{n}우다노트에 대해 물어보자{n}사람 목숨이 걸려 있어{n}{6:29}도 협력해 주겠지	
508:0190	・・・いや・・・オレの夢の中では{n}{6:29}は相当のワルだったぜ・・・{n}そうかんたんに・・・事は運ばねえな	…아니…내 꿈속에서는{n}{6:29}은 상당한 악당이었어…{n}그리 쉽게는…안 풀릴 거야	
508:0191	お前は 物事を 悪いほうに{n}考えがちだな	넌 일을 나쁜 쪽으로{n}생각하는 경향이 있구나	
508:0192	物事はな・・・{n}たいてい悪いほうに ころぶもんだ・・・{n}行くぜ	세상일이란…{n}대개 나쁜 쪽으로 굴러가는 법이지…{n}간다	
508:0193	君が{6:2}・ヤーか。{n}{6:4}{6:29}だ。{n}お近づきのしるしに あくしゅを{n}しようではないか	자네가 {6:2}・야인가.{n}{6:4} {6:29}이다.{n}친분의 표시로 악수를{n}하는 게 어떤가	
508:0194	・・・あくしゅは しない主義だ	…악수는 안 하는 주의다	
508:0195	それはそれは・・・ まあいい。{n}それにしても 大変な目にあったな。{n}ケガはないのか	그거 참… 뭐 좋다.{n}그나저나 큰일을 겪었군.{n}다친 데는 없나?	
508:0196	実はケガ人が 一人いるんだ。{n}{6:3}にキャプチャーされて{n}死にかけてる	실은 부상자가 한 명 있다.{n}{6:3}한테 캡처당해서{n}죽어 가고 있어	
508:0197	それは大変だ・・・{n}すぐに手当をしなくては	그거 큰일이군…{n}바로 치료해야 할 텐데	
508:0198	医者ではダメだ。{n}{6:4}{6:29}、ウーダノートのことを{n}知ってるか？	의사로는 안 돼.{n}{6:4} {6:29}, 우다노트에 대해{n}아나?	
508:0199	ウ、ウーダノート？{n}さあ・・・何のことだね？	우, 우다노트? {n}글쎄…그게 뭔가?	
508:0200	そうか、いや、いいんだ	그런가, 아니, 됐다	
508:0201	・・・とにかく ケガ人は{n}港の医務室に運んでおこう{2}{7}それと 終身刑モンスターの{n}{6:42}の身がらも こちらでひきとる{n}とにかく ごくろうだった	…아무튼 부상자는{n}항구 의무실로 옮겨 두지{2}{7}그리고 종신형 몬스터{n}{6:42}의 신병도 이쪽에서 인수하겠다{n}아무튼 수고 많았다	
508:0202	そうそう・・・ {6:2}・ヤーとやら{n}実はね 今日は わたしの誕生日でね{n}町中で おまつりさわぎをして{n}お祝いをしてくれているんだ{2}{7}まあ 楽しんでいってくれたまえ	그래그래… {6:2}・야라고 했던가{n}실은 말이야, 오늘은 내 생일이라서{n}온 마을이 축제 소동을 벌이며{n}축하해 주고 있다네{2}{7}뭐… 즐기다 가게나	
508:0203	コラコラ ここは おめえみたいな{n}バウンティハンターは たち・{19:1}いり・{19:1}きん・{19:1}し・{19:1}だ{n}一歩た・{19:1}り・{19:1}とも 通しゃしねえ{n}なんてったって ここは・・・ヒック{2}{7}ここから先は 犯罪者以外は{n}入らせねえ・・・ヒック・・・わかったか{n}このバウンティハンターのゲスヤローが・・・{n}ウィー・・・{2}{7}だけどよ にいちゃん 今日はー{n}特別だ。 何といっても {6:29}さまの{n}お誕生日だからな ヒック どうだ！	어이 어이, 여긴 네놈 같은{n}바운티 헌터는 출・{19:1}입・{19:1}금・{19:1}지・{19:1}다{n}한 발・{19:1}짝・{19:1}도 못 지나간・{19:1}다{n}뭐니 뭐니 해도 여긴…히끅{2}{7}여기서부터는 범죄자 외에는{n}못 들어가…히끅…알았냐{n}이 바운티 헌터 자식이…{n}위이…{2}{7}근데 말이야 형씨, 오늘은ー{n}특별이야. 뭐니 뭐니 해도 {6:29}님{n}생신이니까 말이지 히끅, 어때!	
508:0204	オレのボトルを のみほしたら・・・{n}ここから先を通してやるぜ！ へへ・・・	내 보틀을 다 마시면…{n}여기서부터 지나가게 해 주지! 헤헤…	
508:0205	ふざけたヤローだ！{n}おれのボトルを のめねえのか？	장난하는 거냐!{n}내 보틀도 못 마셔?	
508:0206	{6:2}は {6:19}のボトルを 一気に{n}のみほしました。	{6:2}는 {6:19}의 보틀을 단숨에{n}다 마셔 버렸습니다.	
508:0207	こらスゲエや こんな強いボトルを{n}一気にのむなんて・・・ヒック{n}おめえ・・・アルコールがまわって{n}ぶったおれるぜ！ ・・・まあ いいや{2}{7}やくそくだ 通してやろう{n}よっぱらって暴れまわるなよ！	오오 대단한데, 이렇게 독한 보틀을{n}단숨에 마시다니…히끅{n}너…알코올이 돌면{n}쓰러질 거야! …뭐 됐어{2}{7}약속이다 통과시켜 주마{n}취해서 난동 부리지 마!	
508:0208	よっぱらって暴れまわるなよ！	취해서 난동 부리지 마!	
508:0209	うおおー {6:38}許してくれ{n}くそーてめえー {6:3}！！{n}うおおーオレが悪かった うおおおー ヒック{n}オレが オレが殺したんだよおおお！！	우오오ー {6:38} 용서해다오{n}제길ー 네놈ー {6:3}!!{n}우오오ー 내가 잘못했어 우오오오ー 히끅{n}내가 내가 죽인 거라고오오오!!	
508:0210	{6:2}！？ どうしたんだ！{n}こら 落ちつけ！	{6:2}!? 왜 그래! {n}이봐, 진정해!	
508:0211	やい！ バウンティハンターのバカ！{n}どうして ぼくの おとうちゃんを{n}つかまえたりしたんだよー{n}ぼくが ぼくが さびしいじゃないか{2}{7}バカ バカ バカ{n}おまえなんか やっつけてやる{n}えーん えーん えーん	야! 바운티 헌터 바보!{n}왜 내 아빠를{n}잡아간 거야ー{n}내가, 내가 외롭잖아{2}{7}바보 바보 바보{n}너 같은 거 혼내 줄 거야{n}으앙 으앙 으앙	
508:0212	{6:3} てめえ！{n}せせら笑ってやがるな！ ヒック{n}チクショー ぶっ殺してやる！	{6:3} 이 자식!{n}비웃고 있구나! 히끅{n}젠장, 죽여 버리겠어!	
508:0213	や、やめろ！ {6:2} 目をさませ！{n}相手は面会に来た 罪もない{6:43}だぞ！{n}おい！ 目をさませ！ {6:2}ッ！	그, 그만둬! {6:2} 정신 차려!{n}상대는 면회 온 죄 없는 {6:43}라고!{n}이봐! 정신 차려! {6:2}!	
508:0214	な、なんなんだ 今のは・・・{n}と、とにかく {6:43}が無事でよかった・・・{n}・・・うん？ ・・・リュ、{6:2}！{2}{7}ど、どうしたんだ その顔のキズは？{18}	뭐, 뭐였지 방금 그건…{n}어, 어쨌든 {6:43}가 무사해서 다행이야…{n}…응? …류, {6:2}!{2}{7}어, 어떻게 된 거야{n}그 얼굴 상처는?{18}	
508:0215	確かに見たやつが いるんだよ{n}あれは女だ。 女がキルバレー地帯に{n}まぎれこんでる	확실히 본 녀석이 있다고{n}그건 여자다. 여자가 킬밸리 지대에{n}숨어들었어	
508:0216	うそだ！{n}あそこに オレの許可なく入れるやつは いねえ！{n}しかも女なんかが	거짓말이야!{n}거기에 내 허가 없이 들어갈 놈은 없어!{n}게다가 여자 따위가	
508:0217	どっかから忍びこんだんだろう。{n}どうすんだ？ あそこの見はりは{n}お前の責任だぞ{2}{7}{6:29}にばれたら お前はヘイの中に{n}ぎゃくもどりだな{n}せっかく この町に出られたのにな ヘヘヘ	어딘가로 몰래 숨어든 거겠지.{n}어쩔 거야? 거기 감시는{n}네 책임이잖아{2}{7}{6:29}한테 들키면 넌 담장 안으로{n}다시 처넣어지겠군{n}모처럼 이 마을로 나왔는데 말이야 헤헤헤	
508:0218	わっ きたねえ！{n}なにすんだよ！	와, 더러워!{n}뭐 하는 거야!	
508:0219	オレをバカにするな{n}こんどはハナクソつけるぞ{n}ブタヤロー	날 바보 취급하지 마{n}이번엔 코딱지 붙일 테다{n}돼지 자식	
508:0220	なんだ てめえ？{n}バウンティハンターか？{n}なんで こんなところにいる{2}{7}まあいい オレは{6:25}だ{n}いっぱい おごろう{n}その{6:26}に話しかけな	뭐야, 너? {n}바운티 헌터냐?{n}왜 이런 데 있어{2}{7}뭐 됐다, 나는 {6:25}다{n}한잔 사지{n}그 {6:26}한테 말을 걸어 봐	
508:0221	へっ 礼なんか よせやい{n}ハンターと{6:19}が なかよくなっちゃ{n}世もすえって やつだぜ{n}はやく{6:26}に話しかけな	헤, 인사는 됐어{n}헌터랑 {6:19}가 친해지면{n}세상 말세라는 거지{n}빨리 {6:26}한테 말 걸어 봐	
508:0222	へっへっへっ{n}{6:29}さまの たのみごとだ{n}せいぜいがんばることだな	헤헤헤…{n}{6:29}님의 부탁이다{n}힘껏 애써 보라고	
508:0223	てめえ！ バウンティハンター！{n}オレに近づくな！{n}何しに来やがったんだ このクソッたれが{n}くそっ はきそうだ ウゲッゲゲゲー	이 자식! 바운티 헌터!{n}나한테 가까이 오지 마!{n}뭐 하러 온 거냐 이 개자식이{n}젠장, 토할 것 같아 우게게게ー	
508:0224	おめえが {6:3}を例した{6:2}・ヤー{n}・・・いや {6:2}・ヤーさんかい{n}ありがとう かんしゃするぜ あれは{n}オレのオフクロのかたきだったんだ{2}{7}オレがもっと強かったら・・・{n}オレの手で{6:3}を殺したかった・・・{2}{7}・・・なあ {6:2}さんよ{n}オレの妹とけっこんしねえか？{n}なかなか美人だぜ？{n}はながツンと上向いてさ	네가 {6:3}을 해치운 {6:2}・야{n}…아니, {6:2}・야 씨인가{n}고맙다, 감사해, 그놈은{n}내 어머니의 원수였어{2}{7}내가 좀 더 강했더라면…{n}내 손으로 {6:3}을 죽이고 싶었어…{2}{7}…그런데 {6:2} 씨{n}내 여동생이랑 결혼 안 할래?{n}꽤 미인이야?{n}코가 높아서 말이지	
508:0225	てめえみたいな バウンティハンターに{n}のますサケはねえ！ うせろ ゲスヤロー	너 같은 바운티 헌터한테{n}먹일 술 같은 건 없어! 꺼져 이 자식	
508:0226	{6:25}さんのおごりだ。{n}何でも好きなサケを言いな！	{6:25} 씨가 사는 거다.{n}아무거나 원하는 술 말해 봐!	
508:0227	お前に話することなんか ねえぜ！	너한테 할 말 같은 거 없어!	
508:0228	{6:2}！ やめとけ、サケは・・・{n}それより気になることを言ってたな{n}キルバレー地帯に女が忍びこんだとか・・・	{6:2}! 관둬, 술은…{n}그보다 신경 쓰이는 말을 했는데{n}킬밸리 지대에 여자가 숨어들었다느니…	
508:0229	どこにいるかと思ったら{n}ずいぶん 楽しんでいるようですな	어디 있나 했더니{n}꽤 즐기고 계시는군요	
508:0230	いや・・・なにしろ今日は{n}{6:29}の バースデーだそうで	아니…뭐니 뭐니 해도 오늘은{n}{6:29}의 생신이시라서	
508:0231	全く このめでたい日に{n}やっかいごとは こまるんだが	정말이지, 이 경사스러운 날에{n}골치 아픈 일은 곤란한데	
508:0232	何か あったんですか？	무슨 일 있었나요?	
508:0233	いやね、実は、はずかしい話だが{n}この島の{6:19}たちの一部がね、{n}テロ計画を進めているらしくてね	아니, 실은 부끄러운 얘기지만{n}이 섬의 {6:19} 중 일부가 말이야,{n}테러 계획을 진행하고 있는 모양이야	
508:0234	テロ？	테러요?	
508:0235	その組識に 実は{n}もはん囚までが くわわっていたことが{n}わかってね	그 조직에, 실은{n}모범수까지 가담해 있었다는 것이{n}밝혀져서	
508:0236	もはん囚までが？	모범수까지요?	
508:0237	で、{6:29}{n}それがどうしたっていうんですか	그래서, {6:29}{n}그게 어쨌다는 겁니까	
508:0238	うむ。 つい今しがたなんだが{n}{6:20}という その うらぎり{n}もはん囚が キルバレーに逃走したんだ{2}{7}そこで相談なんだが 一人で{n}一個師団なみの戦闘能力を持つという{n}バウンティハンターの君にね{n}その{6:20}を 捕らえてほしいんだ	음. 바로 방금인데{n}{6:20}이라는 그 배신한{n}모범수가 킬밸리로 도주했다{2}{7}그래서 상담인데, 혼자서{n}한 사단 급의 전투 능력을 가졌다는{n}바운티 헌터인 자네에게{n}그 {6:20}를 붙잡아 줬으면 하네	
508:0239	オレに？	나한테?	
508:0240	君しか たよるものはいないんだ{n}このまま{6:20}を逃がしてしまうと{n}いつ この島内部で テロ攻撃が{n}始まるか わかったもんじゃない・・・{2}{7}ああ・・・そうそう さっきの話の{n}ウーダノートってやつだがね・・・{n}ちょっと 気になることがあってね{2}{7}まあ・・・{n}君が{6:20}を捕まえたころには{n}思い出しているかもしれん{n}・・・では・・・たのんだぞ {6:2}	자네밖에 의지할 사람이 없네{n}이대로 {6:20}를 놓쳐 버리면{n}언제 이 섬 내부에서 테러 공격이{n}시작될지 알 수 없어…{2}{7}아, 그래그래, 아까 이야기한{n}우다노트라는 거 말인데…{n}좀 신경 쓰이는 게 있어서…{2}{7}뭐…{n}자네가 {6:20}를 잡을 즈음에는{n}기억해 낼지도 모르겠군{n}…그럼…부탁하네 {6:2}	
508:0241	まったく冗談じゃない。{n}{6:3}が脱走したあげく 殺されたのはいいが{n}目つきの悪いバウンティハンターが一匹{n}わしの島に上がって来おったわい{2}{7}わしの誕生日だというのに{n}たまったもんじゃない。 なあ{6:28}	정말이지 어이가 없군.{n}{6:3}이 탈주한 끝에 사살된 건 좋지만{n}눈매가 험악한 바운티 헌터 한 마리가{n}내 섬에 올라왔단 말이지{2}{7}내 생일인데{n}참을 수가 없구만. 안 그래 {6:28}	
508:0242	まったくです・・・{n}でも{6:29}は {6:3}が死んでくれて{n}内心 ホッとしておられるんじゃないですか？	정말입니다…{n}하지만 {6:29}도 {6:3}이 죽어 줘서{n}속으로는 안도하고 계신 거 아닙니까?	
508:0243	むむ・・・{n}さすがは{6:28}・・・頭がいいのう。{2}{7}あの{6:3}とかいう化物を わしの島に{n}入れるのは どうも気がすすまんかったのだ。{n}たとえ ただちにカーボン刑にするといえどもな	으음…{n}과연 {6:28}…머리가 좋구먼.{2}{7}그 {6:3}이라는 괴물을 내 섬에{n}들이는 건 영 내키지 않았거든.{n}설령 즉시 카본형에 처한다 해도 말이야	
508:0244	{6:29}にしては めずらしく弱気でしたな	{6:29}답지 않게 약한{n}소리를 하시는군요	
508:0245	いやいや・・・ まあ {6:3}も{n}死んでしまったのだから よいではないか{n}しかし あのバウンティハンター・・・{n}・・・気に入らんやつだ・・・	아니아니… 뭐 {6:3}도{n}죽어 버렸으니 됐지 않은가{n}하지만 그 바운티 헌터…{n}…마음에 안 드는 놈이야…	
508:0246	{6:4}さま！	{6:4}님!	
508:0247	なんだ	뭐냐	
508:0248	ただいま バウンティハンターの{n}{6:2}・ヤーが 逃走した{6:20}を追って{n}キルバレーに入りました	방금 바운티 헌터{n}{6:2}・야가 도주한 {6:20}를 쫓아{n}킬밸리에 들어갔습니다	
508:0249	よし・・・死の壁の方に誘いこめ	좋아…죽음의 벽 쪽으로 유인해라	
508:0250	まちがいなく 死の壁に{n}まよいこむはずです	틀림없이 죽음의 벽에서{n}헤매게 될 겁니다	
508:0251	よしよしよし・・・{n}バイオモンスターは{n}セッティングしたのか？	좋아좋아좋아…{n}바이오몬스터는{n}세팅했나?	
508:0252	はい {6:6}42号です{n}現在のところ 最も狂暴なやつです	네, {6:6} 42호입니다{n}현재로선 가장 흉포한 녀석입니다	
508:0253	よしよしよしよし・・・{n}{6:2}・ヤー・・・ 当局の飼犬めが。{n}{6:20}もろとも死ぬがよい	좋아좋아좋아좋아…{n}{6:2}・야… 당국의 개새끼 같으니.{n}{6:20}와 함께 죽어라	
508:0254	クククク・・・{n}{6:29}もワルですなあ	쿠쿠쿠쿠…{n}{6:29}도 참 못됐으시네요	
508:0255	ひきつづき {6:2}・ヤーをみはれ！{n}死んだら また報告しろ！	계속해서 {6:2}・야를 감시해라!{n}죽으면 또 보고해라!	
508:0256	はっ	네	
508:0257	ところで{6:50}の方は{n}どうなった？	그런데 {6:50} 쪽은{n}어떻게 됐나?	
508:0258	まったく行方がつかめません	전혀 행방을 못 잡고 있습니다	
508:0259	なんといまいましい！{n}もういい 持ち場にもどれ！	정말 짜증 나는군!{n}됐다, 자리로 돌아가!	
508:0260	は はい・・・	네, 넵…	
508:0261	バウンティハンターのやつ{n}来ないな・・・ フン 死んだら死んだで{n}それまでのヤツだということか・・・{n}{6:20}め まだまだ人を見る目がないな	바운티 헌터 녀석{n}안 오네… 흥, 죽었으면 죽은 대로{n}그걸로 끝인 녀석이었다는 거겠지…{n}{6:20} 녀석, 여전히 사람 보는 눈이 없군	
508:0262	な なんだ お前は！？{n}{6:29}の手先だな	뭐, 뭐야 넌!?{n}{6:29}의 앞잡이구나	
508:0263	くっ・・・ {6:29}にたのまれてな・・・{n}お前を 説得して連れて来いとな	큭… {6:29}한테 부탁받아서…{n}널 설득해서 데려오라고 말이야	
508:0264	バウンティハンターか・・・{n}新しい{6:19}を連行して来たわけだな・・・{n}ふふん・・・ お前 {6:29}にダマされてるぜ	바운티 헌터인가…{n}새로운 {6:19}를 연행해 왔다는 거군…{n}흐흥… 너, {6:29}한테 속고 있다고	
508:0265	・・・何！？	…뭐!?	
508:0266	このキルバレーは 看守も{n}追って来ねえほど 恐ろしい所だ{n}そんな所へ追跡をたのむなんて{n}おかしいと思わねえか	이 킬밸리는 간수도{n}쫓아오지 못할 만큼 무서운 곳이야{n}그런 곳으로 추적을 부탁한다니{n}이상하다고 생각 안 해?	
508:0267	オレはバウンティハンターだ。{n}どこまでもエモノを追って行く・・・	나는 바운티 헌터다.{n}어디까지든 사냥감을 쫓아간다…	
508:0268	そうだったな・・・ どうやら{n}聞く耳は 持ってないようだな{n}そんな頭のカタいやつには{n}話してもムダだ 行くぜ	그랬군… 아무래도{n}들을 생각은 없는 모양이군{n}그런 꽉 막힌 녀석한테는{n}말해도 소용없다, 가자	
508:0269	う、く く く・・・{n}強いな・・・お前・・・でも{n}な・・・なぜ みねうちしたんだ{n}はあ はあ はあ・・・ う、く、く・・・く	으, 크 크 크…{n}강하네…너…근데{n}왜…왜 칼등으로 친 거야{n}하아 하아 하아… 으, 크, 크…크	
508:0270	オレは 頭はやわらかいつもりだ{n}盗っ人にも三分の理って言うだろう	나는 머리는 유연한{n}편이라고 생각해{n}도둑놈한테도 삼분의 이유는 있다잖아	
508:0271	な、何のことだ	뭐, 뭔 소리야	
508:0272	さっき オレが{6:29}に{n}ダマされてるって言ったろう。{n}もう少し くわしく話してみろ	아까 내가 {6:29}한테{n}속고 있다고 말했지.{n}좀 더 자세히 말해 봐	
508:0273	そうか・・・う・・・{n}少しは・・・信じてくれたんだな	그런가…우…{n}조금은…믿어 주는 거구나	
508:0274	夢のお告げってやつさ	꿈의 계시 같은 거지	
508:0275	何だそれ	그게 뭔데	
508:0276	いや 気にするな・・・{n}それより {6:4}の話をしろ	아니 신경 쓰지 마…{n}그보다 {6:4} 얘기를 해라	
508:0277	わ、わかった・・・ じゃあ・・・{n}ちょっと待て	아, 알았어… 그럼…{n}잠깐 기다려	
508:0278	このまま進めば オレたち{n}JLOのアジトに出る。 そこで{n}オレたちのボス {6:30}さまに{n}会わせてやる 話はそれからだ{2}{7}JLOにたどりつくまでに{n}死ぬなよ。 {6:4}のやつ{n}しかけのパワーを上げてやがる。{n}なめてたら即 おだぶつだ{2}{7}じゃあな JLOで待ってるぜ	이대로 가면 우리{n}JLO 아지트가 나온다. 거기서{n}우리 보스 {6:30}님을{n}만나게 해 주지 얘기는 그다음이다{2}{7}JLO에 도착하기 전에{n}죽지 마라. {6:4} 그놈{n}장치의 파워를 올려놨어.{n}얕보면 바로 골로 간다{2}{7}그럼 JLO에서 기다리마	
508:0279	・・・来たか・・・{n}お前が {6:20}が言っていた{n}バウンティハンターか{n}・・・いい目をしてるな ふふん{2}{7}{6:20}を みねうちにして{n}くれたそうだな・・・	…왔군…{n}네가 {6:20}가 말했던{n}바운티 헌터냐{n}…눈빛이 좋군 흐흥{2}{7}{6:20}를 칼등으로 쳐서{n}기절시켰다며…	
508:0280	そうだ お前の子分の{6:20}も{n}いい目をしていたんでな{n}ついでに言っとく オレの名前は{n}{6:2}・ヤーだ	그래 네 부하인 {6:20}도{n}눈빛이 좋았거든{n}말이 나왔으니 내 이름은{n}{6:2}・야다	
508:0281	{6:30}さま！！	{6:30}님!!	
508:0282	どうした？！	무슨 일이냐?!	
508:0283	{6:4}が{n}研究所に向かったようです！	{6:4}이{n}연구소로 향한 모양입니다!	
508:0284	そうか わかった	그런가 알았다	
508:0285	で・・・その{6:4}に{n}オレが ダマされてるってのは{n}どういうわけだ？	그런데… 그 {6:4}한테{n}내가 속고 있다는 건{n}무슨 소리냐?	
508:0286	{6:4}はワルだ。{n}オレたち{6:19}を みな殺しにするつもりだ	{6:4}은 악당이다.{n}우리 {6:19}를 몰살시킬 작정이다	
508:0287	証明できるか？	증명할 수 있나?	
508:0288	できる。	할 수 있다.	
508:0289	ほう・・・ {6:30}とやら・・・{n}お前 ウーダノートについて知っているか？	호오… {6:30}라고 했나…{n}너 우다노트에 대해 아나?	
508:0290	ウーダノート？ ・・・お前{n}ただのバウンティハンターじゃないな	우다노트? …너{n}그냥 바운티 헌터가 아니군	
508:0291	そうだ。{n}夢見るバウンティハンターだ	그래.{n}꿈꾸는 바운티 헌터다	
508:0292	おい！ {6:20}は{n}どこへ行った？	어이! {6:20}는{n}어디로 갔지?	
508:0293	ダクトで待機中です	덕트에서 대기 중입니다	
508:0294	{6:2}・ヤーよ・・・{n}どういうわけかは知らんが{n}お前は ジェイラーズ島に来た。{n}そして {6:20}を殺さなかった。{2}{7}・・・オレはそこに運命を感じる	{6:2}・야여…{n}무슨 영문인지는 모르지만{n}너는 제이라즈 섬에 왔다.{n}그리고 {6:20}를 죽이지 않았다{2}{7}…거기서 나는 운명을 보았다	
508:0295	{6:4}の狂気の計画を{n}目のあたりにさせてやろう{n}そこの{6:19}から カギをもらって行け。{n}そこですべてがわかる{2}{7}ウーダノートについては{n}心あたりがある・・・{n}もどって来たら話そう	{6:4}의 광기 어린 계획을{n}직접 보여 주마{n}저기 {6:19}한테서 열쇠를 받아 가라.{n}거기서 전부 알게 될 거다{2}{7}우다노트에 대해서는{n}짚이는 데가 있다…{n}돌아오면 얘기해 주지	
508:0296	お 新入りか？{n}{6:30}さまに あいさつはすませたか？{2}{7}ねんのため 言っておくと{n}{6:30}さまとは そこにおられる{n}トラのような りっぱなすがたの方だ{n}そして われわれ JLOのリーダーなのだ{2}{7}このことは ヒミツだぞ！{n}誰にも 言っちゃいかん！{n}だが お前ら新入りには おしえないと{n}あいさつも ようせんからな	오 신입인가?{n}{6:30}님께 인사는 드렸나?{2}{7}만약을 위해 말해 두는데{n}{6:30}님은 거기 계신{n}호랑이 같은 늠름한 모습을 한 분이다{n}그리고 우리 JLO의 리더시다{2}{7}이건 비밀이다!{n}아무한테도 말하면 안 돼!{n}하지만 너희 신입들한테 안 가르쳐 주면{n}인사도 못 하니까 말이지	
508:0297	監獄城へ行くカギをやろう	감옥성에 가는 열쇠를 주마	
508:0298	ドアを開けて 階段をのぼると{n}いったん外に出る。{n}北に すこし行けば{n}デクスキャリバー監獄城が見える。{2}{7}そこに われわれの仲間が{n}一人いるはずだ。 そこまで行けば{n}後はそいつの指示にしたがえ。{n}その後は{6:20}が案内する	문을 열고 계단을 올라가면{n}일단 밖으로 나간다.{n}북쪽으로 조금 가면{n}덱스캘리버 감옥성이 보인다{2}{7}거기에 우리 동료가{n}한 명 있을 거다. 거기까지 가면{n}이후엔 그놈 지시를 따르도록.{n}그다음은 {6:20}가 안내한다	
508:0299	ほんとうに この液体は{n}生命をもっているのか？	정말로 이 액체는{n}생명을 지니고 있는 건가?	
508:0300	げんみつに言いますと{n}この液体だけでは 生命体とは{n}言えないでしょう・・・{2}{7}ただし 何か別のDNA生物体と{n}ゆうごうさせることによって いままでにない{n}生命体が誕生するのではないかと・・・	엄밀히 말하면{n}이 액체만으로는 생명체라고{n}할 수 없을 겁니다…{2}{7}다만 다른 DNA 생물체와{n}융합시키면 지금까지 없던{n}생명체가 탄생하지 않을까…	
508:0301	わたしはな、{6:28}	나는 말이다, {6:28}	
508:0302	はい	네	
508:0303	お前の その{n}「するのではないかと」という あいまいな{n}言い方が いちばんきらいなのだ。{2}{7}別のDNA生物体と ゆうごうさせれば{n}いいと そこまでわかっているなら{n}それを そく実験してみればいいではないか{2}{7}この島には イキのいいDNAサンプルが{n}くさるほどいるのだ	네 그 「그러지 않을까」 하는{n}애매한 말투가{n}가장 싫은 거다{2}{7}다른 DNA 생물체와 융합시키면{n}된다고 거기까지 알고 있다면{n}당장 실험해 보면 되지 않느냐{2}{7}이 섬에는 싱싱한 DNA 샘플이{n}썩어 넘칠 만큼 있다	
508:0304	わかっております しかし{n}めんみつな研究をしてからでないと・・・{2}{7}どのような 状態のときに{n}どのようにして どのような種族の{6:19}{n}いやDNAサンプルを ゆうごうさせればよいか{n}わかりません{2}{7}ウーダノートさえあれば{n}研究が一気にはかどると思うのですが・・・	알고 있습니다 하지만{n}면밀한 연구를 거치지 않고는…{2}{7}어떤 상태일 때{n}어떻게 해서 어떤 종족의 {6:19}{n}아니 DNA 샘플을 융합시켜야 할지{n}모르겠습니다{2}{7}우다노트만 있으면{n}연구가 단숨에 진척될 거라 생각합니다만…	
508:0305	そんなこと言っても{n}見つからないんだから{n}しょうがないではないか	그런 소리 해 봤자{n}찾을 수 없으니까{n}어쩔 수 없지 않으냐	
508:0306	{6:50}もウーダノートを{n}ねらっている以上 この島を出ることは{n}ありえません{2}{7}{6:29}はむしろ {6:50}に{n}ウーダノートを見つけさせたいのでは{n}ありませんか？	{6:50}도 우다노트를{n}노리고 있는 이상 이 섬을 나가는 건{n}있을 수 없습니다{2}{7}{6:29}님은 오히려 {6:50}에게{n}우다노트를 찾게 하고 싶으신 게{n}아닙니까?	
508:0307	そうそう、その通り。{n}{6:50}とウーダノートをまとめて{n}手に入れれば 手間がはぶけるからな{2}{7}{6:50}にウーダノートを{n}解読させて 古代ラビアンの秘法を{n}わがものにすれば・・・	그래그래, 바로 그거다.{n}{6:50}와 우다노트를 한꺼번에{n}손에 넣으면 수고를 덜 수 있으니까{2}{7}{6:50}에게 우다노트를{n}해독시켜서 고대 라비안의 비법을{n}내 것으로 만들면…	
508:0308	ビラニウムから生命をうみだすとは{n}・・・誰も考えまい・・・	비라니움에서 생명을 만들어 내다니{n}…아무도 생각 못 할 거야…	
508:0309	では たのんだぞ	그럼 부탁한다	
508:0310	来たな バウンティハンター！{n}こっちだ。 オレについて来い	왔구나 바운티 헌터!{n}이쪽이다. 나를 따라와라	
508:0311	早く {6:20}のとこに行きな	빨리 {6:20} 있는 데로 가라	
508:0312	どうやら 先客がいるぜ・・・{n}しかも 女だ・・・	아무래도 선객이 있는 모양이군…{n}게다가 여자다…	
508:0313	・・・いいケツしてやがる	…엉덩이 끝내주는군	
508:0314	ホントだ・・・	정말이네…	
508:0315	あの身のこなし・・・{n}女忍者だ・・・	그 몸놀림…{n}여자 닌자다…	
508:0316	くっ・・・同業者か・・・	큭…동업자인가…	
508:0317	何か不安だ・・・いそごう	왠지 불안한데…서두르자	
508:0318	この下だ	이 아래다	
508:0319	何だ・・・ここは	뭐야…여긴	
508:0320	{6:4}の研究所だ・・・{n}この 得体の知れない 緑色の液体で{n}いろいろ実験してやがる	{6:4}의 연구소다…{n}이 정체 모를 녹색 액체로{n}이것저것 실험하고 있군	
508:0321	何の実験だ・・・{n}とても 刑務所の{6:29}のしごととは{n}思えないな {6:2}	무슨 실험이지…{n}도무지 교도소 {6:29}의 일이라고는{n}생각되지 않는데 {6:2}	
508:0322	オレもそう思う・・・{n}確かにうさんくさいぜ・・・{n}・・・夢のお告げもあったしな{2}{7}{6:20}・・・わかった{n}お前らを信じよう・・・	나도 그렇게 생각해…{n}확실히 수상해…{n}…꿈의 계시도 있었고 말이야{2}{7}{6:20}…알았다{n}너희를 믿어 보마…	
508:0323	よし・・・{n}じゃあ {6:30}さまの所へもどろう！	좋아…{n}그럼 {6:30}님께 돌아가자!	
508:0324	どわあー！！{19:7}	으아아악!!{19:7}	
508:0325	あぶなかったな・・・{n}いったい何が起こったんだ！？	위험했다…{n}대체 무슨 일이 일어난 거지!?	
508:0326	{6:20}はどうした！？	{6:20}는 어떻게 됐지!?	
508:0327	しずんでこない・・・{n}うき上がりもしない・・・{n}この液体の比重は 生物体と{n}まったく同じだぞ！{2}{7}{6:20}の比重が{n}ワニと同じとしたら やく0、9・・・{n}だから・・・	가라앉지 않아…{n}떠오르지도 않고…{n}이 액체의 비중은 생물체와{n}완전히 똑같아!{2}{7}{6:20}의 비중이{n}악어와 같다면 약 0.9…{n}그러니까…	
508:0328	つべこべ理科のべんきょう{n}してんじゃねえ 何とか助けよう	쓸데없이 공부나{n}하고 있지 말고 어떻게든 구해	
508:0329	なな何だ お前は！？{n}わわたしの研究室に かってに何だ！？{n}ヒーヒヒヒヒヒ ちょうどいい{n}実験台にしてやる ヒヒヒヒー	무 무엇이냐 너는!?{n}내, 내 연구실에 멋대로 뭐 하는 거냐!?{n}히히히히히 마침 잘됐다{n}실험체로 삼아 주마 히히히히	
508:0330	{6:2}・ヤーさん{n}・・・ですね	{6:2}・야 씨{n}…맞죠	
508:0331	うっ・・・{n}そうですが・・・	음…{n}그런데…	
508:0332	ちょっと・・・{n}来てもらいましょうか	잠깐…{n}같이 좀 가 주실까요	
508:0333	液体内部でエネルギー発生・・・{n}33セルシウス・・・ 34セルシウス・・・{n}トランスファRNA活性がピークに・・・	액체 내부에서 에너지 발생…{n}33셀시우스… 34셀시우스…{n}전사 RNA 활성이 피크에…	
508:0334	細胞液流動の組識的パターンが{n}変動している・・・ いや・・・{n}新たなパターンが形成されつつある・・・{n}これは・・・メタモルフォーシス・・・	세포액 유동의 조직적 패턴이{n}변동하고 있다… 아니…{n}새로운 패턴이 형성되고 있다…{n}이건…변태…	
508:0335	DNA生物体・・・{n}これで必要なものは全部そろった	DNA 생물체…{n}이걸로 필요한 건 다 갖춰졌다	
508:0336	非常に高レベルの反応だ・・・{n}ビラニウムを どんどん吸収してる・・・{n}コントロール不能だ・・・	매우 높은 수준의 반응이다…{n}비라니움을 계속 흡수하고 있어…{n}제어 불능이다…	
508:0337	予定外のDNA・・・{n}予定外の事態だ・・・ 非常・・・事態・・・{n}こういう時は・・・思い出せない{n}どうすれば・・・思い出せない・・・{2}{7}・・・いや それどころじゃない{n}研究 研究しなくちゃ	예정 외의 DNA…{n}예정 외의 사태다… 비상…사태…{n}이럴 때는…기억이 안 난다{n}어떻게 해야…기억이 안 난다…{2}{7}…아니 그럴 때가 아니다{n}연구 연구해야 해	
508:0338	ここで ゆっくりと話を聞こう{n}{6:2}・ヤーさん・・・{n}では ・・・ごゆっくり	여기서 천천히 얘기 좀 듣지{n}{6:2}・야 씨…{n}그럼 …편히 쉬시게	
508:0339	あっ！？ ・・・{6:38}！？	앗!? …{6:38}!?	
508:0340	！？ {6:2} 知りあいか？	!? {6:2} 아는 사이냐?	
508:0341	？？ いや・・・それより・・・{n}さっきの女忍者も捕まってるぜ。{n}こいつは見ものだな	?? 아니…그보다…{n}아까 그 여자 닌자도 붙잡혀 있어.{n}이거 볼만하겠는데	
508:0342	う・・・く・・・く・・・	윽…크…크…	
508:0343	この部屋で{n}悲鳴を上げない女は初めてだ{n}最初のしつもんだ{n}名前を言え	이 방에서{n}비명을 지르지 않는 여자는 처음이다{n}첫 번째 질문이다{n}이름을 말해라	
508:0344	・・・シンデレラ	…신데렐라	
508:0345	この部屋で{n}{6:41}クを言う女は初めてだ{n}ちょっと待て	이 방에서{n}{6:41}크를 하는 여자는 처음이다{n}잠깐 기다려	
508:0346	つぎは男か{n}この部屋に来た男は621人めだ{n}おとなしく じゅんばんを待ってろ	다음은 남자인가{n}이 방에 온 남자는 621번째다{n}얌전히 순서를 기다려라	
508:0347	・・・もっと{n}・・・楽しいショーを見せてあげたら？	…더{n}…즐거운 걸 보여 주지 그래?	
508:0348	この部屋で{n}死にたがる女は二人めだ	이 방에서{n}죽고 싶어 하는 여자는 두 번째다	
508:0349	あたしを殺してしまったら{n}何も聞けないわよ・・・	나를 죽여 버리면{n}아무것도 못 알아낼걸…	
508:0350	この部屋に入った者は{n}今まで男女あわせて623人 だが{n}オレが聞きたいことを聞き出せなかった者は{n}・・・ひとりもいない{2}{7}そして 死にたいと{n}望まなかった者も ひとりもいない{n}・・・だが 決して死にはしない{n}では 始めよう	이 방에 들어온 자는{n}지금까지 남녀 합쳐 623명 하지만{n}내가 알고 싶은 걸 알아내지 못한 자는{n}…한 명도 없다{2}{7}그리고 죽고 싶다고{n}바란 자도 한 명도 없다{n}…하지만 절대로 죽지는 않는다{n}자 시작하지	
508:0351	・・・あ・・・ああ・・・{n}いや・・・うっ	…아…아아…{n}아니…윽	
508:0352	つぎのしつもんだ{n}この島に来た理由は？	다음 질문이다{n}이 섬에 온 이유는?	
508:0353	・・・う・・・く{n}・・・ピ・・・ピ	…우…윽{n}…피…피	
508:0354	はっきり言いたまえ	또렷하게 말해라	
508:0355	・・・う・・・ピ{n}・・・ピク{6:11}・・・ぐっ	…우…피{n}…피{6:11}…끅	
508:0356	この部屋で こんなに{n}つっぱる女は二人めだ{n}おそらく 体が二度と使い物にならない{n}二人めの女になるだろう	이 방에서 이렇게{n}뻣뻣하게 버티는 여자는 두 번째다{n}아마도 몸이 두 번 다시 쓸모없게 되는{n}두 번째 여자가 되겠지	
508:0357	う・・・ふふっ・・・くっ{n}・・・もっと・・・もっとしてよ・・・{n}いい気持ちよ・・・{n}う・・・く・・・く・・・ねえ・・・早く・・・ぐっ	우…후훗…끅{n}…더…더 해 줘…{n}기분 좋아…{n}우…윽…윽…있잖아…빨리…끅	
508:0358	この部屋で こんなに{n}すなおじゃない女は二人めだ{n}では 本気モードに移行する	이 방에서 이렇게{n}고분고분하지 않은 여자는 두 번째다{n}그럼 본격 모드로 들어간다	
508:0359	「非常事態発生 非常事態発生{n}研究室で非常事態発生	「비상사태 발생 비상사태 발생{n}연구실에서 비상사태 발생	
508:0360	ビ・・・ビラニウムをとられた	비…비라니움을 빼앗겼다	
508:0361	バ・・・バケモノだ	괴…괴물이다	
508:0362	な 何だ！{n}ど・・・どうなってるんだ	뭐 뭐야!{n}어, 어떻게 된 거야	
508:0363	今のは{6:20}だ{n}生体光スペクトルが一致した	방금 건 {6:20}다{n}생체광 스펙트럼이 일치했다	
508:0364	{6:20}が！？{n}あの液体に落ちて あんなバケモノに{n}{19:3}・・・どうやら地獄に来ちまったようだな{n}オレたちは・・・	{6:20}가!?{n}그 액체에 빠져서 저런 괴물로{n}{19:3}…아무래도 지옥에 와 버린 모양이군{n}우리는…	
508:0365	や、やはり{6:38}！	역시 {6:38}!	
508:0366	{6:38}だと？ おい{6:2}{n}何言ってるんだ {6:38}ってのは{n}{6:3}に殺されたんだろう	{6:38}이라고? 어이 {6:2}{n}무슨 소릴 하는 거야 {6:38}은{n}{6:3}한테 살해당했잖아	
508:0367	オレの邪魔をするつもりか{n}邪魔をされるのは初めてだ{n}・・・殺してやる	내 방해를 할 셈이냐{n}방해받는 건 처음이다{n}…죽여 주마	
508:0368	{6:38}！ おい！{n}わからないのか！？ オレだ！！{n}{6:2}だよ！ ・・・お前・・・{n}生きてたのか・・・	{6:38}! 이봐!{n}모르겠냐!? 나다!!{n}{6:2}라고! …너…{n}살아 있었구나…	
508:0369	お前は・・・邪魔者だ・・・{n}殺してやる・・・	너는…방해물이다…{n}죽여 주마…	
508:0370	おい、なんだその目は。{n}オレだよ。 {6:2}だよ！	이봐, 그 눈은 뭐야.{n}나라고. {6:2}라고!	
508:0371	{6:2}。 こいつの頭を{n}よく見てみろ	{6:2}. 이 녀석 머리를{n}잘 봐라	
508:0372	え！？	에!?	
508:0373	何か所も ぬいあわせた{n}あとがある	여러 군데{n}꿰맨 자국이 있다	
508:0374	人造人間・・・か	인조인간…인가	
508:0375	お前を・・・殺してやる	너를…죽여 주마	
508:0376	目をさましてくれ{6:38}！？	정신 차려라 {6:38}!?	
508:0377	ムダだ・・・ こいつは{n}すがたは{6:38}でも 中身はちがう。{n}{6:2} まどわされるな	소용없어… 이 녀석은{n}겉모습은 {6:38}이지만 속은 다르다.{n}{6:2} 현혹되지 마라	
508:0378	く・・・{n}うおおおおっ！	크…{n}우오오오오옷!	
508:0379	・・・{6:38}。・・・{6:38}	…{6:38}. …{6:38}	
508:0380	{6:2}。 いいんだ。{n}これでよかったんだ	{6:2}. 괜찮다.{n}이걸로 됐다	
508:0381	・・・オレは・・・一日だって{n}お前のことを 忘れた日は無かった。{n}・・・{6:16}も {6:15}も{n}{6:13}だって・・・	…나는…하루도{n}너를 잊은 적이 없었다.{n}…{6:16}도 {6:15}도{n}{6:13}도…	
508:0382	{6:2}・・・	{6:2}…	
508:0383	・・・何なんだ この島は・・・{n}この島の中で 一体何をやろうってんだ{n}{6:4}は 何をたくらんでるんだ！！	…도대체 뭐냐 이 섬은…{n}이 섬 안에서 대체 뭘 하려는 거냐{n}{6:4}은 뭘 꾸미고 있는 거냐!!	
508:0384	{6:2}！ あのラビアンの{n}女忍者が 何か知ってるかもしれないぞ！	{6:2}! 그 라비안{n}여자 닌자가 뭔가 알고 있을지도 몰라!	
508:0385	おい！！ 女忍者！{n}だいじょうぶか？	이봐!! 여자 닌자!{n}괜찮아?	
508:0386	・・・・・・	……	
508:0387	オレは ラジーン国の{n}バウンティハンター {6:2}・ヤーだ。{n}まあ 同業者ってところだな	나는 라진 국의{n}바운티 헌터 {6:2}・야다.{n}뭐 동업자인 셈이지	
508:0388	バウンティハンターと{n}いっしょにしないで	바운티 헌터랑{n}한패로 취급하지 마	
508:0389	ずいぶん カンにさわる言い方{n}してくれるじゃねえか	꽤나 신경 거슬리는 말투로{n}말해 주는군	
508:0390	バウンティハンターが{n}こんなとこで何してるのよ	바운티 헌터가{n}이런 데서 뭐 하는 거야	
508:0391	お前には関係ない。{n}お前こそ何してる	너랑은 상관없어.{n}너야말로 뭐 하는 거냐	
508:0392	ここにいるとヤバいな	여기 있으면 위험한데	
508:0393	さっきのバケモノも{n}ウロついてるぞ{n}ウーダノートの件もあるし・・・	아까 그 괴물도{n}돌아다니고 있고{n}우다노트 건도 있고…	
508:0394	ウーダノート？	우다노트?	
508:0395	お前 何か知ってるな	너 뭔가 알고 있군	
508:0396	{6:2} 早く{n}この監獄城を出よう。	{6:2} 빨리{n}이 감옥성을 나가자.	
508:0397	この女忍者はどうする？	이 여자 닌자는 어떻게 할 거야?	
508:0398	そのイスのロックは{n}かんたんに はずれそうにない。{n}かついで連れていくか{n}見殺しにするかだ	저 의자의 잠금장치는{n}간단히 풀릴 것 같지 않아.{n}짊어지고 데려갈 건지{n}죽게 내버려둘 건지다	
508:0399	ところで女忍者{n}名前は何ていうんだ？	그런데 여자 닌자{n}이름이 뭐지?	
508:0400	せっかく助けてやってるんだ。{n}名前くらい おしえてくれよ	모처럼 구해 주고 있잖아.{n}이름 정도는 알려 줘	
508:0401	こうなったのも あたしの運命。{n}ほうっておいて さっさと逃げていいわよ	이렇게 된 것도 내 운명.{n}내버려 두고 얼른 도망쳐도 돼	
508:0402	・・・ちょっと待って	…잠깐 기다려	
508:0403	なんだ。{n}名前を名のる気になったのか？	뭐냐.{n}이름을 밝힐 마음이 생긴 거냐?	
508:0404	ブルーローズの香り・・・	블루로즈 향기…	
508:0405	ブルーローズ？	블루로즈?	
508:0406	お前の持ってるアイテムのことだ。{n}たしかに いいにおいがするな	네가 들고 있는 아이템 말이다.{n}확실히 좋은 냄새가 나는군	
508:0407	なんで あなたが{n}ブルーローズを持ってるの？	어째서 당신이{n}블루로즈를 가지고 있는 거야?	
508:0408	それはこっちが聞きてえぜ。{n}・・・で・・・名前はなんなんだって？	그건 내가 묻고 싶은데.{n}…그래서…이름이 뭐라고?	
508:0409	・・・{6:5}	…{6:5}	
508:0410	{6:5}か・・・{n}どっかで聞いたことがあるな{n}・・・思い出せねえが・・・	{6:5}인가…{n}어디선가 들어본 적이 있는데{n}…기억이 안 나지만…	
508:0411	思い出したぜ	기억났다	
508:0412	何だいきなり	갑자기 뭔데	
508:0413	オレの夢に出て来た女・・・{n}そいつの名前も{6:5}だったような{n}気がする	내 꿈에 나왔던 여자…{n}그 녀석 이름도 {6:5}였던 것{n}같은 느낌이 든다	
508:0414	夢？	꿈?	
508:0415	そうか・・・{n}オレの夢でも女は出て来たが{n}・・・名前はわすれた	그래…{n}내 꿈에도 여자가 나왔는데{n}…이름은 잊어버렸다	
508:0416	・・・そういえば{n}その夢の中の女は・・・{n}もしも ちがう人生があれば・・・{n}とか言ってたぜ	…그러고 보니{n}그 꿈속의 여자는…{n}만약 다른 인생이 있다면…{n}같은 말을 했었지	
508:0417	・・・ちがう人生？	…다른 인생?	
508:0418	それが 今 この人生だったりしてな	그게 지금 이 인생이거나{n}한 걸지도	
508:0419	かわりばえのしねえ人生だぜ	변함없는 인생이로군	
508:0420	・・・ねえ	…있잖아	
508:0421	ん？ 何だ	응? 왜	
508:0422	どうして私を助けてくれるの？{n}何の得にもならないのに	왜 나를 도와주는 거야?{n}아무런 득도 안 되는데	
508:0423	オレは 損得だけで{n}動いているわけじゃねえ	나는 득실만으로{n}움직이는 게 아니다	
508:0424	・・・じゃあ何で？	…그럼 왜?	
508:0425	・・・助けたいだけさ	…돕고 싶을 뿐이야	
508:0426	あなた・・・名前は？	당신…이름은?	
508:0427	・・・{6:2}・ヤーだ	…{6:2}・야다	
508:0428	・・・{6:2} もういいわよ{n}あたしを ここにおいて行っても・・・	…{6:2} 이제 됐어{n}나를 여기 두고 가도…	
508:0429	オレは ちゅうとハンパはキライだ	나는 어중간한 건 질색이다	
508:0430	・・・言うわね	…말은 잘하네	
508:0431	かっこいいだろ	멋있잖아	
508:0432	自分で言うな	자기 입으로 말하지 마	
508:0433	・・・もし あたしが助かったら{n}借りは必ず返すわ	…혹시 내가 살아남으면{n}빚은 반드시 갚을게	
508:0434	倍返しでたのむ	갑절로 갚아 줘	
508:0435	何よ！ やっぱり損得じゃないの！	뭐야! 역시 득실 따지는 거잖아!	
508:0436	冗談のわからねえ{n}委員長タイプだ	농담도 못 알아듣는{n}반장 타입이군	
508:0437	女忍者に{6:41}クは通じないよ	여자 닌자한테 {6:41}크는 안 통해	
508:0438	バカにしないで💢	바보 취급하지 마💢	
508:0439	おー おこってるぜ	오ー 화났네	
508:0440	ありがとう・・・ {6:2}	고마워… {6:2}	
508:0441	この借りは必ず返してくれ	이 빚은 반드시 갚아 줘	
508:0442	今すぐでもいいわよ。{n}望みは何？	지금 당장이라도 좋아.{n}바라는 게 뭐야?	
508:0443	ウーダノートを知ってるか？	우다노트를 알고 있나?	
508:0444	！？ ウーダ？・・・	!? 우다?…	
508:0445	ウーダはラビアン国の伝説の騎士。{n}おまえはラビアンの忍者。{n}何か知っているだろう？	우다는 라비안 국의 전설의 기사.{n}너는 라비안의 닌자.{n}뭔가 알고 있겠지?	
508:0446	・・・いいわ。{n}こっちへ来て	…좋아.{n}이쪽으로 와	
508:0447	あなたたちの言う通り{n}ウーダノートのことは よく知っているわ	너희 말대로{n}우다노트에 대해서는 잘 알고 있어	
508:0448	どこだ？ どこにあるんだ？	어디냐? 어디에 있는 거냐?	
508:0449	{6:4}の家よ	{6:4}의 집이야	
508:0450	{6:4}の家？	{6:4}의 집?	
508:0451	{6:4}が{n}今 使っている家は もともと{n}この島が ラジーン国の属州だったころ{n}ラビアン大使館だったの{2}{7}その後 かずかずの戦争をへて{n}ラビアン大使館にあった 美術品は{n}消えてしまった・・・{2}{7}でも 私たちの調査では{n}美術品は今でも あの大使館・・・そう{n}{6:4}の家に眠っているはず・・・{2}{7}ウーダノートは 特にその中でも{n}貴重品よ。 いずれ私の仲間が・・・{n}・・・私の・・・	{6:4}이{n}지금 쓰고 있는 집은 원래{n}이 섬이 라진 국의 속주였던 시절{n}라비안 대사관이었어{2}{7}그 후 수많은 전쟁을 거치며{n}라비안 대사관에 있던 미술품은{n}사라져 버렸어…{2}{7}하지만 우리 조사로는{n}미술품은 지금도 그 대사관…그래{n}{6:4}의 집에 잠들어 있을 거야…{2}{7}우다노트는 특히 그중에서도{n}귀중품이야. 언젠가 내 동료가…{n}…내…	
508:0452	どうした{6:5}	왜 그래 {6:5}	
508:0453	・・・いえ・・・ とにかく{n}ウーダノートは{6:4}の家に{n}あるわ・・・ ただし警備は死ぬほど厳重よ	…아니…아무튼{n}우다노트는 {6:4}의 집에{n}있어… 다만 경비는 죽을 만큼 삼엄해	
508:0454	望むところだ	바라던 바다	
508:0455	・・・こっちへ来て	…이쪽으로 와	
508:0456	このダクトから 排水溝に入れるわ。{n}排水溝は{6:4}の家まで続いている{n}はず。 家の奥の金庫にきっとあるわ・・・{n}保証はできないけど・・・ それと・・・{2}{7}ウーダノートは 全てラビアン文字で{n}書かれているの。 あなたには読めないわ。{n}もし あなたが手に入れることができたら{n}・・・私が読んであげる。{2}{7}助けてくれた借りはそれで返す・・・{n}じゃあ・・・ この場所でまた会いましょう。{n}私は私の任務があるから	이 덕트로 배수구에 갈 수 있어.{n}배수구는 {6:4}의 집까지 이어져 있을{n}거야. 집 안쪽의 금고에 분명 있을 거야…{n}장담은 못 하지만… 그리고…{2}{7}우다노트는 전부 라비안 문자로{n}쓰여 있어. 넌 못 읽을 거야.{n}혹시 네가 손에 넣게 되면{n}…내가 읽어 줄게.{2}{7}구해 준 빚은 그걸로 갚을게…{n}그럼… 이 장소에서 다시 만나자.{n}난 내 임무가 있으니까	
508:0457	わかった・・・また会おう	알았어…또 보자	
508:0458	・・・待って・・・	…잠깐…	
508:0459	これはラビアン流のおまじない。{n}戦いの神があなたを守るように。	이건 라비안식 부적이야.{n}싸움의 신이 널 지켜 주도록.	
508:0460	いきなり・・・{n}びびらせるな {6:5}	갑자기…{n}놀라게 하지 마 {6:5}	
508:0461	ふふっ。{n}それじゃあ 私がかがむから{n}ダクトに入って	후훗.{n}그럼 내가 숙일 테니까{n}덕트로 들어가	
508:0462	・・・気をつけて。	…조심해.	
508:0463	早く兼ってよ・・・	빨리 와줘…	
508:0464	ホログラムはあらわれない{n}何も伝えることはないようだ	홀로그램이 나타나지 않는다{n}전할 게 없는 모양이다	
508:0465	待て！ ここから先は{n}立ち入りきんし、ぜったい不可侵の{n}せいいきだ！{2}{7}この{6:55}が{n}守っている以上、{6:4}{6:29}の{n}金庫には 指一本ふれさせん！	기다려! 여기서부터는{n}출입 금지, 절대 불가침{n}구역이다!{2}{7}이 {6:55}가{n}지키고 있는 이상, {6:4} {6:29}의{n}금고에는 손가락 하나 못 대게 하겠다!	
508:0466	{6:55}って・・・{n}キンコガードのまちがいじゃねえのか	{6:55}라니…{n}킨코가드를 잘못 말한 거 아니냐	
508:0467	ふん！{n}そう言うと思った！	흥!{n}그럴 줄 알았다!	
508:0468	ざ・・・ざんねんながら・・・{n}そ・・・そちらへは・・・行けないわ{n}・・・予想外に・・・{n}てまどっちゃって ごめんなさい{2}{7}もし・・・よかったら・・・{n}こっちへ来て	아…아쉽지만…{n}그…그쪽으로는…못 가{n}…예상외로…{n}시간이 걸려서 미안해{2}{7}혹시…괜찮다면…{n}이쪽으로 와	
508:0469	・・・こっちへ来て・・・だと・・・{n}勝手な女だ	…이쪽으로 와…라니…{n}제멋대로인 여자로군	
508:0470	いいじゃねえか。{n}かわいいやつだぜ いっちょ行ってやるか	괜찮잖아.{n}귀여운 녀석이군 한번 가 볼까	
508:0471	かわいい？・・・{n}・・・人間の心理は よくわからんね	귀엽다고?…{n}…인간의 심리는 잘 모르겠군	
508:0472	おっと。{n}ようやく追いついたようだ	오.{n}드디어 따라잡은 모양이다	
508:0473	おい！ {6:5}	이봐! {6:5}	
508:0474	・・・{6:2}！？{n}ウーダノートを見つけたのね？	…{6:2}!?{n}우다노트를 찾아낸 거지?	
508:0475	何！？	뭐!?	
508:0476	・・・女ねずみか。{n}何しに来た？ ふふん どうせ{n}ビラニウムを盗みに来たんだろう{2}{7}よーし 上げろ	…계집 쥐새끼인가.{n}뭐 하러 왔지? 흐흥 어차피{n}비라니움을 훔치러 왔겠지{2}{7}좋아 올려라	
508:0477	{6:4}さま！{n}監獄侵入罪の 女忍者を一匹 捕まえました{n}いかがいたしましょう？	{6:4}님!{n}감옥 침입죄를 지은 여자 닌자 한 마리{n}붙잡았습니다 어떻게 할까요?	
508:0478	わしの島に忍びこむとは{n}どきょうのある女だな。{n}名前は何という？	내 섬에 숨어들다니{n}배짱 있는 여자로군.{n}이름이 뭐냐?	
508:0479	ジャスミンよ	재스민이야	
508:0480	ふざけたことを。 まあよい。{n}悪いが わしは君の相手をしているほど{n}ヒマではない。{2}{7}ここまで侵入できたことを{n}ほこりに思って死ぬがよい。{n}アディオス アミーゴ ジャスミン。	건방진 소리를. 뭐 됐다.{n}미안하지만 내가 네 상대를 할 만큼{n}한가하지 않아서 말이야{2}{7}여기까지 침입한 걸{n}자랑스레 여기며 죽으려무나.{n}아디오스 아미고 재스민.	
508:0481	{6:4}！！{n}ウーダノートは いただいたわよ	{6:4}!!{n}우다노트는 내가 받았어	
508:0482	な 何！？	뭐, 뭐라고!?	
508:0483	くそ。 どこまで行けば{n}{6:5}に追いつくんだ	젠장. 어디까지 가야{n}{6:5}를 따라잡는 거야	
508:0484	くそ。 どこまで行けば{n}{6:49}に追いつくんだ	젠장. 어디까지 가야{n}{6:49}를 따라잡는 거야	
508:0485	女は追えば逃げる。{n}それは昔からの定説だ	여자는 쫓으면 도망간다.{n}예로부터 정설이지	
508:0486	何いってんだ バカ💢	뭔 소리냐 바보야💢	
508:0487	あれは{6:20}！	저건 {6:20}!	
508:0488	生体光スペクトルが青にシフトしてる！{n}{6:20}は何かに反応しているぞ！？	생체광 스펙트럼이{n}파랑으로 바뀌고 있어!{n}{6:20}가 뭔가에 반응하고 있어!?	
508:0489	・・・ビラニウムか！？	…비라니움인가!?	
508:0490	な 何だ あのバケモノは{n}ほ 報告がないぞ！ {6:37}	뭐 뭐야 저 괴물은{n}보…보고가 없잖아! {6:37}	
508:0491	は はい。 い いえ{n}実は さきほど 研究室でさわぎが	네 넵. 아 아니{n}실은 조금 전 연구실에서 소동이	
508:0492	ヤバイぜ こりゃ	위험한데 이거	
508:0493	こ ここは お前にまかせたぞ{n}{6:37}	여, 여긴 너한테 맡기마{n}{6:37}	
508:0494	え？	네?	
508:0495	たのんだぞ。{n}わしは さっきの女に聞きたいことがある	부탁했다.{n}난 아까 그 여자한테 물어볼 게 있다	
508:0496	たのんだぞ。{n}わしは {6:49}に おしおきを{n}してこなけりゃならん	부탁했다.{n}난 {6:49}를 혼내러{n}가야 해	
508:0497	{6:4}は ひでえヤローだ{n}バケモノを部下におしつけやがって	{6:4}은 지독한 자식이군{n}괴물을 부하한테 떠넘기다니	
508:0498	たいていの悪者はそういうものだ	어지간한 악당은 다 그런 법이지	
508:0499	バ バウンティハンター？{n}つぎからつぎへと オレの仕事を{n}ふやしやがる{2}{7}バケモノは 後回しだ。{n}まずは お前から かたづけてやる	바, 바운티 헌터?{n}연이어 내 일거리를{n}늘려 주는군{2}{7}괴물은 뒤로 미루지.{n}우선은 너부터 처리해 주마	
508:0500	女忍者。 お前がラビアンの者とは{n}わしも うかつだった。{n}さあ ウーダノートをわたしてもらおうか。{n}ドロボウネコめ 早くよこせ	여자 닌자. 네가 라비안인이란 걸{n}나도 방심했군.{n}자 우다노트를 넘겨받을까.{n}도둑고양이 같으니 빨리 내놔라	
508:0501	あなたも刑務所の{6:29}のわりには{n}そうとうなバカね	당신도 교도소 {6:29}인 것치고는{n}상당한 바보네	
508:0502	そんな物は持ってないわ。{n}もちろん ウーダノートが この島の{n}どこかにあることくらいは 知ってるけど	그런 물건은 안 가지고 있어.{n}물론 우다노트가 이 섬{n}어딘가에 있다는 것 정도는 알지만	
508:0503	どこにあるんだ！？ 言えっ{n}このメスガキがっ	어디 있는 거냐!? 말해라{n}이 계집애가	
508:0504	知らないわよ。 知っていても{n}あんたなんかに おしえない	몰라. 알고 있어도{n}너 같은 놈한테는 안 알려줘	
508:0505	く くそっ！ 死ねえ！	젠 젠장! 죽어라!	
508:0506	くそ生意気な 小娘が！{n}わしのこの手で お前の右手を{n}切り落としてやる！	건방지게 당돌한 애송이가!{n}내 이 손으로 네 오른손을{n}잘라 주마!	
508:0507	あなたがたはドロボーよ！{n}人の国の大切な宝を 全部ぬすんだじゃない！	당신들이 도둑이잖아!{n}남의 나라 소중한 보물을 전부 훔쳐 갔잖아!	
508:0508	それはわしの責任ではない。{n}お前の国が 戦争で負けたからだ。{n}この世は強い者だけが生き残る・・・	그건 내 책임이 아니다.{n}네 나라가 전쟁에서 졌기 때문이다.{n}이 세상은 강한 자만이 살아남지…	
508:0509	負けるが勝ちってこともあるわ	지는 게 이기는 거란 말도 있어	
508:0510	わしの国にはない。{n}さあ かくごはいいかね 女忍者よ	내 나라엔 없다.{n}자 각오는 됐나 여자 닌자여	
508:0511	お前が探しているのはこれか？	네가 찾고 있는 게 이거냐?	
508:0512	おやおや これはバウンティハンター	이런 이런 이건 바운티 헌터로군	
508:0513	お前がほしいのは この{n}ウーダノートだろう！！{n}これをくれてやるから 女を放せ	네가 원하는 건 이{n}우다노트겠지!!{n}이걸 줄 테니 여자를 놔줘	
508:0514	{6:2}！ ダメ！！	{6:2}! 안 돼!!	
508:0515	見かけによらず フェミニストの{n}ようだな。 そのやさしさが そのうち{n}お前の命とりになるぞ	겉보기와 달리 페미니스트인{n}모양이군. 그 상냥함이 결국{n}네 목숨을 앗아갈 거다	
508:0516	大きなお世話だ。{n}目の前で 女のうでがちぎれるのを{n}見ていられるか	쓸데없는 참견이다.{n}눈앞에서 여자 팔이 뜯기는 걸{n}보고 있을 수 있겠냐	
508:0517	そうか。 わしなら見て見ぬふりを{n}する。 いかなるときも どうしたら{n}自分の得になるかを考える。 それが{n}わしを今の地位にしてくれた	그런가. 나라면 못 본 척할{n}거다. 어떤 때라도 어떻게 하면{n}내게 득이 될지를 생각하지. 그게{n}나를 지금의 지위에 올려 줬다	
508:0518	お前のじまんする地位ってのは{n}この監獄島の{6:29}になることか。{n}笑わせるぜ	네가 자랑하는 지위라는 게{n}이 감옥섬의 {6:29}이 되는 거냐.{n}웃기는군	
508:0519	うるさい！！ 本来なら わしは{n}こんな監獄島の{6:29}などという{n}つまらない地位にあまんじるような{n}生まれではないのだ{2}{7}そもそもこの島は わが{n}{6:4}家の領地だった{n}わしは その直系の子孫なんだぞ	시끄럽다!! 원래라면 나는{n}이런 감옥섬의 {6:29} 따위라는{n}하찮은 지위에 만족할{n}태생이 아니다{2}{7}애초에 이 섬은 우리{n}{6:4} 가문의 영지였다{n}나는 그 직계 자손이란 말이다	
508:0520	どいつもこいつも{n}家系にこだわりやがって	하나같이 다들{n}가문 타령이나 하고 말이야	
508:0521	何とでも言え！{n}わしはぜったいに{6:4}家を{n}再興する それがわしの夢だ！{n}さあ ウーダノートをよこせ！	뭐라 해도 좋다!{n}난 반드시 {6:4} 가문을{n}재흥한다 그게 내 꿈이다!{n}자 우다노트를 내놔라!	
508:0522	女からはなれろ	여자한테서 떨어져라	
508:0523	これでどうだ	이래도 안 떨어지겠냐	
508:0524	持ってけ	가져가라	
508:0525	{6:4}は{n}ウーダノートを手に入れた	{6:4}은{n}우다노트를 손에 넣었다	
508:0526	くくく・・・{n}これさえあれば・・・{n}わしはこれを長い間探していたのだ。{n}いったいどこにあったのだ？	크크크…{n}이것만 있으면…{n}나는 이걸 오랫동안 찾고 있었다.{n}대체 어디 있었던 거냐?	
508:0527	何言ってる てめえの家の金庫だ	무슨 소리야 네놈 집 금고잖아	
508:0528	・・・何！？{n}なぜ わしんちに？ 信じられない・・・{n}{19:4}・・・聞かなきゃよかった。 まあいい。{n}さらばだ。 せいぜいなかよくしろ	…뭐!?{n}왜 내 집에? 믿을 수 없군…{n}{19:4}…묻지 말 걸 그랬다. 뭐 됐다.{n}잘 가라. 사이좋게들 지내라	
508:0529	{6:2}・・・どうして。{n}せっかく手に入れたのに	{6:2}…왜.{n}모처럼 손에 넣었는데	
508:0530	ひとの命は 一度うしなえば{n}とり返せない。 ウーダノートなら{n}また とり返しゃいい。{n}それだけのことだ	사람 목숨은 한번 잃으면{n}되찾을 수 없어. 우다노트라면{n}다시 되찾으면 돼.{n}그뿐이야	
508:0531	{6:2}・・・・	{6:2}…	
508:0532	お礼とか言うなよ。{n}お前のクールな唇には にあわねえぜ	고맙다는 말은 하지 마.{n}네 쿨한 입술에는 안 어울려	
508:0533	クールな唇が 少しホットになったわ。{n}誰かのせいで・・・	쿨한 입술이 조금 핫해졌어.{n}누구 탓에…	
508:0534	お・・・お姉ちゃん{n}お姉・・・ちゃん・・・	어…언니{n}언…니…	
508:0535	こ この声は！！ {6:49}！！{n}{6:49}なの！？	이, 이 목소리는!! {6:49}!!{n}{6:49}이니!?	
508:0536	？ 誰だそれは	? 누구야 그게	
508:0537	妹よ	동생이야	
508:0538	・・・お・・・お姉ちゃん・・・{n}お姉ちゃん・・・助けて・・・	…어…언니…{n}언니…도와줘…	
508:0539	コ、{6:49}！！ どこにいるの！？{n}ねえ {6:49}！ {6:49}！！	동생, {6:49}!! 어디 있는 거야!?{n}있잖아 {6:49}! {6:49}!!	
508:0540	たしかに この部屋のどこかに{n}{6:49}がいるわ！ 感じるの{n}{6:49}を たしかに感じるの！	확실히 이 방 어딘가에{n}{6:49}가 있어! 느껴져{n}{6:49}를 확실히 느껴져!	
508:0541	確かに この部屋には何かしかけがある{n}ようだ。 部屋の4すみのオベリスクを見ろ。{n}ひとつだけ下に落ちてるだろ。 きっと{n}あれを台に兼せるとスイッチが入るんだ。	이 방에는 분명 뭔가 장치가 있는{n}모양이다. 방 네 구석의 오벨리스크를 봐라.{n}하나만 아래로 떨어져 있지. 분명{n}저걸 받침대에 올리면 스위치가 켜질 거다.	
508:0542	{6:49}。	{6:49}.	
508:0543	お、おね、えちゃん	어, 언, 니	
508:0544	探したの・・・ずっと探してたの	찾았어…계속 찾고 있었어	
508:0545	もう・・・会えないかとも・・・{n}いっしゅん思った・・・	이제…못 만나나 싶어서도…{n}순간 생각했어…	
508:0546	{6:5}。 お前の本当の目的は{n}{6:49}を助けだすことだったのか？	{6:5}. 네 진짜 목적은{n}{6:49}를 구해 내는 거였나?	
508:0547	そうよ・・・あたしの国は こういう{n}個人的な目的での任務は ありえない{n}前からずっと 妹がこの島にいるという{n}情報はあったのに 助けに行けなかった{2}{7}それに・・・	맞아…우리 나라는 이런{n}개인적인 목적의 임무는 있을 수 없어{n}예전부터 쭉 여동생이 이 섬에 있다는{n}정보는 있었는데도 구하러 갈 수 없었어{2}{7}게다가…	
508:0548	それに・・・何だ？	게다가…뭐?	
508:0549	{6:49}には {6:43}のころから{n}未来を予知する力があったの	{6:49}에게는 {6:43} 때부터{n}미래를 예지하는 힘이 있었어	
508:0550	予言師か	예언자인가	
508:0551	未来に起こることを・・・{n}ときどき夢に見るの	미래에 일어날 일을…{n}가끔 꿈에서 봐	
508:0552	夢か・・・{n}そういえば オレも・・・	꿈이라…{n}그러고 보니 나도…	
508:0553	{6:49}の予言は はずれたことが{n}なかった だから たぶん政府は{n}{6:49}を恐れてたんだと思う	{6:49}의 예언은 빗나간 적이{n}없었어 그래서 아마 정부는{n}{6:49}를 두려워했던 것 같아	
508:0554	どこの政府も同じようなもんだ	어느 나라 정부든{n}다 비슷한가 보군	
508:0555	{6:49}は 自分がさらわれることは{n}予知できなかったのか	{6:49}는 자기가 납치될 걸{n}예지하지 못했던 건가	
508:0556	う・・・う・・・わかってたわ。{n}そしてこの島のことも	우…우…알고 있었어.{n}그리고 이 섬에 대해서도	
508:0557	{6:49}！！ だったら何で！？	{6:49}!! 그런데 왜!?	
508:0558	必要だったの。{n}あたしが誘拐されるという事実が・・・{n}未来のために	필요했어.{n}내가 납치당한다는 사실이…{n}미래를 위해서	
508:0559	未来のために？	미래를 위해서?	
508:0560	う・・・う う・・・ううっ	우…우 우…으으윽	
508:0561	{6:49}！！{n}しっかりして {6:49}！！	{6:49}!!{n}정신 차려 {6:49}!!	
508:0562	{6:2} さっきの騎士の像のあった{n}部屋の 右がわの剣のところに来て。{n}あなたの役に立つ物をあげる	{6:2} 아까 그 기사 동상이 있던{n}방의 오른쪽 검이 있는 곳으로 와.{n}네게 도움이 될 걸 줄게	
508:0563	これはラビアンに伝わる{n}騎士の剣 ラビアンソード{n}キャプチャー能力がアップするわ	이건 라비안에 전해지는{n}기사의 검 라비안소드{n}캡처 능력이 올라가	
508:0564	この先にJLOアンダーシティがあるの。{n}JLOには仲間が一人 潜入している。{n}ひとまず{6:49}を そこへ連れていくわ。{2}{7}{6:2}もそこへ来て。{n}ウーダノートをとりもどすのを手伝うから	이 앞에 JLO 언더시티가 있어.{n}JLO에는 동료가 한 명 잠입해 있어.{n}일단 {6:49}를 그곳으로 데려갈게{2}{7}{6:2}도 그곳으로 와.{n}우다노트를 되찾는 걸 도와줄게	
508:0565	こちらへ来てください	이쪽으로 와 주세요	
508:0566	{6:2}・ヤー	{6:2}・야	
508:0567	{6:30}・・・	{6:30}…	
508:0568	もう オレたちのことは{n}信用してくれたか	이제 우리를{n}믿어 준 거냐	
508:0569	ああ・・・ あの{6:29}が{n}{6:20}をバケモノに変えちまったぜ	아아… 그 {6:29}이{n}{6:20}를 괴물로 바꿔 놨어	
508:0570	もう{6:20}ではない。{n}完全にバケモノになっちまった。{n}JLOの仲間も何人も殺された	이제 {6:20}가 아니다.{n}완전히 괴물이 돼 버렸다.{n}JLO 동료도 몇 명이나 살해당했어	
508:0571	JLOと 私たちは手を組んだわ。{n}目的はひとつ・・・{n}ウーダノートよ	JLO와 우리는 손을 잡았어.{n}목적은 하나…{n}우다노트야	
508:0572	ウーダノートには{n}あのバケモノを あの世に送る方法が{n}書いてある可能性が高い。{2}{7}ビラニウムについての{n}さまざまな研究報告を まとめた物なんだ	우다노트에는{n}저 괴물을 저승으로 보내는 방법이{n}쓰여 있을 가능성이 높아{2}{7}비라니움에 대한{n}다양한 연구 보고를 정리한 것이야	
508:0573	{6:3}にキャプチャーされた者を{n}救う方法もな	{6:3}에게 캡처당한 자를{n}구할 방법도 있고	
508:0574	誰か{6:3}にキャプチャーされたの	누가 {6:3}한테 캡처당했어	
508:0575	オレの弟だ。{n}今 港でねてる・・・{n}・・・ひどく弱っている	내 동생이다.{n}지금 항구에서 자고 있어…{n}…몹시 쇠약해져 있지	
508:0576	・・・それなのに なぜ！？{n}ウーダノートを・・・	…그런데도 왜!?{n}우다노트를…	
508:0577	いいんだ{6:5}。{n}それより{6:49}は だいじょうぶか	됐다 {6:5}.{n}그보다 {6:49}는 괜찮은 거냐	
508:0578	となりの たてもので休んでるわ{n}すい弱してるけど命にはべつじょうない	옆 건물에서 쉬고 있어{n}쇠약해졌지만 목숨에는 지장 없어	
508:0579	{6:5}・・・ {6:4}は{n}ラビアン文字を読めるのか？	{6:5}… {6:4}은{n}라비안 문자를 읽을 수 있나?	
508:0580	読めないはずよ	못 읽을 텐데	
508:0581	ヤツは何かたくらんでやがる{n}{6:30}！ クソ{6:29}のい場所はわかるか？	그놈 뭔가 꾸미고 있군{n}{6:30}! 그 빌어먹을 {6:29} 위치를 아나?	
508:0582	モニターで調べよう	모니터로 조사해 보자	
508:0583	ヤロー どこに向かってやがる	이 자식 어디로 가는 거야	
508:0584	{6:53}城だ・・・{n}・・・まさか {6:50}さまが{n}発見されたのか！？{2}{7}だとしたらやばい{n}ヤツはウーダノートを{n}{6:50}さまに読ませるつもりだ	{6:53}성이다…{n}…설마 {6:50}님이{n}발견된 건가!?{2}{7}그렇다면 큰일인데{n}그놈은 우다노트를{n}{6:50}님께 읽히려는 거다	
508:0585	{6:50}？ 誰だそりゃ	{6:50}? 누군데 그게	
508:0586	おれたちのボスだ。{n}{6:53}城の秘密のアジトに{n}かくれている	우리 보스다.{n}{6:53}성의 비밀 아지트에{n}숨어 있지	
508:0587	お父さん！？{n}お父さんもこの島に？{n}{6:30}！ その人はラビアン国の？	아버지!?{n}아버지도 이 섬에?{n}{6:30}! 그 사람 라비안 국 사람이야?	
508:0588	そうだ。{n}ラビアンの{6:50}だ	그래.{n}라비안의 {6:50}다	
508:0589	お お父さん！？ {6:4}が{n}お父さんのところに！ ああ{n}お父さん！？ 何でこんな島に・・・	아, 아버지!? {6:4}이{n}아버지가 있는 곳으로! 아아{n}아버지!? 어째서 이런 섬에…	
508:0590	おい {6:5}！	이봐 {6:5}!	
508:0591	・・・行っちまったぜ	…가 버렸군	
508:0592	{6:50}さまは{n}{6:29}の野望をはばむため JLOをはなれ{n}一人でウーダノートを追っておられたのだ{2}{7}{6:53}城の秘密のアジトで{n}ウーダノートのてがかりを探していたのだ{n}・・・ウーダノートと ビラニウムが{n}関係あるのは 知っているだろう？{2}{7}{6:2} 弟を救いたければ{n}{6:53}城に行って {6:50}さまに{n}会うんだ ウーダノートを読めるのは{n}あの方だけだ{2}{7}いや・・・ {6:50}さまの{n}おじょうさんなら あの{6:5}さんも{n}読めるだろうか・・・	{6:50}님은{n}{6:29}의 야망을 막기 위해 JLO를 떠나{n}홀로 우다노트를 쫓고 계셨던 거다{2}{7}{6:53}성의 비밀 아지트에서{n}우다노트의 단서를 찾고 있었다{n}…우다노트와 비라니움이{n}관계가 있다는 건 알고 있겠지？{2}{7}{6:2} 동생을 구하고 싶다면{n}{6:53}성에 가서 {6:50}님을{n}만나라 우다노트를 읽을 수 있는 건{n}그분뿐이다{2}{7}아니… {6:50}님의{n}따님이라면 그 {6:5}씨도{n}읽을 수 있을까…	
508:0593	・・・いやな予感がする{n}{6:2} {6:53}にいそぐんだ{n}{6:50}さまを探せ	…불길한 예감이 든다{n}{6:2} {6:53}로 서두르는 거다{n}{6:50}님을 찾아라	
508:0594	彼の名前は{6:62}。{n}まだセリフがありません。	그의 이름은 {6:62}。{n}아직 대사가 없습니다。	
508:0595	て・・・てめえ・・・？{n}それに そのトリ・・・？	너…너…？{n}게다가 그 새…？	
508:0596	オレはトリじゃない。{n}{6:12}だ	난 새가 아니다。{n}{6:12}이다	
508:0597	なんだ？ オレを知ってるのか	뭐냐？ 날 아는 거냐	
508:0598	いや知らねえ	아니 몰라	
508:0599	何だよ！	뭐야！	
508:0600	夢・・・夢に出て来た{n}その夢の中で・・・オレは・・・	꿈…꿈에 나왔었어{n}그 꿈속에서…난…	
508:0601	こいつも夢か！？	이것도 꿈이냐！？	
508:0602	夢で・・・オレは・・・{n}緑色の バケモノに・・・ てめえ{n}バケモノの関係者だな チキショー{n}二度とあんな目にあってたまるか！	꿈속에서…난…{n}초록색 괴물에게… 너{n}괴물 관계자구나 젠장{n}두 번 다시 그런 꼴 당하나 봐라！	
508:0603	おそかったわ・・・	늦었구나…	
508:0604	ブルーローズ！？	블루 로즈！？	
508:0605	父が残したものだわ。 ただ{n}これは古いタイプだから対話通信はできない{n}・・・残されたメッセージを聞くことしか	아버지가 남긴 거야。 다만{n}이건 구형이라서 양방향 통신은 안 돼{n}…남겨진 메시지를 듣는 것밖에	
508:0606	とにかく聞いてみよう	일단 들어 보자	
508:0607	私は{6:50}ー！	나는 {6:50}ー！	
508:0608	お・・・お父さん・・・あたしよ	아…아빠…저예요	
508:0609	対話通信は無理なんだろう？{n}聞くしかねえぞ	양방향 통신은 무리잖아？{n}들을 수밖에 없다고	
508:0610	私は・・・{6:4}に{n}らちされた。 {6:4}は わが{n}ラビアン国の宝である ウーダノートを{n}手に入れてしまった	나는…{6:4}에게{n}납치당했다。 {6:4}은 우리{n}라비안국의 보물인 우다노트를{n}손에 넣고 말았다	
508:0611	悪かったな。{n}オレがくれてやったのさ	미안하게 됐군。{n}내가 줘 버렸지	
508:0612	だまって聞いて！	잠자코 들어！	
508:0613	ハイハイ	네네	
508:0614	{6:4}は・・・{n}ウーダノートを私に解読させようとした。{n}私にラビアン文字が読めるからだ。{2}{7}確かに私は読めた。{n}だが私はその内容を {6:4}に{n}伝えることを拒否した。{n}どんなにいためつけられても言わなかった	{6:4}은…{n}우다노트를 내게 해독시키려 했다。{n}내가 라비안 문자를 읽을 수 있기 때문이다。{2}{7}확실히 나는 읽을 수 있었다。{n}하지만 나는 그 내용을 {6:4}에게{n}전하기를 거부했다。{n}아무리 고초를 겪어도 말하지 않았다	
508:0615	ウーダノートの内容なんて・・・{n}おしえてやればいいのに	우다노트의 내용 같은 건…{n}가르쳐 줘도 됐을 텐데	
508:0616	私の命は もう長くはないだろう。{n}ビラニウムから生れし 邪悪な怪物の{n}いけにえとして {6:4}は{n}私を選んだのだ{2}{7}私の命などはくれてやろう。{n}だが怪物の息の根だけは{n}止めなければならない。{2}{7}この世界を古代ラビアンの{n}二のまいにはしたくない・・・{n}それが私の罪ほろぼしだ。{2}{7}ここに ウーダノートの内容を{n}伝えよう。 これを知り 実行すれば{n}すべてのビラニウムの呪ばくは消えるだろう{n}・・・怪物も消える	내 목숨은 이제 길지 않을 거다。{n}비라니움에서 태어난 사악한 괴물의{n}제물로 {6:4}은{n}나를 선택한 것이다{2}{7}내 목숨 따위는 줘 버리겠다。{n}하지만 괴물의 숨통만은{n}끊어야만 한다。{2}{7}이 세계를 고대 라비안의{n}전철을 따르게 하고 싶지 않다…{n}그것이 내 죄의 대가다。{2}{7}여기서 우다노트의 내용을{n}전하겠다。 이것을 알고 실행하면{n}모든 비라니움의 저주는 사라질 것이다{n}…괴물도 사라진다	
508:0617	いいぞ・・・おしえてくれ！{n}弟も救えるぞ	좋아…가르쳐 줘！{n}동생도 구할 수 있어	
508:0618	古代ラビアン騎士{n}ウーダの魂がやどる{n}{6:53}像・{6:51}像・{6:52}像を{n}よみがえらせるのだ{2}{7}そして・・・そして・・・{n}それぞれが持つリングに・・・{n}リングに秘密があるのだ{2}{7}そのリングの秘密とは・・・{n}・・・ああ・・・だめだ・・・{n}これ以上は 私には言えない！・・・	고대 라비안 기사{n}우다의 혼이 깃든{n}{6:53}상・{6:51}상・{6:52}상을{n}되살리는 것이다{2}{7}그리고…그리고…{n}각각이 지닌 반지에…{n}반지에 비밀이 있는 것이다{2}{7}그 반지의 비밀이란…{n}…아아…안 돼…{n}더 이상은 나로서는 말할 수 없다！…	
508:0619	おいおい・・・ どういうことだ{n}言えないって・・・そりゃ ねえぜ	이봐 이봐… 무슨 소리야{n}말할 수 없다니… 그건 너무하잖아	
508:0620	お父さん！！ お父さん死なないで！！{n}今 助けに行きます	아빠！！ 아빠 죽지 마세요！！{n}지금 구하러 갈게요	
508:0621	うおっ！ ど どうなってんだ{n}へ 部屋が動いてるぜ	우왓！ 어 어떻게 된 거야{n}어 방이 움직이고 있어	
508:0622	きっと ア {6:50}が{n}脱走用にコツコツと作っていたに{n}ちがいない	분명 아 {6:50}가{n}탈주용으로 꾸준히 만들어 놨던 게{n}틀림없어	
508:0623	な なんか こわいぞ！！{n}ゆれが はげしすぎる！！	뭐 뭔가 무서운데！！{n}흔들림이 너무 심해！！	
508:0624	まだ未完成なのかもしれない。{n}{6:2}！ ふんばれ！	아직 미완성인 건지도 모른다。{n}{6:2}！ 버텨라！	
508:0625	ふう・・・止まったぜ	후우…멈추었다	
508:0626	{6:2}！ 下を見ろ！ 池だ！{n}ここから{6:53}像を{n}池に落とせば・・・	{6:2}！ 아래를 봐라！ 연못이다！{n}여기서 {6:53}상을{n}연못에 떨어뜨리면…	
508:0627	{6:53}に・・・水を・・・か{n}{6:50}さんよ。 恩にきるぜ	{6:53}에…물을…말이지{n}{6:50}씨, 신세 졌수다	
508:0628	{6:2}！{n}先に {6:53}像を下に落とそう！	{6:2}！{n}먼저 {6:53}상을 아래로 떨어뜨리자！	
508:0629	・・・{n}私を よびさましたのは誰だ？♪	…{n}나를 깨운 자는 누구냐？♪	
508:0630	おい！ {6:2} 見ろ！	어이！ {6:2} 봐라！	
508:0631	{6:3}の総だ{n}どうなってんだ ここは	{6:3}의 소굴이다{n}어떻게 된 거야 여기는	
508:0632	待っていたぞ {6:2}・ヤー！	기다리고 있었다 {6:2}・야！	
508:0633	誰だ？	누구냐？	
508:0634	オレだよ {6:42}だ・・・ ようこそ{n}おいでくださいました {6:2}・ヤーさん{n}まあ ゆっくりしていってくれ{n}つもる話も たっぷりあるしな	나다 {6:42}다… 잘 왔다{n}와 주셨구나 {6:2}・야 씨{n}자 느긋하게 있다 가라{n}쌓인 이야기도 잔뜩 있으니까	
508:0635	かーっ！ こんなときに・・・{n}お前にかまってるヒマはない	칵！ 이럴 때…{n}너한테 신경 쓸 틈 없어	
508:0636	お前の弟は {6:46}という名前だろう	네 동생은 {6:46}라는 이름이지	
508:0637	何で知ってる	왜 알고 있는 거지	
508:0638	しかも かわいい恋人まで{n}いるらしいな	게다가 귀여운 애인까지{n}있는 모양이더군	
508:0639	{6:54}のことか{n}お前 やけにくわしいな	{6:54} 얘기냐{n}너 무지하게 잘 아는군	
508:0640	{6:46}さんは今どこに？	{6:46}씨는 지금 어디에？	
508:0641	でめえ！ 何か弟のことを知ってやがるな！	이 자식！ 뭔가 동생에{n}대해 알고 있구나！	
508:0642	こっちへ来い	이쪽으로 와라	
508:0643	ミ {6:54}！	미 {6:54}！	
508:0644	{6:2}！ ル・・・{6:46}が・・・{n}ビ、{6:3}に・・・	{6:2}！ 루…{6:46}가…{n}비、{6:3}에…	
508:0645	知ってる。 だがまだ生きてる。{n}しかも・・・ この島にいる・・・	알고 있다。 하지만{n}아직 살아 있어。{n}게다가… 이 섬에 있다…	
508:0646	・・・よかった！ ・・・うっ ぐっ・・・	…다행이다！ …윽 윽…	
508:0647	{6:54}！	{6:54}！	
508:0648	{6:2}・ヤー！{n}この女はオレの好みだ。 オレがいただく。{n}{6:46}さんに よろしく伝えてくれ	{6:2}・야！{n}이 여자는 내 취향이다。 내가 받아 가지。{n}{6:46}씨한테 안부 전해 줘	
508:0649	待て！ {6:42}！	기다려！ {6:42}！	
508:0650	誰が待つか	누가 기다려	
508:0651	まいった・・・	졌다…	
508:0652	本当に お前には不運の星が{n}ついているのかもな	정말로 너한테는 불운의 별이{n}붙어 있는지도 모르겠군	
508:0653	うるせえ！{n}オレは{6:54}を助けて、{n}ゴールドリングも手に入れるぜ！	시끄러워！{n}난 {6:54}를 구하고、{n}골드 링도 손에 넣겠어！	
508:0654	ほう・・・{n}よくここまで来れたな	호오…{n}용케 여기까지 왔군	
508:0655	{6:54}に手は出してないだろうな	{6:54}한테 손대지 않았겠지	
508:0656	もうおそいぜ・・・{n}この女はオレの女だ	이미 늦었어…{n}이 여자는 내 여자다	
508:0657	{6:2}！ ウソよ	{6:2}！ 거짓말이야	
508:0658	冗談だ。 オレも犯罪者だが{n}そこまで落ちぶれてはいない。{n}お前を例してから じっくり{n}手を出させてもらうぜ	농담이다。 나도 범죄자지만{n}그 정도로 타락하진 않았다。{n}너를 처리하고 나서 천천히{n}손을 대도록 하지	
508:0659	{6:2}・・・ありがとう	{6:2}…고마워	
508:0660	何でこんな所にいるんだ	왜 이런 곳에 있는 거냐	
508:0661	{6:46}の部隊が {6:3}を追って{n}ズールー山脈地帯へ行ったの・・・{n}そして彼らは音信不通になった・・・	{6:46}의 부대가 {6:3}을 쫓아{n}줄루 산맥 지대로 갔어…{n}그리고 그들은 소식이 끊겼어…	
508:0662	{6:3}におそわれてか・・・	{6:3}한테 당한 건가…	
508:0663	・・・そう・・・{n}私たちの部隊も すぐ後を追ったわ・・・{n}でも{6:46}以外はすべて死体だった{2}{7}{6:3}にキャプチャーされたんだ{n}・・・って みんな そう言ってた。{n}もうあきらめろ・・・とも{2}{7}でも私は あきらめなかった。{n}目につくかぎりの {6:3}に関するデータを{n}何もかも調べたの。{n}そしてついに見つけたの{2}{7}このジェイラーズ島に{n}{6:46}を救える ウーダノートが{n}あるってことを・・・	…그래…{n}우리 부대도 바로 뒤를 쫓았어…{n}하지만 {6:46} 이외는 전부 시체였어{2}{7}{6:3}에게 포획됐다고…{n}모두 그렇게 말했어。{n}이제 포기하라…고도{2}{7}하지만 난 포기하지 않았어。{n}보이는 대로 {6:3}에 관한 데이터를{n}모조리 조사했어。{n}그리고 마침내 찾아냈어{2}{7}이 제이라즈 섬에{n}{6:46}를 구할 수 있는 우다노트가{n}있다는 걸…	
508:0664	それで たった一人で{n}この島までやって来たってわけだ	그래서 단 혼자서{n}이 섬까지 찾아왔다는 거군	
508:0665	でも さっきの{6:42}に{n}捕まってしまったけどね	하지만 아까 그 {6:42}한테{n}붙잡히고 말았지만 말이야	
508:0666	{6:54}！ 港の医務室に{n}{6:46}がいる。 だが危ない状態だ。{n}オレがウーダノートを手に入れるまで{n}そばに ついていてやってほしい	{6:54}！ 항구 의무실에{n}{6:46}가 있다。 하지만 위험한 상태다。{n}내가 우다노트를 손에 넣을 때까지{n}곁에 있어 줬으면 한다	
508:0667	・・・わかったわ。{n}{6:2}・・・ おねがい{n}{6:46}を・・・{6:46}を助けて	…알았어。{n}{6:2}… 부탁해{n}{6:46}를…{6:46}를 구해 줘	
508:0668	・・・わかってる	…알고 있어	
508:0669	これを持ってって この島で{n}手に入れた物だけど あなたの役に立つかも{n}・・・じゃあ	이걸 가지고 가 이 섬에서{n}손에 넣은 물건인데 네게 도움이 될지도{n}…그럼	
508:0670	外へ出たぞ！！ これで これで{n}{6:51}像に 光が当たる！！	밖으로 나왔다！！ 이걸로 이걸로{n}{6:51}상에 빛이 닿는다！！	
508:0671	{6:51}に光を・・・か	{6:51}에 빛을…이란 말이지	
508:0672	私を目ざめさせたのは誰だ？{n}名をなのれ！	나를 깨운 자는 누구냐？{n}이름을 대라！	
508:0673	アカドウ・・・じゃねえ{n}{6:2}・ヤーだ	아카도…가 아니라{n}{6:2}・야다	
508:0674	「{20:35}そなたが カッパーリングを{n}うけつぐべき まことの勇士か否か{n}確かめさせてもらおう♪{2}「{20:35}そなたの相手をつとめるのは{n}カッパーリングの守り手 {6:53}です♪	「{20:35}그대가 코퍼 링을{n}물려받아야 할 참된 용사인지 아닌지{n}확인해 주겠다♪{2}「{20:35}그대의 상대를 맡는 것은{n}코퍼 링의 수호자 {6:53}입니다♪	
508:0675	おいおい・・・台だけで{n}像がないぞ。 どういうことだ	이봐 이봐…대만 있고{n}상이 없잖아。 어떻게 된 거야	
508:0676	オレにわかるわけないだろ	내가 알 리가 없잖아	
508:0677	くそ！ ここまで来て{n}カラクジをひいちまうとはな	젠장！ 여기까지 와서{n}헛걸음을 하게 될 줄이야	
508:0678	運の悪さをなげいていても{n}しょうがない。 それより{n}ここから出る方法を考えよう	운이 나쁜 걸 한탄해 봐야{n}소용없다。 그보다{n}여기서 나갈 방법을 생각하자	
508:0679	そうだな・・・{n}リング2コで バケモノを例せるかな	그렇네…{n}반지 2개로 괴물을 처치할 수 있으려나	
508:0680	それは・・・{n}・・・神のみぞ知る・・・だ	그건…{n}…신만이 알겠지…	
508:0681	・・・行くぜ	…가자	
508:0682	お父さん！	아빠！	
508:0683	・・・！？{n}・・・{6:5}・・・{6:5}か！？	…！？{n}…{6:5}…{6:5}냐！？	
508:0684	これはケッサクだ。{n}お前たちは親子か。{n}この{6:50}がお前の父親か	이거 걸작이군。{n}너희들은 부모 자식 사이냐。{n}이 {6:50}가 네 아버지냐	
508:0685	その人を放しなさい！	그 사람을 놔줘요！	
508:0686	お父さんと呼んだらどうだ	아빠라고 불러 보지 그러냐	
508:0687	呼べないのか	못 부르는 거냐	
508:0688	・・・お父さん・・・{n}どうして この監獄島に・・・	…아빠…{n}왜 이런 감옥 섬에…	
508:0689	{6:5}・・・{n}こんな所で会いたくはなかった	{6:5}…{n}이런 곳에서 만나고 싶진 않았는데	
508:0690	探したのよ・・・お父さんが{n}とつぜん姿を消してしまってからというもの{n}あたしと{6:49}は・・・	계속 찾았어요…아빠가{n}갑자기 모습을 감춘 이후로{n}저와 {6:49}는…	
508:0691	すまなかった・・・	미안하구나…	
508:0692	どうして・・・	어째서…	
508:0693	今なら話そう・・・私は実は{n}・・・ただの商人ではなかった{n}・・・盗賊だった	지금이라면 말하지…난 사실{n}…그냥 상인이 아니었다{n}…도적이었다	
508:0694	お父さんが！？	아빠가！？	
508:0695	あの日・・・お前が{n}やっと9才になった あの日・・・	그날…네가{n}겨우 아홉 살이 된 그날…	
508:0696	忘れもしないわ・・・あの日{n}・・・とつぜん お父さんが 消えた	잊지 못해…그날{n}…갑자기 아빠가 사라졌어	
508:0697	私は逮捕されたのだ。{n}・・・お前たちに その姿だけは{n}見せたくなかった	나는 체포됐었다。{n}…너희들에게는 그 모습만큼은{n}보이고 싶지 않았다	
508:0698	{6:4}！	{6:4}！	
508:0699	何だ	뭐냐	
508:0700	父を放したら{n}私がウーダノートを解読してあげるわ	아버지를 풀어 주면{n}제가 우다노트를 해독해 줄게요	
508:0701	・・・ほう・・・	…호오…	
508:0702	{6:5}！！ やめなさい！！	{6:5}！！ 그만둬！！	
508:0703	どうするの {6:4}！！	어쩔 거냐 {6:4}！！	
508:0704	誰だ キサマは？	누구냐 네놈은？	
508:0705	{6:2} この男はおそらく{n}大盗賊{6:50}だ 当局の記録と{n}生体光スペクトルが一致している	{6:2} 이 남자는 아마도{n}대도적 {6:50}다 당국의 기록과{n}생체광 스펙트럼이 일치한다	
508:0706	おめえが{6:5}の父親か・・・	네가 {6:5}의 아버지냐…	
508:0707	約束だ。 さあ読んでもらおうか	약속이다。 자 읽어 보시지	
508:0708	わかったわ・・・	알았어요…	
508:0709	{6:5}は{n}ウーダノートを受けとった	{6:5}는{n}우다노트를 건네받았다	
508:0710	・・・{n}・・・な・・・なんですって！？	…{n}…뭐…뭐라고요！？	
508:0711	な なんだ 早く言え	뭐 뭐냐 빨리 말해	
508:0712	その1{n}悪魔ビラーノを例す方法・・・	그 1{n}악마 비라노를 처치하는 방법…	
508:0713	そんな所はいらん！{n}わしが知りたいのは {6:3}細胞の{n}強大なパワーを 自由にあやつる方法だ！{n}そこをおしえろ{2}{7}さもないと {6:50}の体に{n}しかけた爆弾を 爆発させるぞ！	그런 건 필요 없다！{n}내가 알고 싶은 건 {6:3} 세포의{n}강대한 힘을 마음대로 다루는 방법이다！{n}그걸 가르쳐라{2}{7}그러지 않으면 {6:50}의 몸에{n}설치한 폭탄을 터뜨리겠다！	
508:0714	何てことを！・・・	세상에！…	
508:0715	早くおしえれば{n}爆弾のスイッチはわたす	빨리 가르쳐 주면{n}폭탄 스위치를 넘겨주마	
508:0716	約束よ	약속이에요	
508:0717	いまさら{6:50}を殺しても{n}何の得にもならん さあ早く読め！	이제 와서 {6:50}를 죽여도{n}아무 득도 안 된다 자 빨리 읽어라！	
508:0718	・・・古代ラビアン騎士{n}ウーダの魂がやどる{n}{6:53}像・{6:51}像・{6:52}像を{n}よみがえらせるのだ{2}{7}それぞれのリングは{n}像のなぞを解くことにより{n}封印をとかれるであろう	…고대 라비안 기사{n}우다의 혼이 깃든{n}{6:53}상・{6:51}상・{6:52}상을{n}되살리는 것이다{2}{7}각각의 반지는{n}상의 수수께끼를 풀면{n}봉인이 풀릴 것이다	
508:0719	何？ あんな像に{n}秘密がかくされていたのか！？ くそっ・・・{n}それで？ さあ 続きを読むのだ！！	뭐？ 그런 상에{n}비밀이 숨겨져 있었단 말이냐！？ 제기랄…{n}그래서？ 자 계속 읽어라！！	
508:0720	私を 私を{6:4}の所へ{n}連れていってくれ！！ たのむ！{n}{6:5}が・・・ {6:5}が・・・	나를 나를 {6:4}에게로{n}데려가 다오！！ 부탁이다！{n}{6:5}가… {6:5}가…	
508:0721	{6:5}は あんたを助けるために{n}自分から人質になったとしたら{n}オレは あんたを連れては行けない	{6:5}가 당신을 구하기 위해{n}스스로 인질이 된 거라면{n}난 당신을 데려갈 수 없다	
508:0722	なぜだ？	왜냐	
508:0723	{6:5}の意志をそんちょうしたい。{n}あいつもプロだ。 何か考えがあるに{n}ちがいない	{6:5}의 뜻을 존중하고 싶다。{n}그 녀석도 프로다。 뭔가 생각이 있는 게{n}틀림없다	
508:0724	・・・{6:5}を・・・{n}{6:5}を助けてくれ 私は・・・{n}もう どうなってもかまわない・・・たのむ	…{6:5}를…{n}{6:5}를 구해 다오 나는…{n}이제 어떻게 되든 상관없다…부탁이다	
508:0725	あんたに たのまれなくとも{n}{6:5}は オレが助ける	당신이 부탁하지 않아도{n}{6:5}는 내가 구한다	
508:0726	早く読め！ このアマ！	빨리 읽어라！ 이 계집애가！	
508:0727	・・・{n}・・・あたしは・・・	…{n}…저는…	
508:0728	何を言っているんだ！？{n}お前の父親が死んでもいいのか？	무슨 소리를 하는 거냐！？{n}네 아버지가 죽어도 상관없단 말이냐？	
508:0729	・・・お父さんじゃないわ・・・	…아빠가 아니에요…	
508:0730	何い！？ ・・・くそっ{n}・・・どたんばで・・・{n}ならば わしにも考えがあるぞ！{n}こっちへ来い バケモノのエサにしてやる	뭐라고！？ …제기랄{n}…막판에…{n}그렇다면 나도 생각이 있다！{n}이쪽으로 와라 괴물의 먹이로 삼아 주마	
508:0731	待って 続きを読むわ{2}{7}・・・カッパーリングには{n}ビラーノの脳細胞から得た 知力が・・・{n}ゴールドリングには 筋肉細胞から得た{n}体力が そしてシルバーリングには・・・	기다려요 계속 읽을게요{2}{7}…코퍼 링에는{n}비라노의 뇌세포에서 얻은 지력이…{n}골드 링에는 근육 세포에서 얻은{n}체력이 그리고 실버 링에는…	
508:0732	{6:4}！！	{6:4}！！	
508:0733	{6:2}	{6:2}	
508:0734	このリングをやるぜ	이 반지를 주마	
508:0735	さすが クラスAプラスの{n}バウンティハンター。{n}わしのために わざわざリングを{n}手に入れてくれたか	역시 클래스 A플러스의{n}바운티 헌터。{n}나를 위해 일부러 반지를{n}손에 넣어 줬나	
508:0736	大変だったぜ	힘들었다고	
508:0737	{6:2}！！ やめて！！	{6:2}！！ 그만둬！！	
508:0738	カッパーリングと{n}ゴールドリングだ	코퍼 링과{n}골드 링이다	
508:0739	シルバーリングはどうした？	실버 링은 어떻게 됐지？	
508:0740	{6:52}城に{6:52}像が{n}無いことは あんたも知ってるだろう	{6:52}성에 {6:52}상이{n}없다는 건 당신도 알고 있겠지	
508:0741	そうだったな・・・{n}さあ よこせ	그랬었지…{n}자 넘겨라	
508:0742	オレがリングをなげるから{n}同時に{6:5}を放せ	내가 반지를 던질 테니{n}동시에 {6:5}를 풀어 줘	
508:0743	・・・わかった	…알았다	
508:0744	行くぜ	간다	
508:0745	ぐわっはっはっは{n}ヒイヒイヒイ うれしいぞ！{n}ぐわっはっは これで{n}わしの知力と体力は無限大だ{2}{7}しかも バケモノは{n}わしの命令にしたがうのだ{n}なあ {6:20}よ	으하하하하{n}히히히히 기쁘구나！{n}으하하하 이걸로{n}내 지력과 체력은 무한대다{2}{7}게다가 괴물은{n}내 명령에 따른다{n}그렇지 {6:20}여	
508:0746	グエエエエエ	기에에에엑	
508:0747	ではでは・・・ お二人を実験台として{n}わしのリングパワーを ためして見るとするか	그럼 그럼… 두 사람을 실험대로{n}내 반지 파워를 시험해 보도록 할까	
508:0748	{6:4}は{n}カッパーリングとゴールドリングを{n}装備した	{6:4}은{n}코퍼 링과 골드 링을{n}장비했다	
508:0749	{6:2}！ だめだ！！{n}あんなHPのヤツには{n}死んでも勝てない！{19:10}	{6:2}！ 안 돼！！{n}저런 HP를 가진 놈한테는{n}죽어도 못 이겨！{19:10}	
508:0750	くそ！ オレの命をかけてやる！{19:5}	젠장！ 내 목숨을 걸겠다！{19:5}	
508:0751	なるほど・・・{n}想像をぜっするパワーだな。{n}さあてと・・・本ばん行くぞ{n}いいかな {6:2}・ヤーよ	과연…{n}상상을 초월하는 힘이군。{n}자아…진짜 시작하지{n}그래도 되겠나 {6:2}・야여	
508:0752	{6:2}{n}もうひとつのリングのことを{n}おしえるわ	{6:2}{n}또 하나의 반지에 대해{n}가르쳐 줄게	
508:0753	シルバーリングのことか？{n}だが{6:52}像は無かったぞ{n}昔からこの島には無かったと さっき{n}{6:4}も言ってたじゃねえか	실버 링 얘기냐？{n}하지만 {6:52}상은 없었잖아{n}예전부터 이 섬에는 없었다고 아까{n}{6:4}도 말했었잖아	
508:0754	{6:52}像はあるわ	{6:52}상은 있어	
508:0755	どこに？	어디에？	
508:0756	ここよ	여기야	
508:0757	ここってどこだ？	여기가 어디야？	
508:0758	あなたの目の前よ	네 눈앞이야	
508:0759	お前が！？	네가！？	
508:0760	あたしの名前は{n}セマ・シルビア・{6:5}	내 이름은{n}세마・실비아・{6:5}	
508:0761	シル・・・ビア・・・	실…비아…	
508:0762	私の指を見て！	내 손가락을 봐！	
508:0763	シ シルバーリング！？	시 실버 링！？	
508:0764	生まれた時から{n}このリングが私の指にあったわ。{n}とろうとしても 決してとれない・・・	태어났을 때부터{n}이 반지가 내 손가락에 있었어。{n}빼려고 해도 절대 안 빠져…	
508:0765	{6:5}・・・	{6:5}…	
508:0766	{6:2}。 {6:52}像の{n}封印を解くことばは何？	{6:2}。 {6:52}상의{n}봉인을 여는 말은 뭐지？	
508:0767	・・・シ・・・{6:52}には・・・{n}・・・うっ！	…시…{6:52}에는…{n}…윽！	
508:0768	どうしたの？	왜 그래？	
508:0769	・・・忘れちまった・・・	…까먹어 버렸어…	
508:0770	そ そんな・・・	그 그런…	
508:0771	・・・{6:52}には{n}・・・炎を・・・だ	…{6:52}에는{n}…불을…말이다	
508:0772	このヘビ頭！ 何で言いやがる！！	이 뱀대가리 새끼！{n}왜 말하는 거야！！	
508:0773	{6:52}には・・・炎を・・・	{6:52}에는…불을…	
508:0774	巻物もあった・・・ラビアン文字だ	두루마리도 있었어…라비안 문자다	
508:0775	見せて！	보여 줘！	
508:0776	これだ	여기 있다	
508:0777	{6:12}は {6:5}に{n}ラビアンの巻物を見せた	{6:12}은 {6:5}에게{n}라비안 두루마리를 보여 줬다	
508:0778	これは・・・炎の呪文・・・	이건…불의 주문…	
508:0779	ほ 炎の呪文だと！？	부 불의 주문이라고！？	
508:0780	私が・・・{n}このリングをはずすには{n}この呪文を となえればいいのね	내가…{n}이 반지를 풀려면{n}이 주문을 외우면 되는 거네	
508:0781	やめろ！ {6:5}	그만둬！ {6:5}	
508:0782	シルバーリングは魔力があるわ。{n}あなたの剣が 魔法の力につつまれる{n}そして {6:4}や怪物と{n}対等に戦えるようになるわ	실버 링은 마력이 있어。{n}당신 검이 마법의 힘이 깃들고{n}그러면 {6:4}이나 괴물과{n}대등하게 싸울 수 있게 돼	
508:0783	{6:5}！！ やめろ	{6:5}！！ 그만둬	
508:0784	あなたは何度も あたしを救ってくれた。{n}最後に 最後だけは あたしが{n}あなたのためになりたいの！	당신은 몇 번이나 날 구해 줬어。{n}마지막으로 마지막만은 내가{n}당신에게 도움이 되고 싶어！	
508:0785	いいんだ！！ もういい！！{n}オレのために お前が犠牲になることはない！	괜찮아！！ 이제 됐어！！{n}날 위해 네가 희생될 필요는 없어！	
508:0786	{6:49}が予言してくれたの{n}あたしが この島で運命の人と出会う。{n}そして その人と共に 永遠の時を{n}得ることができる・・・{2}{7}{6:2} それはきっと あなたのこと・・・	{6:49}가 예언해 줬어{n}내가 이 섬에서 운명의 사람을 만난다。{n}그리고 그 사람과 함께 영원한 시간을{n}얻을 수 있다…{2}{7}{6:2} 그건 분명 당신…	
508:0787	や やめろ {6:5}	그 그만둬 {6:5}	
508:0788	・・・ローゼリウスマストーラ{n}ミアス・・・ローゼリウス{n}マストーラミアス！！	…로제리우스 마스토라{n}미아스…로제리우스{n}마스토라미아스！！	
508:0789	シ、シルビアー！！	시、실비아ー！！	
508:0790	{6:5}ー！！	{6:5}ー！！	
508:0791	シルビア！！	실비아！！	
508:0792	シルバーリングを手に入れた	실버 링을 손에 넣었다	
508:0793	{6:2}は{n}シルバーリングを装備した	{6:2}는{n}실버 링을 장비했다	
508:0794	うおおお{6:5}！！	우오오오 {6:5}！！	
508:0795	{6:2}！ {6:5}のためにも{n}{6:4}を例せ！	{6:2}！ {6:5}를 위해서라도{n}{6:4}을 처치해라！	
508:0796	くそおおお	제기라아알	
508:0797	・・・{6:2}{n}・・・{6:2}・・・	…{6:2}{n}…{6:2}…	
508:0798	コ、{6:5}！！	커, {6:5}！！	
508:0799	イ イーフリートだ！	이 이프리트다！	
508:0800	コ、{6:5}・・・ お前・・・	커, {6:5}… 너…	
508:0801	さあ・・・{6:2}・・・{n}最後の戦いは あたしを使って！！	자아…{6:2}…{n}마지막 싸움에는 날 써 줘！！	
508:0802	いま・・・共に永遠の時を！！{n}{6:2}・・・ もえてあなたと{n}ひとつになりたい・・・{17}	지금…함께 영원한 시간을！！{n}{6:2}… 불타올라 당신과{n}하나가 되고 싶어…{17}	
508:0803	{6:20}・・・ 今、助けてやるぜ！{n}少しの間しんぼうしな・・・{n}お前の中の悪魔を{n}オレの力で追い出してやる！	{6:20}… 지금 구해 주마！{n}잠깐만 버텨…{n}네 안의 악마를{n}내 힘으로 쫓아내 주마！	
508:0804	こ これは？	이 이게 뭐지？	
508:0805	グリーンハートよ	그린 하트야	
508:0806	グリーンハート？	그린 하트？	
508:0807	ビラニウムの成分の中から{n}悪い所がなくなった物なの{2}{7}ウーダノートに書いてあったわ{n}グリーンハートを飲ませれば 弟さんの{n}体内にある {6:3}の毒素が消えるって	비라니움 성분 중에서{n}나쁜 부분이 사라진 거야{2}{7}우다노트에 적혀 있었어{n}그린 하트를 마시게 하면 동생분{n}체내에 있는 {6:3}의 독소가 사라진다고	
508:0808	そうか	그런가	
508:0809	{6:2}は グリーンハートを{n}{6:46}にあたえました	{6:2}는 그린 하트를{n}{6:46}에게 주었습니다	
508:0810	兄さん・・・	형…	
508:0811	{6:46}・・・{n}お前は昔から世話をやかせるヤツだ	{6:46}…{n}넌 예전부터 손이 많이 가는 녀석이야	
508:0812	シルビア・・・	실비아…	
508:0813	・・・お父さん・・・	…아빠…	
508:0814	シルビア・・・{n}今まで だまっていたことを{n}許してくれ・・・{2}{7}お前は 私が昔{n}この{6:52}城に忍びこみ 盗みだした{n}像の中から出て来たのだ・・・	실비아…{n}지금까지 숨겨 왔던 걸{n}용서해 다오…{2}{7}너는 내가 예전에{n}이 {6:52}성에 몰래 숨어들어 훔쳐 낸{n}상 안에서 나왔단다…	
508:0815	やめて・・・お父さん・・・{n}あたしが 何であろうと・・・{n}お父さんは・・・お父さん・・・よ	그만해…아빠…{n}내가 뭐였든…{n}아빠는…아빠…예요	
508:0816	ここはどこだ？{n}あれ？ バウンティハンター！{n}何でこんな所にいるんだ？	여기가 어디지？{n}어라？ 바운티 헌터！{n}왜 이런 곳에 있는 거야？	
508:0817	・・・いろいろあってな	…여러 일이 있었어	
508:0818	早く {6:30}さまの所に{n}もどらなきゃ・・・ おこられちゃうよ	빨리 {6:30}님 곁으로{n}돌아가야 해… 혼나고 말 거야	
508:0819	だいじょうぶだ {6:20}{n}おこられやしねえよ	괜찮아 {6:20}{n}혼나지 않을 거야	
508:0820	ねえ・・・{6:2}	있잖아…{6:2}	
508:0821	・・・ん？ 何だ	…음？ 뭐냐	
508:0822	・・・ずっと・・・いっしょに・・・{n}連れて行ってくれる？	…쭉…함께…{n}데려가 줄 거야？	
508:0823	おい {6:2}・・・{n}すこし 顔があかいぜ	이봐 {6:2}…{n}좀 얼굴이 빨간데	
508:0824	うるせえ すっこんでろ	시끄러워 저리 가	
508:0825	・・・これからは・・・{2}{7}・・・今までと・・・{2}{7}・・・ちがう人生が・・・{2}{7}・・・始まるのね・・・	…앞으로는…{2}{7}…지금까지와는…{2}{7}…다른 인생이…{2}{7}…시작되는 거네…	
508:0826	・・・そうだ・・・{2}{7}・・・オレと・・・{2}{7}・・・いっしょのな・・・	…그래…{2}{7}…나와…{2}{7}…함께하는…	
508:0827	・・・そう・・・{2}{7}・・・永遠に・・・	…그래…{2}{7}…영원히…	
508:0828	ビラニウム採掘場に行くなら{n}ここからトロッコに兼って行け。{2}{7}兼り方はかんたんだ。 ハシゴをのぼり{n}あなにとびおりるだけで自動的に兼れる。{n}トロッコの操作は Bボタンでジャンプ。{n}ただそれだけだ{2}{7}無事に採掘場にたどりつくまで{n}トロッコからは おりられない。{n}以上 トロッコの説明おわり。{2}{7}オレは あと何人に この説明をしたら{n}シャバに出られるのかなあ・・・	비라니움 채굴장에 갈 거라면{n}여기서부터 트롤리를 타고 가라。{2}{7}타는 법은 간단하다。 사다리를 올라{n}구멍에 뛰어들기만 하면 자동으로 타진다。{n}트롤리 조작은 B버튼으로 점프。{n}그뿐이다{2}{7}무사히 채굴장에 도착할 때까지{n}트롤리에서 내릴 수 없다。{n}이상 트롤리 설명 끝。{2}{7}나는 앞으로 몇 명한테 이 설명을{n}하면 사회로 나갈 수 있으려나…	
508:0829	トロッコは こわれていて兼れない	트롤리는 고장 나서 탈 수 없다	
508:0830	う・・・ ぐ・・・{n}{6:54}・・・{n}兄さん・・・	우… 윽…{n}{6:54}…{n}형…	
508:0831	{6:46}！ しっかりして{n}もうだいじょうぶよ・・・{n}あたしが ずっと手をにぎっててあげる	{6:46}！ 정신 차려{n}이제 괜찮아…{n}내가 계속 손을 잡아 줄게	
508:0832	・・・う・・・ミ・・・{6:54}・・・	…우…미…{6:54}…	
508:0833	・・・よかった・・・{n}すこし 手にぬくもりがもどったわ・・・{2}{7}・・・{6:2}{n}・・・たのんだわよ・・・	…다행이다…{n}손에 온기가 조금 돌아왔어…{2}{7}…{6:2}{n}…부탁해…	
508:0834	おっと これはバウンティハンターさん{n}{8:32}{20:33}オレたちは デクスキャリバー監獄城の{n}秩序を守る タブガード3人組だ{n}{8:33}{20:34}人よんで チームタブガードだ	어이쿠 이거 바운티 헌터 씨{n}{8:32}{20:33}우리는 덱스캘리버 감옥성의{n}질서를 지키는 탭가드 3인조다{n}{8:33}{20:34}사람들이 부르길 팀 탭가드다	
508:0835	侵入者は すべて地獄におくる	침입자는 모조리 지옥으로 보낸다	
508:0836	ブーフーウーと 戦いますか？	부후우와 싸우겠습니까？	
508:0837	バトルを かいひするには{n}{9:0}ポイント必要です{n}いいですか？	전투를 회피하려면{n}{9:0}포인트가 필요합니다{n}그러시겠습니까？	
508:0838	ポイントがたりないので{n}バトルを かいひできません	포인트가 부족해서{n}전투를 회피할 수 없습니다	
508:0839	{6:2} こいつらは 一人例しても{n}体力を回復させる間もなく つぎつぎと{n}おそってくるぞ！ 全員を例すまで{n}体力がもつように 気をつけて戦え！	{6:2} 이놈들은 하나 처치해도{n}체력을 회복할 틈도 없이 연달아{n}덤벼든다！ 전원을 처치할 때까지{n}체력이 버티도록 조심해서 싸워라！	
508:0840	2ばん手{6:32} 行きます	2번 타자 {6:32} 갑니다	
508:0841	さすがはバウンティハンター{n}{6:19}どもとは レベルがちがうぜ{n}ひさしぶりに手ごたえのあるバトルが{n}できそうだな 行くぜ！	역시 바운티 헌터{n}{6:19} 녀석들과는 레벨이 다르군{n}오랜만에 손맛 나는 전투를{n}할 수 있을 것 같군 간다！	
508:0842	デクスキャリバー監獄城{n}セキュリティ・スタッフ{n}チームタブガードか・・・{2}{7}アイドルのおっかけで{n}有名なやつらだな・・・{n}ポーキー・ローズの生写真、{n}ほしくないか？	덱스캘리버 감옥성{n}시큐리티 스태프{n}팀 탭가드인가…{2}{7}아이돌 쫓아다니는 걸로{n}유명한 녀석들이지…{n}포키 로즈의 생사진、{n}갖고 싶지 않아？	
508:0843	ポーキー・ローズの生写真！？{n}{8:32}{20:33}いま持ってるのか！？{n}{8:33}{20:34}ここを通せば くれるんだな！？{n}よし通れ！	포키 로즈의 생사진！？{n}{8:32}{20:33}지금 갖고 있는 거냐！？{n}{8:33}{20:34}여길 통과시켜 주면 주는 거지！？{n}좋아 통과해라！	
508:0844	おかしいな・・・{n}もう一まい あったと思ったけど{n}・・・誰かにやったんだっけ？	이상하네…{n}한 장 더 있었던 것 같은데{n}…누구한테 줬었나？	
508:0845	ヘイ キミ{n}見なれない顔だね 誰だい{n}新入りかい だよね だってオレ{2}{7}ここに10年いるけど{n}あいさつしたことないもん{n}だからやっぱり 死んでもらうよ{2}{7}ヘイヘイヘイヘイ{n}いいじゃん いいじゃん 死ねばいいじゃん	헤이 너{n}낯선 얼굴이네 누구지{n}신입인가 그렇지 왜냐면 나{2}{7}여기 10년 있었는데{n}인사한 적 없거든{n}그러니까 역시 죽어 줘야겠어{2}{7}헤이헤이헤이헤이{n}좋잖아 좋잖아 죽으면 되잖아	
508:0846	{6:34}と 戦いますか？	{6:34}와 싸우겠습니까？	
508:0847	よし じゃ{n}ここはオレにまかせとけ{n}{6:19}ナンバー 1099の8322 {6:34}！{n}・・・	좋아 그럼{n}여긴 나한테 맡겨 둬{n}{6:19} 넘버 1099의 8322 {6:34}！{n}…	
508:0848	ちょっと待て！ あんた10年まえ{n}こつぜんと すがたをけした{n}天才ミュージシャン{n}{6:34}じゃないのか！？	잠깐 기다려！ 당신 10년 전{n}홀연히 자취를 감춘{n}천재 뮤지션{n}{6:34} 아니야！？	
508:0849	コリャおどろいた ヘイ ブラザー{n}このオレを知ってるのかい	이거 놀랍군 헤이 브라더{n}이 나를 아는 거야	
508:0850	あんたを知らなきゃモグリだぜ！{n}それにしても いったい{n}なんでこんなトコに・・・	당신을 모르면 아마추어지！{n}그건 그렇고 대체{n}왜 이런 데…	
508:0851	ヘイヘイ たいくつな話さ{n}もう忘れたよ なんてこったい{n}当局のイヌを ミンチにできると{n}おもっていたのに{2}{7}もう行きな バッドガイ{n}きっと後になれば{n}ここで死んでりゃラッキーだったと{n}思うだろうけどな・・・	헤이헤이 지루한 얘기지{n}이미 잊었어 어처구니없군{n}당국의 개를 다진 고기로 만들 수 있다고{n}생각했는데{2}{7}이제 가라 배드 가이{n}분명 나중이 되면{n}여기서 죽었으면 운이 좋았다고{n}생각하게 될 테지만 말이야…	
508:0852	ウガガー{n}ギロー ギロー{n}チーミー はあはあはあ	으가가ー{n}기로ー 기로ー{n}치미ー 하아하아하아	
508:0853	{6:35}と 戦いますか？	{6:35}과 싸우겠습니까？	
508:0854	{6:2}、おちつけ・・・{n}しばらく ようすを見るんだ・・・	{6:2}, 진정해…{n}잠시 상황을 지켜보는 거다…	
508:0855	な？ こいつ こっちから{n}手を出さなければ こわくもなんとも{n}ないんだ。 行こうぜ{6:2}	그치？ 이 녀석 이쪽에서{n}손을 대지 않으면 무섭지도 아무렇지도{n}않아。 가자고 {6:2}	
508:0856	何が な？ だ このバカ💢！{n}てめえ 何もしてねーじゃねーか{n}ポイント返せ！	뭐가 그치냐 이 바보💢！{n}네놈 아무것도 안 했잖아ー{n}포인트 돌려줘！	
508:0857	デクスキャリバー監獄城へ{n}わざわざ侵入してくるとは よほどの物好き。{n}しかも 女連れとは ふきんしんのきわみ。	덱스캘리버 감옥성에{n}일부러 침입해 오다니 어지간한 별종。{n}게다가 여자를 데려오다니{n}불경하기 짝이 없다。	
508:0858	これがデートに見える？	이게 데이트로 보여？	
508:0859	おれはデートのつもりだが	난 데이트할 생각이다만	
508:0860	オレの前で{n}イチャイチャするな！ お前らが{n}ここにいることは犯罪だ。 前に出ろ	내 앞에서{n}시시덕대지 마라！ 네놈들이{n}여기 있는 것 자체가 범죄다。 앞으로 나와라	
508:0861	デクスキャリバー監獄城へ{n}わざわざ侵入してくるとは よほどの物好き。{n}しかも そのいでたちは バウンティハンター。{2}{7}罪人を{n}この島へ おくりこむだけでは あきたらず{n}みずからの手で 死刑を執行しに来たか？{2}{7}だが{n}ここにはここのルールがある。{n}それは生き残れる者だけが生きられる・・・{n}ただそれだけだ。 前に出ろバウンティハンター	덱스캘리버 감옥성에{n}일부러 침입해 오다니 어지간한 별종。{n}게다가 그 차림새는 바운티 헌터。{2}{7}죄인을{n}이 섬으로 보내는 것만으로는 성에 안 차서{n}스스로의 손으로 사형을 집행하러 왔나？{2}{7}하지만{n}여기는 여기만의 룰이 있다。{n}그건 살아남는 자만이 살 수 있다는 것…{n}그뿐이다。 앞으로 나와라 바운티 헌터	
508:0862	監獄侵入罪で{n}死刑をせんこくする{n}そして 即時 執行する	감옥 침입죄로{n}사형을 선고한다{n}그리고 즉시 집행한다	
508:0863	・・・この女は？	…이 여자는？	
508:0864	ラビアンの女忍者だ	라비안의 여닌자다	
508:0865	う・・・ラ、ラビアンの女忍者？	우…라、라비안의 여닌자？	
508:0866	どうかしたか？ この娘は{n}{6:4}にらちされていたらしい{n}今は なかば記憶そうしつに近い状態だ{2}{7}われわれの仲間が{n}例れている所を発見した	어떻게 된 거냐？ 이 아이는{n}{6:4}에게 납치당했던 모양이다{n}지금은 거의 기억 상실에 가까운 상태다{2}{7}우리 동료가{n}당한 곳에서 발견했다	
508:0867	・・・アクトロスティマ ケイマス{n}・・・アトゥーラル アクトゥロス	…아크토로스티마 케이마스{n}…아투랄 아크투로스	
508:0868	何だ？ 何を言ってるんだ？	뭐냐？ 무슨 소릴 하는 거야？	
508:0869	古代ラビアン語だ	고대 라비안어다	
508:0870	・・・なるほど・・・わかったぞ	…과연…알았다	
508:0871	どういうことだ？	무슨 소리야？	
508:0872	古代ラビアン語は{n}限られた者にしか解読できない{n}非常にむずかしいことばなんだ{2}{7}おそらく{6:4}は{n}その古代ラビアン文字で書かれた何かを{n}手に入れたが、どうしても解読できず{n}この娘をらちしたってわけだな	고대 라비안어는{n}한정된 자만이 해독할 수 있는{n}매우 어려운 말이다{2}{7}아마도 {6:4}은{n}그 고대 라비안 문자로 쓰인 무언가를{n}손에 넣었지만, 도저히 해독할 수 없어서{n}이 아이를 납치한 거겠지	
508:0873	それは・・・{n}ウーダノートかもしれない	그건…{n}우다노트일지도 몰라	
508:0874	{6:4}め・・・{n}やはりウーダノートを知ってやがったか{n}・・・で ウーダノートはどこにある？	{6:4} 녀석…{n}역시 우다노트를 알고 있었나{n}…그래서 우다노트는 어디 있지？	
508:0875	わからない。 だが・・・{n}この娘をらちしたのが{n}{6:4}である以上・・・	몰라。 하지만…{n}이 아이를 납치한 게{n}{6:4}인 이상…	
508:0876	あるとしたら ヤツの所か・・・	있다면 그놈의 소굴이겠지…	
508:0877	{6:4}の家なら{n}このアジトから行ける。{n}だがセキュリティがきびしくて{n}われわれにはウカツに手が出せない・・・	{6:4}의 집이라면{n}이 아지트에서 갈 수 있다。{n}하지만 보안이 삼엄해서{n}우리로서는 섣불리 손쓸 수 없다…	
508:0878	オレは行くぜ	나는 가겠다	
508:0879	わかった。 オレたちも{n}ウーダノートが必要だ。 あの{n}ビラニウムから生まれたバケモノを{n}このままにしとくわけにはいかんのだ{2}{7}ウーダノートには{n}バケモノをあの世に送る方法が{n}書いてあるかもしれん	알았다。 우리도{n}우다노트가 필요하다。 그{n}비라니움에서 태어난 괴물을{n}이대로 둘 수는 없다{2}{7}우다노트에는{n}괴물을 저세상으로 보낼 방법이{n}쓰여 있을지도 모른다	
508:0880	{6:4}の家には{n}どう行くんだ？	{6:4}의 집에는{n}어떻게 가는 거지？	
508:0881	1Fの右のトビラから行ける。{n}それから このカギを持っていけ	1F 오른쪽 문으로 갈 수 있다。{n}그리고 이 열쇠를 가져가라	
508:0882	ウーダノートを持って来たぜ{n}・・・ラビアンの女忍者に{n}すぐに解読してもらおう	우다노트를 가져왔다{n}…라비안의 여닌자에게{n}바로 해독시키자	
508:0883	あの女忍者はいない	그 여닌자는 없다	
508:0884	何！ どういうことだ	뭐！ 무슨 소리냐	
508:0885	お前さんが{6:4}の{n}家に行った後、とつじょ目ざめてな・・・{n}どうも・・・ あの女忍者は 実の姉を{n}探しているようだった・・・	네가 {6:4}의{n}집에 간 후, 갑자기 깨어나서 말이야…{n}아무래도… 그 여닌자는 친언니를{n}찾고 있었던 모양이야…	
508:0886	姉を？	언니를？	
508:0887	うむ。 こいつを見てくれ	음。 이걸 봐 다오	
508:0888	うお・・・こいつは！？{18}	우오…이건！？{18}	
508:0889	どうした{6:2}・ヤー？{n}この写真に見おぼえがあるのか？	왜 그래 {6:2}・야？{n}이 사진에 낯이 익나？	
508:0890	う・・・い・・・いや・・・その・・・	우…이…아니…그…	
508:0891	うわごとのように・・・{n}彼女は お姉ちゃん・・・お姉ちゃんとさけんで{n}・・・オレたちが止めるのも聞かずに・・・	헛소리처럼…{n}그녀는 언니…언니라고 외치며{n}…우리가 말리는 것도 듣지 않고…	
508:0892	ど どこへ行った？	어 어디로 간 거지？	
508:0893	うむ・・・ この{6:5}という{n}ラビアンの女忍者、つまり姉の方だが、{n}彼女は任務でビラニウム調査をしていた{n}らしい。 それで地下鉱山へ・・・	음… 이 {6:5}라는{n}라비안의 여닌자, 즉 언니 쪽인데,{n}그녀는 임무로 비라니움 조사를 하고{n}있었던 모양이다。 그래서 지하 광산으로…	
508:0894	地下鉱山だな。{n}地下鉱山へはどう行きゃいい？	지하 광산이군。{n}지하 광산으로는 어떻게 가면 되지？	
508:0895	1Fの左のトビラから行ける。{n}だが今は危険だ。 {6:20}の変身した{n}バケモノも 地下鉱山の方に向かった{n}という情報がある	1F 왼쪽 문으로 갈 수 있다。{n}하지만 지금은 위험하다。 {6:20}가 변신한{n}괴물도 지하 광산 쪽으로 향했다는{n}정보가 있다	
508:0896	おい {6:2}	이봐 {6:2}	
508:0897	やばいぞ{6:2}{n}さっきの女忍者は{6:5}の妹だぞ	위험해 {6:2}{n}아까 그 여닌자는 {6:5}의 여동생이야	
508:0898	うん オレもビビった	응 나도 간담이 서늘했어	
508:0899	もし彼女に オレたちが{6:5}を{n}見殺しにしたことを知られたら{n}マズいことになるぜ	만약 그녀가 우리가 {6:5}를{n}못 본 척했다는 걸 알게 되면{n}큰일 나겠어	
508:0900	ウーダノートを読むどころの{n}話じゃなくなるな	우다노트를 읽을 때가{n}아니게 되겠지	
508:0901	あの時の状況じゃ{n}見殺しにするしかなかった	그때 상황으로는{n}못 본 척할 수밖에 없었다	
508:0902	正直に言うか？{n}あんたの姉さんは オレたちが{n}見殺しにしたって・・・	솔직하게 말할까？{n}당신 언니는 우리가{n}못 본 척했다고…	
508:0903	いや、わざわざ自分から言うことも{n}ないような・・・	아니, 굳이 스스로 말할 것까지는{n}없을 것 같은데…	
508:0904	どっちなんだよ！？	어느 쪽이야！？	
508:0905	・・・ふう・・・いや・・・{n}そういう局面が来たら 自分で決めろ{n}ウソも方便だ	…후우…아니…{n}그런 상황이 오면 스스로 결정해라{n}거짓말도 방편이다	
508:0906	・・・いやなヤローだ・・・{n}くそっ どうすりゃいいんだ・・・	…싫은 녀석이군…{n}젠장 어쩌면 좋지…	
508:0907	いたぜ。 女忍者妹が・・・	있다。 여닌자 여동생이…	
508:0908	おい！ 女忍者！	이봐！ 여닌자！	
508:0909	・・・誰！？ あなたは？	…누구！？ 당신은？	
508:0910	ぬおお、{6:49}！？{n}お前いつの間に！？ くそ！{n}おとなしく壁の中にいればいいものを！	어헉, {6:49}！？{n}너 언제！？ 제기랄！{n}얌전히 벽 속에 있었으면 좋았을 것을！	
508:0911	お姉ちゃんはどこ？	언니는 어디 있어？	
508:0912	何？ お姉ちゃん？ 何のことだ{n}ははあ・・・ そういうわけか・・・{n}さっき捕らえた女忍者は お前の姉か・・・{2}{7}ならばつごうがよい。{n}ラビアン文字を読めるやつの{n}スペアができたわけだ	뭐？ 언니？ 무슨 소리야{n}하하아… 그런 거였군…{n}아까 붙잡은 여닌자는 네 언니였나…{2}{7}그렇다면 마침 잘됐다。{n}라비안 문자를 읽을 수 있는 녀석의{n}스페어가 생긴 셈이군	
508:0913	お姉ちゃんはどこ？{n}ねえ？ どこなの？	언니는 어디 있어?{n}있잖아? 어디 있는 거야?	
508:0914	知るか！{n}お前は遺跡に先に行ってろ！{n}壁の中に またうめてやる！	내가 알 게 뭐야!{n}넌 먼저 유적으로 가 있어!{n}벽 속에 다시 파묻어 줄 테니까!	
508:0915	・・・ここは・・・	…여긴…	
508:0916	そうだ。 お前のい場所だ。{n}お前は その壁の中で{n}古代ラビアン文字を解読しつづけるのだ	그래. 네가 있을 곳이다.{n}넌 그 벽 속에서{n}고대 라비안 문자를 계속 해독하는 거다	
508:0917	いやよ！ あたしはお姉ちゃんを{n}お姉ちゃんを探すの	싫어! 나는 언니를{n}언니를 찾을 거야	
508:0918	お姉さんと二人で わしのために{n}ウーダノートを探してくれんかな	언니와 둘이서 날 위해{n}우다노트를 찾아 주지 않겠나	
508:0919	いやよ！	싫어!	
508:0920	さあ{6:49} おとなしく{n}壁の中にもどりなさい	자 {6:49}, 얌전히{n}벽 속으로 돌아가거라	
508:0921	いやよ！ あんたの言うことなんて{n}ぜったいきかない！	싫어! 당신이 하는 말 같은 거{n}절대로 안 들을 거야!	
508:0922	聞きわけのない小娘だ。{n}おじさんの言うことは すなおに聞くもんだよ	말귀를 못 알아듣는 계집애로구나.{n}아저씨가 하는 말은 순순히 들어야지	
508:0923	あんた バカじゃない	당신 바보 아니야	
508:0924	あんたはサイテーよ！ 力づくで{n}自分の思う通りにさせようなんて{n}クズだわ！	당신은 최악이야! 힘으로{n}제멋대로 뜻대로 하려 하다니{n}쓰레기야!	
508:0925	それはまちがいだ。{n}この世は力のある者だけが生き残る。{n}パワーゲームだ	그건 틀린 생각이다.{n}이 세상은 힘 있는 자만이 살아남는다.{n}파워 게임이지	
508:0926	あんたは死ぬわ	당신은 죽을 거야	
508:0927	くくく、ほざけ。{n}さあどうなんだ？ 壁の中へもどって{n}古代ラビアンの文化を探るのだ そして{n}ウーダノートの行方をつかむのだ！！	흐흐흐, 떠들어라.{n}자 어떡할 테냐? 벽 속으로 돌아가서{n}고대 라비안의 문화를 캐내는 거다, 그리고{n}우다노트의 행방을 알아내는 거다!!	
508:0928	お前がほしいのは この{n}ウーダノートだろう！！{n}これをくれてやるから その子を放せ	네가 원하는 건 이{n}우다노트지!!{n}이걸 줄 테니 그 애를 놔줘라	
508:0929	あなたは？	당신은?	
508:0930	そうか。 わしなら見て見ぬふりをする。{n}いかなるときも どうしたら{n}自分の得になるかを考える。{n}それが わしを今の地位にしてくれた	그런가. 나라면 못 본 척하지.{n}어떤 상황에서든 어떻게 하면{n}자신에게 득이 될지를 생각한다.{n}그것이 나를 지금의 지위에 올려 줬지	
508:0931	何とでも言え！{n}わしはぜったいに{6:4}家を再興する{n}それがわしの夢だ！{n}さあ ウーダノートをよこせ！	무슨 말을 해도 상관없다!{n}나는 반드시 {6:4} 가문을 재흥하겠다{n}그것이 내 꿈이다!{n}자, 우다노트를 내놔라!	
508:0932	その子からはなれろ	그 애한테서 떨어져라	
508:0933	あなたは誰？	당신은 누구야?	
508:0934	夢見るバウンティハンターさ	꿈꾸는 바운티 헌터지	
508:0935	夢見る・・・あ・・・{n}そうだわ・・・ あなたなのね{n}あなたが お姉ちゃんの運命の人なのね？	꿈꾸는…… 아……{n}그래…… 당신이구나{n}당신이 언니의 운명의 남자구나?	
508:0936	何のことだ？	무슨 소리냐?	
508:0937	私は ラビアン共和国忍者予備部隊{n}チサト・{6:49}よ	저는 라비안 공화국 닌자 예비부대{n}치사토 {6:49}예요	
508:0938	ミドルネームが無いところを見ると{n}ジュニア忍者か	미들네임이 없는 걸 보니{n}주니어 닌자인가	
508:0939	そうよ。{19:2} 💢よけいなお世話よ。{n}そんなことより話を聞いて。	맞아요.{19:2}💢 쓸데없는 참견이에요.{n}그보다 얘기 좀 들어봐요	
508:0940	な、何だ・・・	뭐, 뭐야……	
508:0941	私には{6:5}という{n}姉がいるんです	저한테는 {6:5}라는{n}언니가 있어요	
508:0942	あ・・・ その・・・	아…… 그…	
508:0943	何か？	뭔가요?	
508:0944	・・・いや・・・続けてくれ	…아니…… 계속해 봐	
508:0945	{6:5}お姉ちゃんが{n}この島に来ているはずなんです。{n}おねがいです。 私といっしょに{n}お姉ちゃんを探してください{2}{7}おねがいです。 ああ・・・{n}お姉ちゃん待っててね。{n}今・・・ お姉ちゃんの運命の人を{n}連れていきますから・・・	{6:5} 언니가{n}이 섬에 와 있을 거예요.{n}부탁이에요. 저랑 함께{n}언니를 찾아 주세요{2}{7}부탁이에요. 아아……{n}언니, 기다려 줘.{n}지금…… 언니의 운명의 사람을{n}데려갈 테니까……	
508:0946	・・・あ・・・ あのー・・・	…아…… 저기……	
508:0947	おい！ {6:2}{n}ちょっとこっち来い	어이! {6:2}{n}잠깐 이리 와 봐	
508:0948	おい！ やばいぞ{6:2}{n}ものすごい姉妹愛だ{n}本当のことを言っちゃいかん	이봐! 큰일이다 {6:2}{n}엄청난 자매애야{n}진실을 말해선 안 돼	
508:0949	ど、どうすんだ？{n}こ、このまま{6:49}と この世にいない{n}{6:5}を探し回れってのか？	어, 어떡할 거야?{n}이, 이대로 {6:49}한테 이 세상에 없는{n}{6:5}를 찾아다니게 할 건가?	
508:0950	・・・い、いや・・・その・・・だが{n}本当のことを・・・い・・・言えないだろう💧	…아, 아니…… 그게…… 하지만{n}사실을…… 마, 말할 수 없잖아💧	
508:0951	くそ どうすりゃいいんだ	젠장, 어쩌면 좋지	
508:0952	人生やりなおして{n}あの時の{6:5}を助けるか？	인생을 다시 살아서{n}그때의 {6:5}를 구할 건가?	
508:0953	何をバカなことを言ってやがる{n}もっとマトモなことを言え このギゼン者	무슨 멍청한 소릴 하는 거야{n}좀 더 제대로 된 소릴 해, 이 위선자야	
508:0954	何だと💢！！	뭐라고💢!!	
508:0955	・・・どうしたのですか？	…무슨 일이세요?	
508:0956	・・・い・・・いや{n}・・・ちょっと待ってくれ{n}と とりこんでるんだ💧	…아…… 아니{n}…잠깐만 기다려 줘{n}지, 지금 바쁘니까💧	
508:0957	このまま知らんぷりして{n}{6:49}をだまし続けるか？	이대로 모르는 척하면서{n}{6:49}를 계속 속일 건가?	
508:0958	それとも事実を話して{n}すっきりするか？	아니면 사실을 말해서{n}속 시원해질 건가?	
508:0959	あー・・・ {6:49}君	저기…… {6:49} 양	
508:0960	なあに？ ・・・あ そうだ{n}あなたの名前を聞かせてください	왜요? …아 맞다{n}당신 이름을 가르쳐 주세요	
508:0961	・・・あー・・・リ・・・リ・・・{n}リンド・バーグだ	…어…… 리…… 리……{n}린드버그다	
508:0962	リンド・バーグさん・・・{n}すてきな名前ですね	린드버그 씨……{n}멋진 이름이네요	
508:0963	いや・・・ まあ・・・ね	아니…… 뭐…… 그냥	
508:0964	ブルーローズだわ！？	블루로즈잖아!?	
508:0965	・・・え！？・・・{n}・・・お お姉ちゃん・・・{n}・・・うそ！？ そ そんな！？{2}{7}お・・・{19:1}ね・・・{19:1}え{n}・・・ちゃん・・・	…엣!?……{n}…어, 언니……{n}…거짓말!? 그, 그런!?{2}{7}언…{19:1}니……{19:1}……{n}…언니……	
508:0966	・・・あなた・・・{19:1}うそを・・・{n}・・・ついたわね・・・{2}{7}・・・お姉ちゃんを・・・{n}お姉ちゃんを 助けられたかもしれないのに{n}ほったらかしにしたでしょう！？	…당신…… {19:1}거짓말을……{n}…했군요……{2}{7}…언니를…… {n}언니를 구할 수 있었을지도 모르는데{n}그냥 보고만 있었던 거죠!?	
508:0967	な・・・なんで知ってる！？	어…… 어떻게 알고 있지!?	
508:0968	お姉ちゃんは死んだわ・・・{n}・・・お姉ちゃんは 死ぬ前に{n}あなたの そのブルーローズに{n}最後のメッセージをたくしたの{2}{7}・・・とっても弱いメッセージだった{n}私は・・・私は・・・{n}あなたを許せない・・・{2}{7}どうして・・・どうして{n}お姉ちゃんを助けてくれなかったの？	언니는 죽었어요……{n}…언니는 죽기 전에{n}당신의 그 블루로즈에{n}마지막 메시지를 맡겼어요{2}{7}…아주 약한 메시지였어요{n}저는…… 저는……{n}당신을 용서할 수 없어요……{2}{7}어째서…… 어째서{n}언니를 구해 주지 않은 거죠?	
508:0969	助けられる状況じゃ{n}なかったんだ・・・	구할 수 있는 상황이{n}아니었어……	
508:0970	じゃあ・・・どうして私に{n}すぐに そのことを言ってくれなかったの	그럼…… 왜 저한테{n}바로 그 사실을 말해 주지 않은 거죠	
508:0971	いや・・・ その・・・{n}タイミングが・・・	아니…… 그게…… {n}때가……	
508:0972	優柔不断な男は大ッキライよ{n}お姉ちゃんを返して！！	우유부단한 남자는 정말 싫어요{n}언니를 돌려줘요!!	
508:0973	オ・・・オレは{n}バウンティハンターの{6:2}・ヤーだ{n}{6:49}・・・聞いてくれ	나…… 난{n}바운티 헌터 {6:2}・야다{n}{6:49}…… 들어 줘	
508:0974	・・・え？ なあに？	…어? 왜요?	
508:0975	実は・・・{n}君の姉さんのことなんだが	실은…… {n}네 언니 얘긴데	
508:0976	姉のことを知ってるんですか？	언니에 대해 알고 계세요?	
508:0977	・・・お姉さんは・・・{n}亡くなったよ・・・	…언니는……{n}돌아가셨어……	
508:0978	え・・・ええっ！？	엣…… 에엣!?	
508:0979	許してくれ・・・ 監獄城の{n}ごうもん室で いっしょになったんだが{n}・・・逃げる時に・・・{n}・・・おいてきぼりにしてしまった	용서해 줘…… 감옥성{n}고문실에서 함께였는데{n}…도망칠 때…… {n}…두고 와 버렸어	
508:0980	・・・ど・・・どうして！？	…어, 어째서!?	
508:0981	助けられたかも・・・{n}しれなかった	구할 수 있었을지도……{n}몰랐는데	
508:0982	・・・お姉ちゃん・・・	…언니……	
508:0983	許してくれ {6:49}・・・	용서해 줘 {6:49}……	
508:0984	うっ・・・{19:1} うっ・・・	윽……{19:1} 윽……	
508:0985	・・・いいんです{n}か・・・かくごは・・・できてましたから{n}・・・私たち・・・忍者は・・・いつかは・・・{n}うっ・・・うっ・・・{2}{7}{6:2}・ヤーさん・・・ 自分を{n}・・・せめないで・・・ください{n}・・・姉は・・・たぶん・・・{n}そうなる運命だったんだと思います{2}{7}・・・だから・・・自分を・・・{n}せめないで く・・・{19:1}だ・・・{19:1}さい・・・{n}・・・うっ・・・ お姉ちゃん・・・	…괜찮아요{n}가, 각오는…… 돼 있었으니까요{n}…우리…… 닌자는…… 언젠가는……{n}윽…… 윽……{2}{7}{6:2}・야 씨…… 자신을{n}…탓하지…… 마세요{n}…언니는…… 아마……{n}그렇게 될 운명이었던 거라고 생각해요{2}{7}…그러니까…… 자신을……{n}탓하지 마…… 세…… {19:1}요……{19:1}……{n}…윽…… 언니……	
508:0986	{6:49}・・・	{6:49}……	
508:0987	オレは・・・ オレは・・・{n}もう一度・・・ もう一度あの時にもどって{n}・・・{6:5}を {6:5}を助けてやりたい・・・	나는…… 나는……{n}다시 한 번…… 다시 한 번 그때로 돌아가서{n}…{6:5}를 {6:5}를 구해 주고 싶어……	
508:0988	あれは・・・ネズミ{n}・・・か？	저건…… 쥐{n}…인가?	
508:0989	・・・おそらくミュータントだな{n}{6:2} この下水はちょっとヤバいぞ{n}早く出よう	…아마도 돌연변이일 거야{n}{6:2}, 이 하수도는 좀 위험한데{n}빨리 나가자	
508:0990	そんなこと言ったって・・・{n}あちらさんに オレたちを{n}すなおに通す気があればの話だ	그런 말을 해도……{n}저쪽에서 우릴{n}순순히 통과시켜 줄 생각이 있어야 말이지	
508:0991	ママ・・・ ママ・・・	엄마…… 엄마……	
508:0992	お なんだボウズ どうした？{n}こんな所に一人で 道にまよったのか？	오, 뭐냐 꼬마야 무슨 일이야?{n}이런 데서 혼자, 길을 잃은 거냐?	
508:0993	お おい{6:2}💧	어, 어이 {6:2}💧	
508:0994	なくのはよせ{n}オレが ママの所に連れてってやる	울지 마라{n}내가 엄마한테 데려다줄게	
508:0995	オレの話を聞け！ {6:2}ってば！	내 말 좀 들어! {6:2}라니까!	
508:0996	なんだよ うるせーな	뭐야 시끄럽게	
508:0997	そいつ 生体光が出てないぞ	저 녀석, 생체광이 안 나오잖아	
508:0998	・・・え？💧	…엣?💧	
508:0999	おじちゃん・・・{n}ホントにママの所に連れてってくれる？{n}だって ママ死んじゃったんだよ？{n}いっしょに行ってくれるの？{2}{7}ボクも死んじゃったんだよ？{n}このホネは・・・ 誰のだと思う？	아저씨……{n}정말로 엄마한테 데려다줄 거야?{n}근데, 엄마 죽었는데?{n}그래도 같이 가 줄 거야?{2}{7}나도 죽었는데?{n}이 뼈는…… 누구 거라고 생각해?	
508:1000	ザー・・・・・・	자…………	
508:1001	反応がありません。{n}通信状態が悪いようです。	반응이 없습니다.{n}통신 상태가 나쁜 것 같습니다.	
508:1002	あんたも面会人かい？{n}こんな しんきくさい島も{n}今日だけは ちょっとマシだな{2}{7}けどよ さっき警備隊のヤツらが{n}なんか ヒソヒソ言ってたぜ{n}いまいち ノリが悪いんだよなー{n}この島は・・・	당신도 면회인이야?{n}이런 음울한 섬도{n}오늘만은 좀 낫네{2}{7}근데 아까 경비대 녀석들이{n}뭔가 소곤소곤 얘기하더라고{n}왠지 분위기가 안 좋단 말이지{n}이 섬은……	
508:1003	あんたさまが {6:3}を{n}例してくだすった方ですだね！{2}{7}あんたさまが やってくださらねば{n}面会どころじゃなかったって 聞きましただ{n}おかげさまで むすこに会うことができやす{n}ほんとに ありがとうごぜいやす	당신이 {6:3}을{n}처단해 주신 분이시죠!{2}{7}당신이 해 주지 않으셨으면{n}면회고 뭐고 없었을 거라고 들었습죠{n}덕분에 아들을 만날 수 있게 됐습죠{n}정말로 고맙습니다요	
508:1004	おい！ ハンターのだんなよ！ 何があったんだ！{n}なんか{6:3}が どうしたこうしたって・・・{n}警備隊のやつらが えらいさわぎだぜ！{n}{6:3}て何なんだ！ 何者なんだ おい！？	이봐! 헌터 양반! 무슨 일이야!{n}뭔가 {6:3}이 어쩌고저쩌고……{n}경비대 녀석들이 엄청 소란이던데!{n}{6:3}이 대체 뭐야! 뭐 하는 놈이야, 어이!?	
508:1005	あんた、ここは初めて？{n}シガレッツ、持ってるかい？{2}{7}監獄の中にゃカネはないからね{n}何かほしかったら物物交換なのさ{n}役に立つのは シガレッツと{n}ボトルと マガジンだね	당신, 여기 처음이야?{n}담배 갖고 있어?{2}{7}감옥 안엔 돈이 없으니까{n}뭔가 갖고 싶으면 물물교환이지{n}쓸모 있는 건 담배가랑{n}보틀이랑 매거진이지	
508:1006	やあやあ しょくん{n}ありがとう！ ありがとう！{n}サンキュー ベリマッチ！	야아 야아 여러분{n}고마워요! 고마워요!{n}생큐 베리머치!	
508:1007	{6:29}！{n}お誕生日おめでとうございます！	{6:29}!{n}생일 축하드립니다!	
508:1008	なんで{6:29}は 45にもなって{n}誕生日が あんなにうれしいんだろうなあ{n}・・・まあ 本人がいいなら いいけど	어째서 {6:29}은 45세나 됐는데{n}생일이 저렇게 좋은 걸까{n}…뭐, 본인이 좋다면 상관없지만	
508:1009	{6:29}が 誕生日を祝うのは・・・{n}ひょっとしたら本当に {6:19}たちのことを{n}思ってのことかもしれない・・・{2}{7}・・・いや そんなはずはないか・・・	{6:29}이 생일을 축하하는 건……{n}어쩌면 정말로 {6:19}들을{n}생각해서 그런 걸지도 몰라……{2}{7}…아니, 그럴 리 없나……	
508:1010	{6:29}！{n}明けましておめでとうございます！	{6:29}!{n}새해 복 많이 받으세요!	
508:1011	ほんとにいいのかな{n}こんなノンビリしてて・・・{n}{6:19}組識の動きがあやしいってのに・・・{n}おっと！ これはヒミツだった・・・{2}{7}だいたい{6:29}が {6:19}どもを{n}むりやり 鉱山ではたらかせるから{n}{6:19}が いかるんだ・・・{n}おっとっと！ これもヒミツだった！	정말 이래도 괜찮으려나{n}이렇게 한가해서야…… {n}{6:19} 조직의 움직임이 수상하다던데……{n}앗! 이건 비밀이었지……{2}{7}애초에 {6:29}이 {6:19}들을{n}억지로 광산에서 일 시키니까{n}{6:19}가 화를 내는 거지……{n}아차차! 이것도 비밀이었어!	
508:1012	最強最悪の殺りく生物{n}{6:3}死す・・・か{n}よくやってくれた {6:2}・ヤー{n}これで世の中は きのうより少しよくなる{2}{7}大きな声じゃ言えないが{n}{6:29}の誕生日なんかより そっちの方が{n}よっぽどめでたい・・・{n}ほんとうに よくやってくれた・・・	최강최악의 살육 생물{n}{6:3} 죽다…… 라{n}잘해 줬다 {6:2}・야{n}이걸로 세상은 어제보다 조금 나아지겠지{2}{7}큰 소리로는 말 못 하지만{n}{6:29}의 생일보다 그쪽이{n}훨씬 더 경사스럽지……{n}정말로 잘해 줬다……	
508:1013	うう・・・ ううう・・・	으으…… 으으으……	
508:1014	{6:46} 負けるんじゃねえぞ{n}必ず助けてやるからな・・・{n}お前のソードパワーを借りていくぜ	{6:46}, 지면 안 돼{n}반드시 구해 줄 테니까……{n}네 소드 파워를 빌려 가겠어	
508:1015	{6:2}は {6:46}のうでから{n}{3:0}を ぬきとりました。	{6:2}는 {6:46}의 팔에서{n}{3:0}을 뽑아냈다.	
508:1016	おい {6:2}{n}武器は忘れずに装備しろよ	이봐 {6:2}{n}무기는 잊지 말고 장비해	
508:1017	はっきり言って状態よくない。{n}細胞活性が0、002ポイントしかない。{n}こんなんで生きてる人 世界初ね	솔직히 말해 상태가 안 좋아.{n}세포 활성이 0.002포인트밖에 없어.{n}이런데도 살아있는 사람, 세계 최초네	
508:1018	いやな世界初だな・・・	달갑지 않은 세계 최초로군……	
508:1019	たのむぜ先生{n}こいつには帰りを待ってる{n}恋人がいるんだ・・・	부탁해요 선생님{n}이 녀석한텐 돌아오기를 기다리는{n}애인이 있다고요……	
508:1020	この人死んだら 研究できないね。{n}研究のためならなんでもするよ。{n}ヒッヒッヒッ	이 사람 죽으면 연구를 못 하지.{n}연구를 위해서라면 뭐든지 할 거야.{n}히히히	
508:1021	研究は楽しいね。{n}ハナウタでちゃうよ。{n}フン フン フフフン 研究はー 楽しいねー	연구는 즐겁네.{n}노래가 절로 나오네.{n}흥 흥 흐흐흥, 연구는~ 즐거워~	
508:1022	バ バウンティハンター！？{n}なんでハンターが この島に！？{n}誰か追ってるのかい？{2}{7}オレは もう悪さはしてないぜ しかもよ{n}もはん囚だから この町に自由に出入りできるんだ{2}{7}ヘヘヘ もはん囚になれば{n}ここで仕事もできる{n}オレらは 町の清掃係なんだ{2}{7}今日は{6:29}の誕生日だから{n}オレと{6:20}で この町のそうじを{n}やってるんだよ チリひとつでも落ちてると{n}{6:29}がうるさいからな・・・	바, 바운티 헌터!?{n}왜 헌터가 이 섬에!?{n}누굴 쫓고 있는 거야?{2}{7}나는 이제 나쁜 짓{n}안 해, 게다가 말이야{n}모범수니까 이 마을에{n}자유롭게 드나들 수 있어{2}{7}헤헤헤, 모범수가 되면{n}여기서 일도 할 수 있어{n}우리는 마을 청소 담당이야{2}{7}오늘은 {6:29}의 생일이니까{n}나랑 {6:20}가 이 마을 청소를{n}하고 있는 거야, 먼지 하나라도 떨어져 있으면{n}{6:29}이 잔소리하니까……	
508:1023	バウンティハンター！{n}あんたらのおかげで うちのむすこが{n}こんな所に 一生いなきゃならんのよ！{2}{7}このクソったれが・・・{n}ハジを知れハジを！{n}金のためなら何でもしやがって！	바운티 헌터!{n}당신들 때문에 우리 아들이{n}이런 데서 평생 있어야 하잖아!{2}{7}이 빌어먹을 놈아……{n}부끄러운 줄 알아 부끄러운 줄!{n}돈을 위해서라면 뭐든지 하다니!	
508:1024	シガレッツを持ってるか？{n}シガレッツ1コで おもしれえネタを{n}おしえてやるぜ	담배 갖고 있어?{n}담배 하나에 재밌는 얘기를{n}가르쳐 주지	
508:1025	オレは確かに見た。{n}女だ。 しかもすげえ美人だ。{n}さっき一人の女が ふしぎな道具を使って{n}そこのドアを開けて入っていったんだ。{2}{7}その女は いい香りがしたんだ{n}うーん あれはラビアン国にしかさかない{n}ブルーローズだ。 ブルーローズの{n}香りのする まぼろしの女か・・・	나는 분명히 봤다고.{n}여자야. 게다가 엄청 미인이었어.{n}아까 여자 한 명이 이상한 도구를 써서{n}저기 문을 열고 들어갔어.{2}{7}그 여자, 좋은 향기가 났어{n}으음, 그건 라비안국에서밖에 안 피는{n}블루로즈야. 블루로즈 향기가 나는{n}환상의 여자인가……	
508:1026	そこのジェイシティの非常口は{n}いつもガッチリと カギがかかっていたんだ。{n}でも 今はその通りさ{2}{7}誰も そこから逃げないのは{n}その先が地獄の入り口だと知ってるからさ{n}{6:19}をぜったい逃がさないため ワナや{n}危険動物でいっぱいなんだ{2}{7}今まで誰も帰って来たやつはいない{n}・・・と言われている{n}だから ついた名前がキルバレー つまり{n}殺しの・・・えーと なんだっけ？{2}{7}まあいいや その非常口を{n}もはん囚で 清掃係の{6:20}が{n}むりやりこじ開けて 通っていったんだ。{n}いったいどこへ行こうというやら・・・{2}{7}あいつが あんな力持ちとは{n}知らなかったな・・・	저기 제이시티의 비상구는{n}항상 단단히 자물쇠가 걸려 있었어.{n}근데 지금은 아니더라고{2}{7}아무도 거기로 도망치지 않는 건{n}그 앞이 지옥 입구라는 걸 알고 있어서야{n}{6:19}를 절대 못 도망치게 하려고 함정이랑{n}위험한 동물로 가득하거든{2}{7}지금까지 아무도 돌아온 자가 없어{n}…라고들 해{n}그래서 붙은 이름이 킬밸리, 즉{n}살인의…… 음 뭐였더라?{2}{7}아무튼 그 비상구를{n}모범수인 청소 담당 {6:20}가{n}억지로 비집어 열고 지나갔어.{n}대체 어디로 가려는 건지……{2}{7}그 녀석이 그런 힘이 있는 줄은{n}몰랐는데……	
508:1027	けっ ケチなヤローだ	쳇, 쪼잔한 놈이군	
508:1028	なんだ？ シガレッツもねーのか？{n}けっ シケたヤローだ	뭐야? 담배도 없어?{n}쳇, 변변찮은 놈이군	
508:1029	うわーん えーん ごめんなさーい{n}こわかったよー えーん えーん{n}もうしません えーん えーん{n}ごめんなさい えーん えーん	으앙~ 엉엉 죄송해요~{n}무서웠어요~ 엉엉 엉엉{n}다시는 안 그럴게요 엉엉 엉엉{n}죄송해요 엉엉 엉엉	
508:1030	{6:43}に何する気だったんですか？{n}それでもバウンティハンターなの？{n}こんな {6:43}に手を上げるなんて{n}犯罪者以下です サイテーです！	{6:43}한테 뭘 하려던 거예요?{n}그러고도 바운티 헌터예요?{n}이런 {6:43}에게 손을 대다니{n}범죄자만도 못해요, 최악이에요!	
508:1031	ここから先はジェイラーズ監獄だ。{n}いくらバウンティハンターといえども{n}入ることはできない。{n}さあ帰った帰った	여기서부터는 제이라즈 감옥이다.{n}아무리 바운티 헌터라 해도{n}들어갈 수 없다.{n}자, 돌아가 돌아가	
508:1032	キルバレー？ 正門のわきの{n}ハシゴをおりて 非常口のむこうだ{n}・・・お前よっぱらってるのか？{n}あんな危険な場所に何の用だ？	킬밸리? 정문 옆{n}사다리를 내려가서 비상구 너머야{n}…너 취했냐?{n}그런 위험한 곳에 무슨 볼일이야?	
508:1033	犯罪をおかせば すぐにでも通しますぜ{n}ハッピーバースデイ {6:4}！{n}今日はめでたい {6:29}の誕生日{n}ハッピーハッピー{2}{7}・・・こうやって祝ってるふりをしないと{n}殺されちまうんだ	죄를 지으면 바로 통과시켜 주지{n}해피 버스데이 {6:4}!{n}오늘은 경사스러운 {6:29}의 생일{n}해피 해피{2}{7}…이렇게 축하하는 척이라도{n}안 하면{n}죽임당할 거야	
508:1034	このジェイシティをしきってるのは{n}もはん囚の{6:25}だ。 {6:25}は終身刑だが{n}{6:29}にとりいって ジェイシティの治安係に{n}なりやがった。 ゲスなヤローさ{2}{7}みんなの ポンノのさかばを{n}いつも かしきりのつもりでいやがる{n}今もきっと そこにいるぜ	이 제이시티를 쥐고 흔드는 건{n}모범수인 {6:25}야.{6:25}는 종신형이지만{n}{6:29}에게 아부해서 제이시티 치안 담당이{n}돼 버렸지. 비열한 놈이야{2}{7}다들 즐겨 가는 폰노 술집을{n}항상 통째로 빌린 기분으로 있어{n}지금도 분명 거기 있을걸	
508:1035	さっき 青いふくをきた女が{n}かぜのように 町をかけぬけていった・・・{n}ような気がした・・・{2}{7}いったい何だったんだろう・・・ヒック{n}まぼろしか？ ちょっとストレスとかの{n}たまりすぎかな	아까 파란 옷을 입은 여자가{n}바람처럼 마을을 가로질러 갔어……{n}그런 느낌이 들었어……{2}{7}대체 뭐였을까…… 히끅{n}환상이었나? 스트레스가 좀{n}쌓인 건가	
508:1036	ドアのむこうからどなられました。	문 너머에서 고함을 질렀습니다.	
508:1037	よっぱらいは おことわりだ！	취객은 사절이다!	
508:1038	「ジェイラーズ監獄 入り口{n}らくがきがされています。{n}「たよりの無いのが よいたより	「제이라즈 감옥 입구{n}낙서가 되어 있습니다.{n}「무소식이 희소식」	
508:1039	今 でえじな話をしてるんだ！{n}うせな！	지금 중요한 얘기 하고 있다고!{n}꺼져!	
508:1040	初代{6:4}は{n}つかえていた 前の領主をうらぎって{n}この島を手に入れたとさ。{n}3代めといっても ま なりあがりだな{2}{7}そこへ行くとオレなんか{n}300年前までさかのぼる 名家の出なんだ{n}世が世なら お前らハンターなんか{n}あしもとにも よらせな・・・いてっ！	초대 {6:4}은{n}모시던 전 영주를 배신하고{n}이 섬을 손에 넣었다지.{n}3대째라고 해도 뭐, 벼락출세한 거지{2}{7}그 점에서 나 같은 건{n}300년 전까지 거슬러 오르는 명가 출신이야{n}세상이 세상이면 너희 헌터 같은 건{n}발밑에도 못 올 텐데……앗!	
508:1041	💢オレは てめーのような{n}ロクデナシのくせに 親や先祖の{n}じまんをするヤツが いちばんキライなんだ！	💢나는 네놈 같은{n}쓸모없는 주제에 부모나 선조를{n}자랑하는 놈이 제일 싫어!	
508:1042	{6:2} 親となんかあったのか？{n}ケンカしてるのか？	{6:2}, 부모님이랑 무슨 일 있었어?{n}싸운 거야?	
508:1043	知らねえよ！	몰라!	
508:1044	なんでもねえ！	아무것도 아니야!	
508:1045	まったくもう 気に入らないからって{n}ぶつことないのに・・・{n}これだから下せんの生まれは・・・{n}・・・おっと いやその モゴモゴ・・・	정말이지, 맘에 안 든다고{n}때리고 그럴 건 없잖아……{n}그러니까 하류 출신은……{n}…아차, 이런 아니 그게, 우물우물……	
508:1046	いやあ 一年に一日だけとはいえ{n}家族だんらんというのは いいものですなあ{2}{7}わたし この島には{n}一人で来てるので 家族に会えるのは{n}{6:19}と同じく今日だけなんですよ{n}あなたも ご家族の誰かに面会ですか？	허허, 1년에 하루뿐이라지만{n}가족 단란이라는 건 좋은 거지요{2}{7}저, 이 섬에는{n}혼자서 왔으니까요, 가족을 만날 수 있는 건{n}{6:19}와 마찬가지로 오늘뿐이에요{n}당신도 가족 중 누군가를 만나러 온 건가요?	
508:1047	オレに家族はいねえ	나한테 가족 같은 거 없어	
508:1048	そ それは悪いことを{n}たずねました 許してください	그, 그거 실례되는 질문을{n}드렸군요, 용서해 주세요	
508:1049	とーたん この人誰？ こわい人？	아빠, 이 사람{n}누구야? 무서운 사람?	
508:1050	い いや・・・{n}いっしょに住んでねえってだけで・・・{n}気にしねえでくれ	아, 아니……{n}같이 안 산다 뿐이지……{n}신경 쓰지 마	
508:1051	おまえー{n}{6:43}ー	당신……{n}{6:43}……	
508:1052	あんたー	여보……	
508:1053	とーたーん	아빠……	
508:1054	何 おぬしが{6:2}・ヤー{n}キャプチャー能力を持つ男。{2}{7}戦う相手の戦闘能力をうばいとり{n}無力化するとは なんたる恐ろしいワザ。{n}しかし むげに殺すよりはマシといえよう。{n}えらいぞ{6:2}・ヤー。{2}{7}{6:36}のまねをしたんじゃ{n}知っとるか？ 何知らん？ けっこう{n}カッコいいやつじゃぞ 兼っとる{n}ウマのホネの方が強いがの！ フォッフォッ	뭣이, 네놈이 {6:2}・야로구나{n}캡처 능력을 가진 남자.{2}{7}싸우는 상대의 전투 능력을 빼앗아{n}무력화한다니, 참으로 무서운 기술이구나.{n}하지만 함부로 죽이는 것보단 낫겠지.{n}장하다 {6:2}・야.{2}{7}{6:36}를 흉내 낸 거지?{n}알고 있나? 뭐, 모른다고? 꽤{n}멋진 녀석이니라, 그렇다마다{n}말뼈다귀가 더 강하지만! 호호홋	
508:1055	死んでいません。{n}よっぱらって眠っているようです。	죽은 게 아닙니다.{n}취해서 자고 있는 것 같습니다.	
508:1056	ムニャムニャ・・・{n}地下鉱山・・・きょうせいろうどう・・・{n}・・・うう・・・	냠냠…… {n}지하 광산…… 강제 노동…… {n}…으으……	
508:1057	ムニャムニャ・・・{n}もう 食えません・・・	냠냠……{n}이제 못 먹어요……	
508:1058	ぶつぶつ・・・{n}イア・・・イア・・・ハスター・・・{n}ぶつぶつ・・・	중얼중얼……{n}이아…… 이아…… 하스터……{n}중얼중얼……	
508:1059	われわれは 同志{6:20}は{n}もう死んだものと考えている・・・{n}{6:2} もしお前に危険がおよぶようなら{n}・・・ためらわずに殺せ	우리 동지들은 {6:20}가{n}이미 죽은 것으로 생각하고 있다……{n}{6:2}, 만약 너에게 위험이 닥친다면{n}…망설이지 말고 죽여라	
508:1060	今日は{6:45}の調子がいいぞ！{n}でも話し相手は JLO仲間しか{n}いないんだよな	오늘은 {6:45}의 상태가 좋네!{n}근데 얘기 상대는 JLO 동료밖에{n}없단 말이지	
508:1061	このドアは地下鉱山への かくし通路{n}おれたちJLOのトップシークレットだ{n}ナイショだぜ！ おれはその守衛なのさ{n}{6:30}さまの許可がないと あけないよ	지하 광산으로 가는 비밀 통로야{n}우리 JLO의 극비라고{n}비밀이야! 나는 그 경비지{n}{6:30}님 허가 없이는 안 열어 줘	
508:1062	あの女の子を助けに行くのか？{n}いいなあ あんたのように強ければ{n}オレが行くのに・・・{n}あの子をたのんだぜ がんばってくれよ！	그 여자애를 구하러 가는 거야?{n}부럽네, 당신처럼 강하다면{n}내가 갈 텐데……{n}그 애를 부탁할게, 힘내!	
508:1063	ウワサで聞いたんだけどよー{n}ジェイシティの{6:24}が さわやかな{n}いいやつになったらしいぜ・・・{n}変な物でも食ったのかな	소문으로 들었는데 말이야{n}제이시티의 {6:24}가 상쾌하고{n}좋은 녀석이 됐다던데……{n}뭐 이상한 거라도 먹었나	
508:1064	あんたの話だと {6:3}は{n}実在したことになるな・・・{2}{7}ボクの ふるさとでは{n}おとなが 言うことをきかない子どもを{n}おどかすための おとぎ話だったよ{n}「{6:3}が来るぞ」・・・ってね	당신 얘기를 들으니 {6:3}은{n}실제로 존재했다는 거네……{2}{7}내 고향에서는{n}어른들이 말을 안 듣는 아이들을{n}겁주기 위한 옛날이야기였어{n}「{6:3}이 온다」……라면서	
508:1065	オレは ひとのしあわせなんか{n}どうでもいい。 自分さえよければ{n}誰がどうなろうと かまわねえ。{n}・・・だから この島に来たんだけどよ。{2}{7}でも {6:30}さまのやつが{n}オレをむりやりJLOにひきこんだんだ{n}ちくしょー {6:30}さまのやつ・・・{n}言うこときかないと ぶつんだもんなー	나는 다른 사람 행복 같은 거{n}아무래도 상관없어. 나만 좋으면{n}누가 어떻게 되든 상관없다고.{n}…그래서 이 섬에 온 건데 말이야{2}{7}근데 {6:30}님이라는 녀석이{n}나를 억지로 JLO에 끌어들인 거야{n}제기랄 {6:30}님 자식……{n}말을 안 들으면 때린단 말이지	
508:1066	むかし パンも きものも いっぱいあって{n}人間どうしで うばいあわずとも{n}生きてゆける そんな夢のような時代が{n}あったんだそうだ・・・{2}{7}本当だろうか？ だったらなぜ{n}それは終わってしまったんだ？{n}もし そんな時代に生まれていれば・・・{n}オレは犯罪者にならなかった・・・かも・・・	옛날엔 빵도 옷도 잔뜩 있어서{n}인간끼리 서로 빼앗지 않아도{n}살아갈 수 있는, 그런 꿈같은 시대가{n}있었다더군……{2}{7}정말일까? 그렇다면 왜{n}그게 끝나 버린 거지?{n}만약 그런 시대에 태어났더라면……{n}나는 범죄자가 안 됐을지도…… 몰라	
508:1067	バウンティハンターめ・・・{n}弱いやつらの味方をしやがって・・・{n}てめえらさえ いなけりゃ{n}この世は犯罪者の天国なのに・・・{2}{7}そうなったら 誰をカモにするかって？{n}・・・なるほど。 そりゃもっともだね。	바운티 헌터 놈……{n}약한 녀석들 편을 들고 말이야……{n}네놈들만 없었으면{n}이 세상은 범죄자들의 천국일 텐데……{2}{7}그렇게 되면 누굴{n}먹잇감으로 삼냐고?{n}…그렇군. 그것도 맞는 말이네	
508:1068	同じJLOの仲間でも{n}オレは {6:56}や{6:39}たちは{n}見さかいなしに暴れるから 好きになれねーぜ{2}{7}{6:56}や{6:39}の名前を聞いたら{n}すぐ その場をはなれた方がいいぜ{n}何しでかすか わからねーからよ	같은 JLO 동료라도{n}나는 {6:56}이랑 {6:39}은{n}닥치는 대로 날뛰니까 안 좋아해{2}{7}{6:56}이랑 {6:39}의 이름을 들으면{n}바로 그 자리를 떠나는 게 좋아{n}무슨 짓을 할지 모르니까	
508:1069	{6:4}はワルだ。{n}オレたち{6:19}を人間あつかいしねえ。{n}その証拠を見せてやる。{2}{7}そこの壁がスイッチになっている。{n}切りつけてみろ。 そうすれば{n}デクスキャリバー監獄城の天井にぬける{n}うらルートに入れる。{2}{7}てっこつを ひたすら上にのぼると{n}ひろい空間に出る。{n}そこがデクスキャリバーの天井うらだ。{n}そこからは {6:20}が案内する。	{6:4}은 악당이야.{n}우리 {6:19}를 인간 취급 안 해.{n}그 증거를 보여 줄게.{2}{7}저기 벽이 스위치로 되어 있어.{n}베어 봐. 그러면{n}덱스캘리버 감옥성 천장으로 빠지는{n}뒷길로 들어갈 수 있어.{2}{7}철골을 쭉 위로 올라가면{n}넓은 공간이 나와.{n}거기가 덱스캘리버의 천장 뒤야.{n}거기서부터는 {6:20}가 안내할 거야	
508:1070	しっかり見てきてくれ。{n}{6:4}のウラの顔をな	확실히 보고 와{n}{6:4}의 뒷모습을 말이야	
508:1071	おっ 見ない顔だね{n}ぼくは{6:59} こわくないよ{n}だって もはん囚になって外に出たいからね{2}{7}だから ここにリングを作って{n}気ままにすごしてるんだ{2}{7}えっ ここから先に{n}行きたいの それなら そこのリングに{n}ガイコツを1こでも通したら{n}ドアを開けてあげるよ	오, 처음 보는 얼굴이네{n}나는 {6:59}, 무섭지 않아{n}왜냐면 모범수가 돼서 밖에 나가고 싶으니까{2}{7}그래서 여기 링을 만들어서{n}마음대로 지내고 있는 거야{2}{7}엣, 여기서 더 앞으로{n}가고 싶다고? 그럼 저기 링에{n}해골을 하나라도 통과시키면{n}문을 열어 줄게	
508:1072	早くやってごらんよ	빨리 해 보라고	
508:1073	4こ目のボールに{n}ならないようにね	4개째 공이{n}되지 않도록	
508:1074	私には少し予言能力があってね。{n}人の運命が見えるんだ。 どうやら私と君は{n}戦う運命にあるようだ。 だが今ここでじゃなく{n}どこか・・・ そう 別の世界で・・・	난 예언 능력이 좀 있거든.{n}사람의 운명이 보여. 아무래도 나와 너는{n}싸울 운명 같군. 하지만 지금 여기가 아니라{n}어딘가… 그래 다른 세계에서…	
508:1075	だが この世界の君には{n}これが必要だな そんな装備では{n}この先 とても生きていけないぞ	하지만 이 세계의 너에게는{n}이게 필요하겠지, 그런 장비로는{n}이 앞으로는 도저히 살아남을 수 없어	
508:1076	忘れずに装備しろよ{n}わかってるな？	잊지 말고 장비해{n}알겠지?	
508:1077	巨大な動物は よく眠っている	거대한 동물이 깊이 잠들어 있다	
508:1078	これは・・・ネズミ{n}・・・か？	이건…… 쥐{n}…인가?	
508:1079	そんなこと言ったって・・・{n}こんな所でねてられちゃ{n}ひき返すしかねえだろう なんてこった	그런 말을 해도……{n}이런 데서 자고 있으면{n}되돌아갈 수밖에 없잖아, 큰일이네	
508:1080	カギあなのあいた石がある	열쇠 구멍이 뚫린 돌이 있다	
508:1081	ここ一時間ほどのことだけど{n}なんだかときどき 地面がゆれてるような{n}気がするんだ・・・{2}{7}えっ よっぱらってなんかいないよ{n}バカにすんな{n}・・・だけどなんだか不安だなー{n}あんた なんか心あたりない？	여기 한 시간쯤 됐는데{n}왠지 가끔 바닥이 흔들리는 것 같은{n}느낌이 들어……{2}{7}엣, 취한 거 아니거든{n}바보 취급하지 마{n}…근데 왠지 불안하단 말이지~{n}당신, 뭔가 짚이는 거 없어?	
508:1082	チキショー またこわれた！{n}修理しても修理しても修理しても{n}別の所がこわれるよ！{n}もうイヤだ！ うわーん！{2}{7}採掘場に行くなら{n}4号ゲートを勝手に使ってくれ！{n}スイッチは休けい小屋の中だ！	젠장, 또 고장났어!{n}고쳐도 고쳐도 고쳐도{n}다른 데가 고장나!{n}이제 지긋지긋해! 으아앙!{2}{7}채굴장에 갈 거면{n}4호 게이트를 마음대로 써!{n}스위치는 휴게실 안에 있어!	
508:1083	鉱山で みっちりはたらいて{n}筋肉を もりもりつけて・・・{n}いつか{6:29}以下看守一同をブチのめし{n}自由の身になってやるぜ	광산에서 빡세게 일해서{n}근육을 빵빵하게 키워서……{n}언젠가 {6:29} 이하 간수 전원을 때려눕히고{n}자유의 몸이 될 거야	
508:1084	ここは 秘密の地下鉱山。{n}ビラなんとかいう石が出るんだとよ{n}すげえ危険なブツらしい・・・ 作業のあと{n}よく手をあらえって言われるんだよ{2}{7}オレたち{6:19}は鉱石掘りに{n}こき使われてるんだ おかげでメシが{n}うまいこと うまいこと・・・{n}・・・いや よろこんじゃいけねえんだ	여기는 비밀 지하 광산.{n}비라뭐시기라는 돌이 나온다더라고{n}엄청 위험한 물건인 것 같아…… 작업 후에는{n}손을 잘 씻으라고 하더라고{2}{7}우리 {6:19}는 광석 캐는 데{n}혹사당하고 있어, 덕분에 밥이{n}맛있는 거, 맛있는 거……{n}…아니, 좋아하면 안 되는 거지	
508:1085	今日は{6:29}が来てるから{n}{6:37}は しばらくもどって来ねえな{n}ヤツは{6:29}が好きだからな・・・{2}{7}いや ヤツが好きなのは{n}{6:29}がくれる給料か・・・ どっちでもいいや{n}おかげでゆっくり休めるぜ	오늘은 {6:29}이 와 있으니까{n}{6:37}는 당분간 안 돌아오겠네{n}그 녀석 {6:29}을 좋아하니까……{2}{7}아니, 그 녀석이 좋아하는 건{n}{6:29}이 주는 급료인가…… 뭐든 상관없어{n}덕분에 느긋하게 쉴 수 있어	
508:1086	カギあなのあいた石がある{n}カギは もう開けてある	열쇠 구멍이 뚫린 돌이 있다{n}열쇠는 이미 열려 있다	
508:1087	ラビアンソードを ひきぬこうとしました。{n}しかし 少しも動かせませんでした。	라비안 소드를 뽑으려 했습니다.{n}하지만 조금도 움직이지 않았습니다.	
508:1088	こっちの剣は ラビアン文字が{n}ほられてある それに このバラのかたどり{n}・・・これは ラビアン騎士でないと{n}ぬくことができないんじゃないか	이쪽 검은 라비안 문자가{n}새겨져 있어, 게다가 이 장미 모양……{n}…이건 라비안 기사가 아니면{n}뽑을 수 없는 거 아닐까	
508:1089	こっちの剣には オレの祖国の{n}ラジーンの文字が きざまれてるぜ・・・{n}「時代が騎士を呼び 運命が剣を選ぶ・・・？	이쪽 검에는 내 조국{n}라진의 문자가 새겨져 있어……{n}「시대가 기사를 부르고{n}운명이 검을 고른다……?	
508:1090	ぬいてみろよ	뽑아 봐	
508:1091	ラジーンソードを ひきぬこうとしました。{n}しかし 少しも動かせませんでした。	라진 소드를 뽑으려 했습니다.{n}하지만 조금도 움직이지 않았습니다.	
508:1092	・・・	……	
508:1093	ブツブツブツ・・・{n}36セルシウスをピークとして・・・{n}ブツブツブツ・・・{n}トランスファRNA活性が・・・	중얼중얼……{n}섭씨 36도를 피크로……{n}중얼중얼……{n}트랜스퍼 RNA 활성이……	
508:1094	RNA・・・リボソーム・・・{n}ミトコンドリア・・・ゴルジ体・・・{n}全部あるのに・・・ブツブツ・・・{n}細胞核がない・・・DNAがない・・・	RNA…… 리보솜……{n}미토콘드리아…… 골지체……{n}전부 있는데……중얼중얼……{n}세포핵이 없어…… DNA가 없어……	
508:1095	ブツブツブツ・・・{n}細胞液流動に組識的パターンが{n}みとめられる・・・ ブツブツブツ・・・{n}特定のDNAと反応すれば・・・	중얼중얼……{n}세포액 유동에 조직적 패턴이{n}확인된다…… 중얼중얼……{n}특정 DNA와 반응하면……	
508:1096	まるで・・・今まさに発生せんとする・・・{n}巨大な生物細胞のようだ・・・{n}DNA・・・しかるべきDNAさえあれば・・・{n}ブツブツブツ・・・うつくしい・・・	마치…… 지금 막 발생하려는……{n}거대한 생물 세포 같아……{n}DNA…… 적절한 DNA만 있으면……{n}중얼중얼…… 아름다워……	
508:1097	ビラニウム 20PPMでの{n}エネルギー発生は・・・{n}40PPM・・・60PPM・・・{n}ビラニウムが足りない・・・ビラニウム不足・・・{2}{7}わたしは・・・{n}いつから研究をつづけているのだろう・・・{n}以前は・・・何をやっていたのだろうか{n}・・・思い出せない{2}{7}わたしの家族は・・・名前は・・・{n}・・・いや それどころじゃない{n}研究 研究しなくちゃ	비라니움 20PPM에서의{n}에너지 발생은……{n}40PPM…… 60PPM……{n}비라니움이 부족해…… 비라니움 부족……{2}{7}나는……{n}언제부터 연구를 계속하고 있는 걸까……{n}예전에는…… 뭘 하고 있었더라{n}…생각이 안 나{2}{7}내 가족은…… 이름은……{n}…아니 그럴 때가 아니지{n}연구, 연구해야지	
508:1098	死んでいます。{n}つかれきったような死に顔です。	죽어 있습니다.{n}지친 듯한 죽은 얼굴입니다.	
508:1099	{6:2}は {6:38}のうでから{n}{3:0}を ぬきとりました。	{6:2}는 {6:38}의 팔에서{n}{3:0}을 뽑아냈다.	
508:1100	ここはセンターヤード{n}この島の どまん中さ{2}{7}オレたちは もはん囚だから{n}ここに住めるんだ もうひとがんばりすれば{n}ジェイシティへも出られる だから{n}あたらずさわらずが いちばんなのさ{2}{7}何かしでかして また監獄城に{n}ぎゃくもどりじゃ たまらんからね{n}あんたのことも知らないし{n}誰にも言わないよ	여기는 센터야드{n}이 섬의 한가운데야{2}{7}우리는 모범수니까{n}여기 살 수 있는 거야, 조금만 더 힘내면{n}제이시티로도 나갈 수 있어, 그러니까{n}튀지 않는 게 제일이지{2}{7}뭔가 저질러서 다시 감옥성으로{n}역행하면 못 견디니까{n}당신에 대해서도 모르고{n}아무한테도 말 안 할게	
508:1101	ここからさらに 島のおくまでも{n}道があるんだけど 大きな門があって{n}めったに通れない。 その門はデスゲートと{n}呼ばれていてね・・・ そう「死の門」。{2}{7}つまり そこから先は{n}死刑囚たちのパラダイス・・・{n}血も凍るような 恐ろしい場所へと{n}続いているんだ	여기서 더 섬 깊숙이도{n}길이 있는데 큰 문이 있어서{n}좀처럼 못 지나가. 그 문은 데스게이트라고{n}불리지…… 그래 「죽음의 문」.{2}{7}즉 그 너머는{n}사형수들의 파라다이스……{n}피도 얼어붙을 것 같은 무서운 곳으로{n}이어져 있어	
508:1102	デスゲートの先には 3つの城があるんだ{n}まん中が{6:52}城 東が{6:51}城{n}そして西にあるのが{6:53}城・・・{2}{7}古い城を改造して 死刑囚を{n}とじこめているんだ うろうろするだけで{n}死んでしまうような とんでもない所だと{n}聞いているよ{2}{7}今はもう 何人生き残っているかさえ{n}誰もわからない{n}もしかしたら ゆうれいしか いないかも・・・	데스게이트 너머에는{n}3개의 성이 있어{n}한가운데가 {6:52}성, 동쪽이 {6:51}성{n}그리고 서쪽에 있는 게 {6:53}성……{2}{7}낡은 성을 개조해서 사형수를{n}가둬 두고 있어, 그냥 돌아다니기만 해도{n}죽어 버릴 것 같은 터무니없는 곳이라고{n}들었어{2}{7}지금 몇 명이나 살아남았는지조차{n}아무도 몰라{n}어쩌면 유령밖에 없을지도……	
508:1103	{6:52}城には ものすごい{n}高い時計塔が ついているんだ。{n}初代{6:4}が{n}作ったものらしいんだけどね。{2}{7}オレが思うに 初代{6:4}は{n}天にのぼろうとしたんだな うん	{6:52}성에는 엄청나게{n}높은 시계탑이 있어.{n}초대 {6:4}이{n}만든 거라던데.{2}{7}내 생각엔 초대 {6:4}은{n}하늘로 오르려 한 게 아닐까, 응	
508:1104	西の{6:53}城は 昔{n}巨大なモンスター{6:19}を とじこめていた{n}独房だったらしいんだ。 だから今も{n}そのミイラがあるらしいよ{2}{7}しかも その巨大モンスター{6:19}が{n}よなよな歩き回って {6:19}を食べてるっていう{n}うわさもあるんだ{n}・・・もう オレは恐くて ちびりそうだよ	서쪽 {6:53}성은 옛날에{n}거대한 몬스터 {6:19}를 가둬 두던{n}독방이었대. 그래서 지금도{n}그 미라가 있다더라{2}{7}게다가 그 거대 몬스터 {6:19}가{n}밤마다 걸어 다니며 {6:19}를 먹는다는{n}소문도 있어{n}…이제 나는 무서워서 오줌 쌀 것 같아	
508:1105	カーボンフロアについて{n}知ってるかい？	카본 플로어에 대해{n}알고 있어?	
508:1106	そうか お前も 監獄侵入罪でつかまったら{n}カーボン刑にされるかもな 気をつけろよ	그래, 너도 감옥 침입죄로 잡히면{n}카본형에 처해질지도 모르니 조심해	
508:1107	不死身タイプのモンスターを{n}特殊なカーボン液で カチコチに{n}かためてしまう所なんだ{2}{7}やつらは そのままの形で{n}ろう人形のように {6:52}城の中に{n}かざられているらしい・・・{n}そうぞうするだけで 身のけもよだつよ	불사신 타입 몬스터를{n}특수한 카본 액으로 꽁꽁{n}굳혀 버리는 곳이야{2}{7}놈들은 그 모습 그대로{n}밀랍 인형처럼 {6:52}성 안에{n}장식되어 있다더라……{n}상상만 해도 소름이 돋아	
508:1108	何かおさがしかね わかいの？	뭔가 찾고 있나, 젊은이?	
508:1109	JLOアンダーシティはどこだ？	JLO 언더시티는 어디지?	
508:1110	しっ 声が大きい・・・{n}アンダーシティなら その家に入りなされ	쉿, 목소리가 커…… {n}언더시티라면 저 집으로 들어가게	
508:1111	{6:2} ゆだんするな ワナかもしれん{n}お前 {6:19}には うらまれているんだろ	{6:2}, 방심하지 마, 함정일지도 몰라{n}너 {6:19}한테 원한을 사고 있잖아	
508:1112	ブルーローズ・・・ と言えば{n}信じてもらえるかな？	블루로즈…… 라고 하면{n}믿어 줄까?	
508:1113	・・・すると あんたが{n}JLOに潜入してるっていう・・・	…그럼 당신이{n}JLO에 잠입해 있다는……	
508:1114	アンダーシティなら その家に入りなされ	언더시티라면 저 집으로 들어가게	
508:1115	↖ {6:53}城  {6:52}城 ↗{n}  {6:51}城 ↘	↖{6:53}성 {6:52}성↗{n} {6:51}성↘	
508:1116	ここにいるやつらは {6:30}派{n}{6:39}派にわかれていたんだ{n}でも 今は{6:30}さまのもとで{n}いっち団結してる{2}{7}非常事態が起こったんだ{n}{6:4}が何か実験をやって{n}とんでもないバケモノを作ったらしいんだ{n}それが野放しになってるらしい{2}{7}{6:39}は ヒステリーになっちゃって{n}ぜんぜん たよりにならないんだ{n}その点 {6:30}さまは おちついてて{n}たよりがいがあるね	여기 있는 녀석들은 {6:30}파{n}{6:39}파로 나뉘어 있었어{n}근데 지금은 {6:30}님 아래서{n}하나가 됐지{2}{7}비상사태가 일어났어{n}{6:4}이 뭔가 실험을 해서{n}말도 안 되는 괴물을 만들었다나 봐{n}그게 풀려났다더라고{2}{7}{6:39}은 히스테리를 일으켜서{n}전혀 의지가 안 돼{n}그 점에서 {6:30}님은 침착해서{n}믿음직스럽지	
508:1117	もと{6:39}派は いつも{n}JLAR’Sバーでたむろってるよ{n}ヤバンなやつらが多いから あまり{n}シゲキするなよ	옛 {6:39}파는 늘{n}JLAR’S 바에서 죽치고 있어{n}거친 녀석들이 많으니까 너무{n}자극하지 마	
508:1118	STALKERバーは{n}もと{6:30}派のたまり場だよ{n}けっこう知性派がそろってるね{n}もと{6:30}派には うん{2}{7}え？ オレ？ オレも{6:30}派さ	STALKER 바는{n}옛 {6:30}파의 아지트야{n}제법 지적인 녀석들이 모여 있지{n}옛 {6:30}파에는 음{2}{7}어? 나? 나도 {6:30}파야	
508:1119	{6:50}さまは行方不明になるわ{n}バケモノがおそってくるわ・・・{n}ジェイラーズ島は もうオシマイかもしれん	{6:50}님은 행방불명되지{n}괴물은 날뛰지…{n}제이라즈 섬은 이제 끝장일지도 몰라	
508:1120	このアンダーシティは われわれJLOが{n}20年の月日をかけて作った町だ。{n}いざとなれば ここにたてこもることもできる{2}{7}さすがにここまでは バケモノも{n}入ってこれないさ	이 언더시티는 우리 JLO가{n}20년이라는 세월을 들여 만든 마을이다.{n}만약의 경우엔 여기 틀어박힐 수도 있지{2}{7}과연 여기까지는 괴물도{n}들어오지 못할 거야	
508:1121	ここから見わたすアンダーシティは{n}最高よね！ わたし刑期が終わっても{n}ここにずっと住みたいわ！	여기서 내려다보는 언더시티는{n}최고야! 나 형기가 끝나도{n}여기 계속 살고 싶어!	
508:1122	秘密の通路に続くしかけで{n}あそんでいたら こわれちゃったよ{n}どうしよう また{6:39}さまに{n}しかられるよー	비밀 통로로 이어지는 장치를{n}갖고 놀다가 망가뜨렸어{n}어쩌지, 또 {6:39}님한테{n}혼나겠다~	
508:1123	オレはもと{6:39}派だが 以前から{n}{6:30}には一目おいてたんだ{n}・・・ウソくさい？ いやいやホントだとも{n}{6:30}さま バンザーイ！	나는 옛 {6:39}파지만 예전부터{n}{6:30}는 한 수 접어주고 있었어{n}…거짓말 같아? 아니 아니, 진짜라니까{n}{6:30}님 만세!	
508:1124	{6:39}さまは 頭はいいし{n}すごく強いんだけど ピンチになると{n}とたんにヒステリーになるんだ{n}リーダーには向かないタイプだな	{6:39}님은 머리도 좋고{n}엄청 강한데 위기가 닥치면{n}바로 히스테리를 일으켜{n}리더에는 안 맞는 타입이야	
508:1125	{6:4}をやっつけるために{n}D計画というテロを準備してたんだけど{n}バケモノさわぎのおかげで 一時たなあげだ{n}・・・オレは 楽しみにしてたのに・・・	{6:4}을 해치우기 위해{n}D계획이라는 테러를 준비하고 있었는데{n}괴물 소동 덕분에 일단 보류됐어{n}…나는 기대하고 있었는데…	
508:1126	総がある。{n}がくぶちに 何かかいてある。{n}「空見ろ  明快な  太陽や{n} 光輝く  広大な  海	그림이 있다.{n}액자에 뭔가 적혀 있다.{n}「하늘을 보라 명쾌한 태양이여{n} 빛나는 광활한 바다	
508:1127	総がある。{n}がくぶちに 何かかいてある。{n}「無になり 名をすてれば{n} 野にみちはひらく	그림이 있다.{n}액자에 뭔가 적혀 있다.{n}「무가 되어 이름을 버리면{n} 들판에 길이 열리리라	
508:1128	ちかごろ どうもイヤな夢を見るんだよ・・・{n}バケモノにおそわれて アンダーシティが{n}全滅してしまうんだ・・・{n}正夢にならなきゃいいけど・・・	요즘 자꾸 안 좋은 꿈을 꿔…{n}괴물한테 습격당해서 언더시티가{n}전멸해 버리는 꿈이야…{n}예지몽이 아니면 좋겠는데…	
508:1129	ウーダの守りあらんことを・・・{n}これは よく{6:50}さまが{n}言っていたことば・・・{2}{7}{6:50}さまは いだいなる騎士{n}ウーダの まつえいであられる。{n}ゆいしょ正しき{6:19}なのだ。{2}{7}この非常事態にさいして{n}{6:50}さまなら どうなさるだろうか{n}私にできることはなんだろうか・・・{n}・・・ウーダの守りあらんことを・・・	우다의 가호가 있기를…{n}이건 {6:50}님이 자주{n}하시던 말씀…{2}{7}{6:50}님은 위대한 기사{n}우다의 후예이시다.{n}유서 깊은 {6:19}인 것이다.{2}{7}이 비상사태에 처해{n}{6:50}님이라면 어떻게 하셨을까{n}내가 할 수 있는 건 뭘까…{n}…우다의 가호가 있기를…	
508:1130	{6:30}さまが連れて来た{n}あの女は誰だろう・・・ すごい美人だなあ{n}ボーイフレンドとか いるんだろうなあ	{6:30}님이 데려온{n}저 여자는 누굴까… 엄청 미인인데{n}남자친구 같은 거 있겠지	
508:1131	あなたなのね・・・	당신이었군요…	
508:1132	ん・・・？ なんだ？{n}オレが どうかしたか？	응…? 뭐야?{n}내가 왜 그런데?	
508:1133	あなたが お姉ちゃんの{n}運命の人なのね・・・ あたしが{n}誘拐されて ここに連れてこられる{n}お姉ちゃんが あたしを探しに来る・・・{2}{7}そして・・・ あなたと出会う・・・	당신이 언니의{n}운명의 사람이군요… 제가{n}납치돼서 여기로 끌려오고{n}언니가 저를 찾으러 와요…{2}{7}그리고… 당신과 만나요…	
508:1134	そして・・・ その先は・・・どうなる？	그리고… 그다음은… 어떻게 되는데?	
508:1135	・・・それは・・・	…그건…	
508:1136	言うな・・・ その先は・・・{n}オレが決める・・・	말하지 마… 그다음은…{n}내가 정한다…	
508:1137	お姉ちゃんを・・・{n}お姉ちゃんを見守ってあげて・・・	언니를…{n}언니를 지켜봐 주세요…	
508:1138	オレのことおぼえてる？{n}JLOアジトで{6:45}の前にいた{6:19}だよ{n}{6:30}さまは メカにからきし弱いから{n}オレがついててやらないとね	나 기억해?{n}JLO 아지트에서 {6:45} 앞에 있던 {6:19}야{n}{6:30}님은 기계엔 완전 약하니까{n}내가 붙어 있어 줘야지	
508:1139	・・・ボクに話しかけないでよ{n}自分の無力さをかみしめてるんだから・・・{n}せっかくD計画が おもしろくなって来た{n}とこだったのに・・・	…나한테 말 걸지 마{n}내 무력함을 생각하고 있는 중이니까…{n}모처럼 D계획이 재밌어지려던{n}참이었는데…	
508:1140	ラビアン文字とラジーン文字が書いてある。{n}ラジーン文字はこう読める。{n}「ごるどばニ 光ヲ	라비안 문자와 라진{n}문자가 적혀 있다.{n}라진 문자는 이렇게 읽을 수 있다.{n}「골도바에 빛을	
508:1141	今の変な男{n}カギを落としたわ！	방금 그 이상한 남자{n}열쇠를 떨어뜨렸어!	
508:1142	「{6:51}城の伝説{n}初代{6:4}は ここ{6:51}城で{n}金持ちの商人の4人の娘を 太陽 月 星{n}そして雷神の 生けにえにささげた{2}「しかし事実はちがった	「{6:51}성의 전설{n}초대 {6:4}은 이곳 {6:51}성에서{n}부유한 상인의 네 딸을 태양, 달, 별,{n}그리고 뇌신에게 산 제물로 바쳤다{2}「하지만 사실은 달랐다	
508:1143	「{6:51}城の伝説{n}商人の4人の娘は 初代{6:4}の{n}誘わくを かたくなに拒んだ 生けにえは{n}ふくしゅうの口実だった{2}「愛する娘たちを いっしゅんにうばわれ{n}商人は狂気におかされた	「{6:51}성의 전설{n}상인의 네 딸은 초대 {6:4}의{n}유혹을 완강히 거부했다. 제물이란{n}복수의 구실이었다{2}「사랑하는 딸들을{n}한순간에 빼앗기고{n}상인은 광기에 사로잡혔다	
508:1144	「{6:51}城の伝説{n}いかりに狂った商人は この{6:51}城を{n}死にいたらしめる ワナでうめつくした{2}「そして 初代{6:4}の非道を{n}後の世に伝えようとしてか 死にゆく{n}4人の娘の姿を 巨大な総にして残した	「{6:51}성의 전설{n}분노에 미친 상인은 이 {6:51}성을{n}죽음에 이르는 함정으로 가득 채웠다{2}「그리고 초대{n}{6:4}의 비도함을{n}후세에 전하려 했는지, 죽어가는{n}네 딸의 모습을 거대한 그림으로 남겼다	
508:1145	「{6:51}城の伝説{n}商人は 4人の娘の総の中に{n}{6:51}城の とざされた奥に進むための{n}カギとなるものをえがいた{2}「それは 娘たちの一人一人が好んだ{n}生き物だった 娘たちが 天の世界でも{n}さびしくないようにと・・・	「{6:51}성의 전설{n}상인은 네 딸의 그림 속에{n}{6:51}성의 닫힌 안쪽으로 나아가기 위한{n}열쇠가 될 것을 그려 넣었다{2}「그것은 딸들이 저마다 좋아했던{n}생물이었다. 딸들이 하늘의 세계에서도{n}외롭지 않도록…	
508:1146	ラビアン文字とラジーン文字が書いてある。{n}ラジーン文字はこう読める。{n}「かっぱーるニ 水ヲ	라비안 문자와 라진{n}문자가 적혀 있다.{n}라진 문자는 이렇게 읽을 수 있다.{n}「캇파루에 물을	
508:1147	シリンダーは空っぽです。	실린더는 비어 있습니다.	
508:1148	これはカーボン刑シリンダーだ。{n}たぶん{6:3}を入れる予定だったんだろう	이것은 카본형 실린더다.{n}아마 {6:3}을 넣을 예정이었겠지	
508:1149	カーボン刑にされると{n}ずっと悪夢を見続けるというのは本当かな	카본형에 처해지면{n}계속 악몽을 꾸게 된다는 게 사실일까	
508:1150	どうだろうな。 ウワサだからな	글쎄다. 소문이니까 말이야	
508:1151	「{6:56}・シュマイザー{n}凍結 オラード王の治世12年5月25日{n}解凍予定無し	「{6:56}·슈마이저{n}냉동 오라드 왕 치세 12년 5월 25일{n}해동 예정 없음	
508:1152	「暗殺マシン {6:57}{n}凍結 ムラク王の治世4年7月2日{n}解凍予定無し	「암살 머신 {6:57}{n}냉동 무라크 왕 치세 4년 7월 2일{n}해동 예정 없음	
508:1153	「{6:58}・ガブリエル・ランキュフスキー{n}凍結 オラード王の治世10年1月31日{n}解凍予定無し	「{6:58}·가브리엘 란큐프스키{n}냉동 오라드 왕 치세 10년 1월 31일{n}해동 예정 없음	
508:1154	「{6:9}・ラファエル・ランキュフスキー{n}凍結 オラード王の治世10年1月31日{n}解凍予定無し	「{6:9}·라파엘 란큐프스키{n}냉동 오라드 왕 치세 10년 1월 31일{n}해동 예정 없음	
508:1155	ラビアン文字とラジーン文字が書いてある。{n}ラジーン文字はこう読める。{n}「しるばすニ 炎ヲ	라비안 문자와 라진{n}문자가 적혀 있다.{n}라진 문자는 이렇게 읽을 수 있다.{n}「실바스에 불꽃을	
508:1156	こんな事になるなんて・・・{n}こんな事になるなんて・・・	이렇게 될 줄이야…{n}이렇게 될 줄이야…	
508:1157	いったい何が起きてるんだ・・・{n}{6:2}、できるかぎりデータをあつめるんだ！{n}生きている者をさがせ！{n}言っとくが{6:3}のほかにだぞ！	대체 무슨 일이 벌어지는 거야…{n}{6:2}, 가능한 한 데이터를 모아!{n}살아있는 사람을 찾아!{n}말해 두지만 {6:3} 말고 말이야!	
508:1158	船長室には 一度かんぱんに出ないと{n}行けないぞ！ 階段がふさがれていても{n}遠回りしてでも 上をめざせ！	선장실엔 일단{n}갑판으로 나가지 않으면{n}갈 수 없어! 계단이 막혀 있어도{n}멀리 돌아서라도 위를 향해!	
508:1159	ハンターの生きのこりは お前一人か・・・	헌터 생존자는 너 하나뿐인가…	
508:1160	{6:11}は・・・{n}助からんだろうな・・・	{6:11}은…{n}못 살아남겠지…	
508:1161	船長室のドアはカギがかかってる！{n}スペアキーをさがせ！	선장실 문은 잠겨 있어!{n}예비 열쇠를 찾아!	
508:1162	船長のカギを使えば{n}船長室に入れるぞ！	선장의 열쇠를 쓰면{n}선장실에 들어갈 수 있어!	
508:1163	よかった・・・{n}お前が {6:3}を例さなければ{n}どうなっていたことか・・・{n}考えたくもないぜ・・・	다행이다…{n}네가 {6:3}을 쓰러뜨리지 않았다면{n}어떻게 됐을지…{n}생각하고 싶지도 않아…	
508:1164	とにかく{6:29}に会って{n}ウーダノートのことを聞いてみようぜ	일단 {6:29}을 만나서{n}우다노트에 대해 물어보자	
508:1165	なんだ あの{6:29}・・・{n}ウーダノートって言ったら顔色が変ったぜ{n}・・・要チェックだな	뭐야 저 {6:29}은…{n}우다노트라고 하니까 안색이 변했어{n}…체크해 둬야겠군	
508:1166	たのしそうだな {6:2}{n}はやくシラフにもどってくれ{n}たのむよ・・・	즐거워 보이는군 {6:2}{n}빨리 정신 좀 차려줘{n}부탁한다…	
508:1167	少し 歩きまわろうぜ{n}データをあつめよう	좀 돌아다녀 보자{n}데이터를 모으자	
508:1168	やっぱりあの{6:29} ウーダノートのこと{n}知ってやがった・・・ 人の足もと見やがって{n}ここはおとなしく 言うことを聞くしかない{n}非常口からキルバレーに行こう{2}{7}{6:19}が脱走しないように{n}キルバレーには いろいろ手段が{n}こうじてあるそうだ。 非常にきびしいが{n}今のオレたちにはそれしかない	역시 그 {6:29} 우다노트에 대해{n}알고 있었어… 사람 약점 잡고 말이야{n}여긴 얌전히 시키는 대로 할 수밖에 없어{n}비상구로 킬밸리에 가자{2}{7}{6:19}가 탈주하지 못하도록{n}킬밸리에는 여러 수단이{n}마련되어 있다고 한다. 매우 혹독하지만{n}지금 우리에겐 그것밖에 없다	
508:1169	{6:30}が言う通り {6:29}は確かに{n}あやしいぞ・・・{n}ちょっと探っておいた方がいいな	{6:30}가 말한 대로{n}{6:29}은 확실히{n}수상해…{n}좀 캐 두는 게 좋겠어	
508:1170	やばいな{n}とにかくここを出よう	위험한데{n}일단 여기서 나가자	
508:1171	ウーダノートのありかがわかって{n}よかったな！ さっさといただいて{n}女忍者に解読してもらおうぜ	우다노트의 소재를 알아서{n}다행이야! 얼른 가져가서{n}여자 닌자한테 해독을 부탁하자	
508:1172	あの女忍者 地下鉱山に用があるって{n}言ってたな・・・{n}オレたちに そこまで来いってか・・・	그 여자 닌자, 지하{n}광산에 볼일이 있다고{n}했었지…{n}우리한테 거기까지 오라는 건가…	
508:1173	こんな所でミイラの仲間入りは{n}ごめんだぜ {6:2}{n}とにかく奥へ行こう{n}入口があるんだから出口もあるはずだ	이런 데서 미라가 되는 건{n}사양이야 {6:2}{n}일단 안쪽으로 가자{n}입구가 있으니 출구도 있을 거야	
508:1174	アンダーシティに来いと{n}女忍者が言ってたぞ	언더시티로 오라고{n}여자 닌자가 말했어	
508:1175	{6:53}城に行って {6:29}から{n}ウーダノートをとりかえそうぜ	{6:53}성에 가서 {6:29}한테서{n}우다노트를 되찾자	
508:1176	東の方の{6:51}城を探そう。{n}{6:51}リングを手に入れるんだ	동쪽에 있는 {6:51}성을 찾자.{n}{6:51} 링을 손에 넣는 거야	
508:1177	残るはシルバーリングだ{n}{6:52}城を探そうぜ	남은 건 실버 링이다{n}{6:52}성을 찾자	
508:1178	空中で方向キーを入れると{n}向きを変えられるぞ{n}最初はむずかしいかもしれないが{n}れんしゅうして そんはないぞ	공중에서 방향키를 넣으면{n}방향을 바꿀 수 있어{n}처음엔 어려울지도 모르지만{n}연습해서 손해 볼 건 없어	
