ID	원문	번역	비고
507:0000	{13}スネークバード{n}とそうだんする	{13}스네이크버드와{n}상담한다	
507:0001	{13}アイテムをつかう	{13}아이템을{n}사용한다	
507:0002	{13}アイテムを{n}もっていません	{13}아이템이{n}없습니다	
507:0003	{13}HPを50{n}かいふくします{n}20ポイント{n}しょうひします	{13}HP를 50{n}회복합니다{n}20포인트를{n}소비합니다	
507:0004	{13}ジャクに{n}ヒントを ききます	{13}잭에게{n}힌트를{n}묻습니다	
507:0005	{13}さいだいHPを{n}10ふやします{n}{9:0}ポイント{n}しょうひします	{13}최대 HP를{n}10 늘립니다{n}{9:0}포인트를{n}소비합니다	
507:0006	{13}オプションを{n}せっていします	{13}옵션을{n}설정합니다	
507:0007	{13}HPを50{n}かいふくします{n}20ポイント{n}必要です	{13}HP를 50{n}회복합니다{n}20포인트가{n}필요합니다	
507:0008	{13}さいだいHPを{n}10ふやします{n}{9:0}ポイント{n}必要です	{13}최대 HP를{n}10 늘립니다{n}{9:0}포인트가{n}필요합니다	
507:0009	{13}さいだいHPは{n}これいじょうは{n}ふえません	{13}최대 HP는{n}더 이상은{n}늘어나지{n}않습니다	
507:0010	{13}HPを50{n}かいふくします{n}いまは 必要{n}ありません	{13}HP를 50{n}회복합니다{n}지금은 필요{n}없습니다	
507:0011	{13}フェイクアイテム	{13}페이크 아이템	
507:0012	シガレッツ{9:2}コと	담배 {9:2}개와	
507:0013	ボトル{9:3}コと	보틀 {9:3}개와	
507:0014	{n}ボトル{9:3}コと シガレッツ{9:2}コで	{n}보틀 {9:3}개와 담배 {9:2}개로	
507:0015	マガジン{9:4}コと	매거진 {9:4}개와	
507:0016	{n}マガジン{9:4}コと シガレッツ{9:2}コで	{n}매거진 {9:4}개와 담배 {9:2}개로	
507:0017	{n}マガジン{9:4}コと ボトル{9:3}コで	{n}매거진 {9:4}개와 보틀 {9:3}개로	
507:0018	マガジン{9:4}コと{n}ボトル{9:3}コと シガレッツ{9:2}コで	매거진 {9:4}개와{n}보틀 {9:3}개와 담배 {9:2}개로	
507:0019	{13}  リュー・ヤー{n}いっぴきおおかみ{n}のバウンティハン{n}ター。 バランスの{n}とれたのうりょくで{n}じゃくてんがない{n}といわれる。	{13}  류・야{n}외톨이 늑대인{n}바운티 헌터.{n}균형 잡힌{n}능력으로{n}약점이 없다고{n}일컬어진다.	
507:0020	{13} Fビラン	{13} F비란	
507:0021	{13} こども	{13} 아이	
507:0022	{13}  ダンク	{13}  덩크	
507:0023	{13}  バイオス{n}ってだれ？	{13}  바이오스{n}가 누구야?	
507:0024	{13}  ダクター{n}ってだれ？	{13}  닥터{n}가 누구야?	
507:0025	{13}  フライデー{n}ってだれ？	{13}  프라이데이{n}가 누구야?	
507:0026	話者不明	화자 불명	
507:0027	{12}バックアップがいっぱいなので{n}セーヴはしません	{12}백업이 가득 찼으므로{n}세이브는 하지 않습니다	
507:0028	{3:0}を手に入れた	{3:0}을(를) 손에 넣었다	
507:0029	{3:0}を使った。	{3:0}을(를) 사용했다。	
507:0030	{3:0}を使った。{n}しかし 何もおこらなかった。	{3:0}을(를) 사용했다。{n}하지만 아무 일도 일어나지 않았다。	
507:0031	{3:0}をたべた。	{3:0}을(를) 먹었다。	
507:0032	{3:0}は{n}今は使えない。	{3:0}은(는){n}지금은 사용할 수 없다。	
507:0033	キャプチャーした者の能力を使うか？	캡처한 자의 능력을 사용할까?	
507:0034	・・・だいじょうぶか？{n}オレが助けてやったんだから{n}バウンティハンターの きまりにしたがい{n}20ポイントいただくぜ	…괜찮아?{n}내가 구해줬으니까{n}바운티 헌터의 규칙에 따라{n}20포인트 받겠다	
507:0035	のこり{9:1}ポイントだ。{n}がんばってくれよ	남은 건 {9:1}포인트다.{n}힘내줘	
507:0036	のこり{9:1}ポイントだ。{n}もう助けてやれないぞ。 つぎに{n}しっぱいしたら カイザーのところから{n}やりなおしだ。 たのむぜ もう	남은 건 {9:1}포인트다.{n}이제 더는 못 구해줘. 다음에{n}실패하면 카이저 쪽에서{n}다시 시작이야. 제발 부탁한다 정말로	
507:0037	{3:0}なら {16}{n}交換するけど あんた いっぱい持ってんじゃない{n}たりなくなったら またおいでよ	{3:0}라면 {16}{n}교환해 줄 건데 당신 많이 가지고 있잖아{n}부족해지면 또 오라고	
507:0038	{3:0}なら {16}{n}交換するけど 持ってないみたいだね・・・{n}ま フトコロがあったまったら またおいで	{3:0}라면 {16}{n}교환해 줄 건데 안 가지고 있는 것 같네…{n}뭐 주머니 사정 좋아지면 또 와	
507:0039	{3:0}なら {16}{n}交換するよ いかが？	{3:0}라면 {16}{n}교환해 줄게 어때?	
507:0040	{3:0}なら {16}{n}交換するけど 持ってないみたいだね・・・	{3:0}라면 {16}{n}교환해 줄 건데 안 가지고 있는 것 같네…	
507:0041	じゃあ {16}{n}交換するよ いかが？	그럼 {16}{n}교환해 줄게 어때?	
507:0042	はいこれ まいどあり！	자 여기 또 오세요!	
507:0043	{3:0}を 手に入れた	{3:0}을(를) 손에 넣었다	
507:0044	もっと {3:0}が ほしいかい？	더 {3:0}을(를) 원하나？	
507:0045	手に入れた武器は{n}ちゃんと装備するのよ いいね？	손에 넣은 무기는{n}제대로 장비하는 거야 알았지?	
507:0046	あら そう？{n}ま 気が変わったら またおいで ボーヤ	어머 그래?{n}뭐 마음이 바뀌면 또 와 꼬마야	
507:0047	オレはカイザー。{n}スネークバードのチームリーダーだ。{n}おまえらの しごとの報告を当局に送る	나는 카이저.{n}스네이크버드의 팀 리더다.{n}너희들 일의 보고를 당국에 보낸다	
507:0048	何がチームリーダーだ。{n}ようするに見はりだろ オレたちの	뭐가 팀 리더야.{n}결국 감시잖아 우리를	
507:0049	ほざけ {6:12}{n}お前ら 落ちこぼれどもの{n}行くすえを 見とどけてやるぜ	지껄여라 {6:12}{n}너희들 낙오자들의{n}앞날을 지켜봐 주마	
507:0050	当局は お前らには期待していない。{n}まあ せいぜい がんばるんだな	당국은 너희들에게{n}기대하지 않는다.{n}뭐 그래도 열심히 해봐라	
507:0051	当局に報告を送るか？	당국에 보고를 보낼까?	
507:0052	わかった 報告は送っておく{n}ドジをふむなよ	알았다 보고는 보내두지{n}실수하지 마라	
507:0053	報告しないか？{n}まめに報告しないと 後で なきを見るぜ{n}まあ オレは知ったこっちゃねえが・・・	보고 안 하는 거야?{n}꼬박꼬박 보고하지 않으면{n}나중에 울게 될 거다{n}뭐 난 알 바 아니지만…	
507:0054	記録はできませんが ゲームを続けます	기록은 할 수 없지만{n}게임을 계속합니다	
507:0055	ここまでのゲームを 記録しますか？	여기까지의 게임을{n}기록하시겠습니까?	
507:0056	記録せずに ゲームを続けます	기록하지 않고 게임을 계속합니다	
507:0057	きずを 手当てするかわりに{n}20ポイントさしひいていいんだな？	상처를 치료하는 대신{n}20포인트를 빼도 되는 거지?	
507:0058	けんこうは どんな宝より{n}まさるものだからな	건강은 어떤 보물보다{n}소중한 거니까	
507:0059	そうか？ まあ あまりムリはするなよ。{n}オレが こまるからな・・・	그런가? 뭐 너무 무리는 하지 마.{n}내가 곤란해지니까…	
507:0060	体を 強化するかわりに{n}{9:0}ポイントさしひいていいんだな？	몸을 강화하는 대신{n}{9:0}포인트를 빼도 되는 거지?	
507:0061	肉体強化のマジックは いつまでも{n}ききめが あるわけじゃないが まあ{n}この島を出るまでくらいは もつだろうさ・・・	육체 강화 마법은 언제까지나{n}효과가 있는 건 아니지만 뭐{n}이 섬을 나갈 때까지는 버티겠지…	
507:0062	そうか？{n}オレはどっちでも いいんだぜ	그런가?{n}나는 어느 쪽이든 상관없어	
507:0063	死んでいます。{n}一撃でやられたようです。	죽어 있습니다.{n}일격에 당한 것 같습니다.	
507:0064	このドアはロックされています。	이 문은 잠겨 있습니다。	
507:0065	私は{6:63}。 ヤミで{n}ポイントをうりさばく デンジャラスな女。{n}あなたの持ち物とひきかえに ポイントを{n}回復させてあげるわ	나는 {6:63}. 암시장에서{n}포인트를 파는 위험한 여자야.{n}당신의 소지품과 맞바꿔 포인트를{n}회복시켜 줄게	
507:0066	{3:0}を読んだ。{2}「流星とは、大気とのまさつで発光する{n}ほうき星のカケラである。 もえつきずに{n}地上に落ちた流星はイン石と呼ばれる。{2}「むかしむかし、ジェイラーズ島に{n}古代ラビアン文明がさかえていたころ、{n}この島に きみょうなイン石が落ちた{n}ことがあったという。{2}「その美しいエメラルド色のイン石には{n}ふしぎな性質があったといわれるが{n}くわしいことは 今に伝わっていない。{2}「イン石が落下してからほどなく{n}古代ラビアン文明は滅びてしまったから{n}である。	{3:0}을(를) 읽었다。{2}「유성이란, 대기와의 마찰로 빛나는{n}혜성의 파편이다。 다 타지 않고{n}지상에 떨어진 유성은 운석이라 불린다。{2}「아주 먼 옛날, 제이라즈 섬에{n}고대 라비안 문명이 번영하던 시절,{n}이 섬에 기묘한 운석이 떨어진{n}적이 있었다고 한다。{2}「그 아름다운 에메랄드빛 운석에는{n}신비한 성질이 있었다고 전해지지만{n}자세한 내용은 지금까지 전해지지 않는다。{2}「운석이 떨어진{n}지 얼마 되지 않아{n}고대 라비안 문명은 멸망해 버렸기{n}때문이다。	
507:0067	{3:0}を読んだ。{2}「古代ラビアンの人びとは、神の心に{n}かなう生き方をしていたので、神は、{n}天から美しい宝石をおくった。 それは{n}信ずる心があつまってできた石だった。{2}「ラビアンの神官たちは その宝石から{n}もっとすばらしい物を作ろうとしたが、{n}彼らの心に、うたがいがひそんでいたので、{n}石は悪魔に変わってしまった。{2}「悪魔は今でも、かつていた天に{n}帰りたいと思っていて、空にほうき星が{n}かかる時、そのしっぽにつかまって天に{n}もどろうと、高い山にのぼるのだという。	{3:0}을(를) 읽었다.{2}「고대 라비안인은 신의 마음에{n}합당한 삶을 살았기 때문에, 신은{n}하늘에서 아름다운 보석을 내려보냈다. 그것은{n}믿는 마음이 모여서 만들어진 돌이었다.{2}「라비안의 신관들은 그 보석에서{n}더 훌륭한 것을 만들려 했지만,{n}그들의 마음속에 의심이 숨어 있었기에,{n}돌은 악마로 변해 버렸다.{2}「악마는 지금도 예전의 하늘로{n}돌아가고 싶어 해서, 하늘에 혜성이{n}나타날 때, 그 꼬리를 붙잡고 하늘로{n}돌아가려고 높은 산에 오른다고 한다.	
507:0068	{3:0}を読んだ。{2}「6月30日 はれ{n}今日は重大な発見があった。{n}やはりビラニウムには、DNA生物体を{n}変化させ強化する能力があるのだ。{2}「これをメタモルフォーゼと名づけよう。{n}ただし正確な実験を行わないと、思った{n}とおりの変身は起こせないようだ。{n}力があってもバカでは意味が無い。{2}「これで古代ラビアンの秘法にまた一歩{n}近づいた。 やはり古代ラビアン人は{n}ビラニウムから武器を作ろうとして{n}いたのだ。 最強の武器を・・・{2}「古代人はメタモルフォーゼした生物を{n}コントロールできなかったようだが、{n}私にならできる。 私は天才だからだ。	{3:0}을(를) 읽었다.{2}「6월 30일 맑음{n}오늘은 중대한 발견이 있었다.{n}역시 비라니움에는 DNA 생물체를{n}변화시키고 강화하는 능력이 있다.{2}「이것을 메타모르포제라 하자.{n}다만 정확히 실험하지 않으면 생각대로{n}변신을 일으킬 수 없는 듯하다.{n}힘이 있어도 바보라면 의미가 없다.{2}「이것으로 고대 라비안의 비법에{n}또 한 걸음 가까워졌다.{n}역시 고대 라비안인은 비라니움으로{n}최강의 무기를 만들려 했던 것이다…{2}「고대인은 메타모르포제한 생물을{n}통제할 수 없었던 모양이지만,{n}나라면 할 수 있다. 나는 천재이니까.	
507:0069	{3:0}を読んだ。{2}「私は、地下鉱山で、古代ラビアン人が{n}残した古文書を発見した。{2}「昔話が本当なら、古代ラビアン人は、{n}やさしく気高いりっぱな人びとだった{n}はずだが、古文書を解読して、{n}そのイメージはくずれた。{2}「ビラニウムには、細胞を変化させる{n}だけでなく、キズついた細胞をいやす{n}ふしぎな能力があったという。 むしろ、{n}その応用を研究すべきだっただろう。{2}「しかし、古代ラビアン人は、{n}ビラニウムの、生物体を強化する能力{n}のみに注目し、人体を強化・改造して、{n}恐るべき武器を作り出したのだ。{2}「恐怖で人をおびやかし、自国を守ろう{n}としたのだ。 かつてのラビアン国は{n}神の国とも言われていたそうが、その{n}住人は、ふつうの人間だったのだろう。	{3:0}을(를) 읽었다。{2}「나는 지하 광산에서{n}고대 라비안인이{n}남긴 고문서를 발견했다。{2}「옛이야기가 사실이라면,{n}고대 라비안인은 상냥하고 고결한{n}훌륭한 사람들이었을 텐데, 고문서를{n}해독하고 나니 그 이미지가 무너졌다。{2}「비라니움에는 세포를 변화시킬{n}뿐만 아니라, 상처 입은 세포를 치유하는{n}신비한 능력이 있었다고 한다。 오히려{n}그 응용을 연구했어야 했을 것이다。{2}「하지만 고대 라비안인은{n}비라니움의, 생물체를 강화하는 능력{n}에만 주목하여 인체를 강화·개조해서,{n}두려운 무기를 만들어낸 것이다。{2}「공포로 사람을 위협해{n}자국을 지키려 했던 것이다。 한때{n}라비안 왕국은 신의 나라라 불렸지만,{n}그 주민들은 평범한 인간이었으리라。	
507:0070	{3:0}を読んだ。{2}「古文書の解読がすすみ、{n}新たな事実が明らかになった。{n}古代ラビアン人が、ビラニウムから{n}作り出した武器の正体だ。{2}「古文書に記されたその名は、今のことばに{n}すれば、「オープンエンド可変性能特殊任務{n}ライフサイクル」であった。{2}「ラビアン文字で、その頭文字をとれば{n}それは「ビラーノ」と発音されただろう。{n}おとぎ話の{6:3}は、きっとこのビラーノ{n}の恐怖がもとになったにちがいない。{2}「人体にビラニウムが作用して誕生した{n}ビラーノは、他の生物を吸収して、その{n}外見や能力を自分のものにし、無限に{n}進化を続けるという。	{3:0}을(를) 읽었다。{2}「고문서 해독이 진전되어,{n}새로운 사실이 밝혀졌다。{n}고대 라비안인이 비라니움으로{n}만들어낸 무기의 정체다。{2}「고문서에 적힌 그{n}이름은, 지금 말로{n}하면 「오픈엔드 가변성능 특수임무{n}라이프사이클」이었다。{2}「라비안 문자로 머리글자를 따면{n}그것은 「비라노」라고 발음되었을 것이다。{n}옛이야기 속 {6:3}은 분명 이 비라노{n}의 공포가 바탕이 되었음이 틀림없다。{2}「인체에 비라니움이 작용해 탄생한{n}비라노는 다른 생물을 흡수하여 그{n}외견과 능력을 자신의 것으로 삼으며 끝없이{n}진화를 계속한다고 한다。	
507:0071	「それは一体だけ作られたが、{n}コントロールをはなれ、見さかい無しに{n}殺りくを始めたため、なんらかの方法で、{n}撃破された。{2}「しかし、ビラーノはかんぜんに亡んだ{n}わけではなく、どこか人の手のとどかない{n}場所で休眠状態に入ったらしい。{2}「古文書によれば、ビラーノの{n}生活周期は、ほうき星の周期と同じであり、{n}{6:3}が再び活動するのは、ほうき星が{n}空にかかる時であろうと予言されている。{2}「今しも、「悪魔の星」と呼ばれる{n}ほうき星が、接近しつつある・・・{n}いやな予感がする・・・	「그것은 단 하나만 만들어졌으나,{n}통제를 벗어나 무차별적으로{n}살육을 시작했기에, 어떤 방법으로{n}격파되었다.{2}「하지만 비라노는 완전히 멸망한{n}것이 아니라, 어딘가 사람의 손이 닿지 않는{n}곳에서 휴면 상태에 들어간 것 같다.{2}「고문서에 따르면 비라노의{n}생활 주기는 혜성의 주기와 같으며,{n}{6:3}이 다시 활동하는 것은 혜성이{n}하늘에 걸릴 때일 것이라 예언되어 있다.{2}「바로 지금, 「악마의{n}별」이라 불리는{n}혜성이 접근하고 있다…{n}불길한 예감이 든다…	
507:0072	{3:0}を見た。{n}読めない文字やふしぎな記号が{n}見たことのない色のインクで書かれている。	{3:0}을(를) 보았다.{n}읽을 수 없는 문자와 신비한 기호가{n}본 적 없는 색의 잉크로 쓰여 있다.	
507:0073	どこからともなく男の声がする・・・{n}「{20:35}その1 あ 悪魔ビラーノを例す方法・・・ごほっ{n}うぐぐ・・・ビラーノの弱点は せなか・・・{n}後にまわって・・・せなかを ねらえ・・・う ぐ・・・{2}「{20:35}た たのむ・・・ {6:5}を・・・	어디선가 남자의 목소리가 들린다…{n}「{20:35}그 1 악마 비라노를 물리칠 방법…콜록{n}으윽…비라노의 약점은 등…{n}뒤로 돌아가서…등을 노려라…으, 으…{2}「{20:35}부, 부탁한다… {6:5}를…	
507:0074	文字はぜんぜん読めないが{n}どうやら{6:3}を後から見た総が{n}えがいてあるようだ。	글자는 전혀 읽을 수 없지만{n}아무래도 {6:3}을 뒤에서 본 그림이{n}그려져 있는 것 같다.	
507:0075	{3:0}を手にした。{n}ふつうのバラとは ちょっとちがった{n}ふしぎな香りがする。{2}記憶のかけら・・・{n}まぼろしのような女の顔。{n}エメラルド色にかがやくガラスのシリンダー。{2}巨石にきざまれた総。 死と恐怖のイメージ。{n}どこからかひびく少女の声。{2}「・・・かくしてウーダは悪魔を亡ぼした。{n}そして全ての知職を記したウーダノートを{n}後の世に残した。 いつの日か悪魔が再来する{n}その時にそなえて・・・{2}・・・夢のかけら。{n}少し ぼうっとしていたようだ。	{3:0}을(를) 손에 들었다.{n}평범한 장미와는 조금 다른{n}신비한 향기가 난다.{2}기억의 조각…{n}환영 같은 여자의 얼굴.{n}에메랄드빛으로 빛나는 유리 실린더.{2}거석에 새겨진 그림.{n}죽음과 공포의 이미지.{n}어디선가 울려 퍼지는 소녀의 목소리.{2}「…그리하여 우다는 악마를{n}멸망시키고 모든 지식을 기록한 우다노트를{n}후세에 남겼다. 언젠가 악마가 다시{n}나타날 그때에 대비하여…{2}…꿈의 조각.{n}잠시 멍해 있었던 것 같다.	
507:0076	{3:0}を手にした。{n}指がしびれるような不快な感じがする。{n}しまっておいた方がよさそうだ。	{3:0}을(를) 손에 들었다.{n}손가락이 저릴 만큼 불쾌한 느낌이 든다.{n}넣어 두는 편이 좋을 것 같다.	
507:0077	{3:0}を見た。{n}本物のような青いバラの総がえがかれている。{n}バラの総の下には きみょうな文字で{n}何やら ことばが書かれている。	{3:0}을(를) 보았다.{n}진짜 같은 파란 장미 그림이 그려져 있다.{n}장미 그림 아래에는 기묘한 문자로{n}무언가 글이 쓰여 있다.	
507:0078	「エソテクニカル・タービンエンジン用{n}高性能ねんりょう 液体オルトヒドラジン{n}危険！ 強ふしょく性！	「에소테크니컬 터빈 엔진용{n}고성능 연료 액체 오르토히드라진{n}위험! 강부식성!	
507:0079	ゲーム機があります。{n}あそびますか？	게임기가 있습니다.{n}하시겠습니까?	
507:0080	ゲーム機があります。{n}電気が切れているようです。	게임기가 있습니다.{n}전원이 꺼져 있는 것 같습니다.	
507:0081	・・・アツいぜ	…뜨겁구만	
507:0082	親指がいたいぜ	엄지손가락이 아프구만	
507:0083	・・・しまった{n}われを忘れちまったぜ	…아차{n}나도 모르게 정신없이 했구만	
507:0084	やりすぎて 水ぶくれができちまった{n}・・・バンソコ持ってないか？	너무 많이 해서{n}물집이 생겨 버렸군{n}…반창고 없나?	
507:0085	マズいな・・・{n}これじゃ仕事にならねーや	큰일이군…{n}이래서야 일을 못 하겠는걸	
507:0086	・・・早く・・・早く・・・船長室へ行け・・・{n}SOSを 発信するんだ・・・{n}上だ・・・どんどん上に・・・むかえ！・・・{2}{7}この オンボロぶねは 修理に{n}修理をかさねて 中は めいろのようだ・・・{n}まよいそうになったら Lボタンと{n}方向キーをおして あたりを見わたせ・・・{2}{7}死にたくない・・・	…빨리…빨리…선장실로 가라…{n}SOS를 발신하는 거다…{n}위다…계속 위로…서둘러!…{2}{7}이 낡아 빠진 배는 수리에{n}수리를 거듭해서 안은 미로 같다…{n}길을 잃을 것 같으면 L버튼과{n}방향키를 눌러 주위를 둘러보라…{2}{7}죽고 싶지 않아…	
507:0087	ビ・・{6:3}は・・・{n}船長室に・・・行くはずだ・・・{n}う・う・・ビラニウムが・・・{n}ぐっ・・・	비…{6:3}은…{n}선장실로…갈 것이다…{n}으・으…비라니움이…{n}끄응…	
507:0088	{6:3}に ビラニウムを くわせると{n}・・・まずい・・・強大化・・・する・・・{n}うっ・・・	{6:3}에게 비라니움을 먹이면{n}…위험하다…강대화…한다…{n}으윽…	
507:0089	{6:2}・・・オレは・・・{n}こんなとこで死にたく・・・なかったよ・・・{n}・・・また・・・いっしょに・・・お前と・・・{n}あそびたいよ・・・	{6:2}…나는…{n}이런 데서 죽고 싶지…않았어…{n}…또…함께…너랑…{n}놀고 싶어…	
507:0090	   グリ通信{n}まど ひびわれ危険 近づくな	   그리 통신{n}창문 균열 위험 접근 금지	
507:0091	ひいい・・・・{n}オレは見ちまった・・・{n}仲間が・・・頭から{6:3}にくわれちまった・・・{n}ひいいー のりうつられてた・・・ ひいいー	히이익…{n}나는 보고 말았어…{n}동료가…머리부터 {6:3}에게 먹혀버렸어…{n}히이이익 뭔가 씌어 있었어… 히이이익	
507:0092	う、う・・・ 甲板のうしろにある そうこに{n}・・・ぐっ・・・船長のカギが・・・{n}あ・・・る・・・と・・・ぐええ・・・	으, 으… 갑판 뒤에 있는 창고에{n}…끄응…선장의 열쇠가…{n}있…다…고…꾸엑…	
507:0093	動いているネットプレートを{n}わたって行くと 船長室へ行く{n}近道だけど しっぱいすると{n}下まで落ちてしまう{2}{7}いくらお前でも危険だ{n}遠回りでも そうこのまどから{n}船外へ出たほうがいい	움직이는 네트플레이트를{n}건너가면 선장실로 가는{n}지름길이지만, 실패하면{n}아래로 떨어져 버린다{2}{7}아무리 너라도 위험하다{n}돌아가더라도 창고 창문으로{n}배 밖으로 나가는 편이 낫다	
507:0094	「ビジネスクラス	「비즈니스 클래스	
507:0095	「危険物そうこ{n}液体オルトヒドラジン{n}危険！ 強ふしょく性！	「위험물 창고{n}액체 오르토히드라진{n}위험！ 강부식성！	
507:0096	「特設移動監獄{n}   グリ通信{n}無関係の者は入るべからず	「특설 이동 감옥{n}   그리 통신{n}관계자 외 출입 금지	
507:0097	「れいぞうこ	「냉동 창고	
507:0098	「ファーストクラス	「퍼스트 클래스	
507:0099	「レジャー室	「레저실	
507:0100	「そうこ	「창고	
507:0101	「エコノミークラス	「이코노미 클래스	
507:0102	「コンテナそうこ{n}   グリ通信{n}クレーンであそぶな	「컨테이너 창고{n}   그리 통신{n}크레인으로 장난치지 마시오	
507:0103	よう 仲間殺しの{6:2}・ヤーじゃねえか{n}オリの中で気持ちよくねてたのに 目がさめたら{n}このありさまだ。 どういうわけだ？	어이, 동료 살해자 {6:2}・야 아니냐{n}우리 안에서 기분 좋게 자고 있었는데{n}눈을 떠 보니 이 꼴이구만. 어떻게 된 거지?	
507:0104	ここを{6:3}が通らなかったか？	여길 {6:3}이 지나가지 않았나?	
507:0105	ねてたからわからねえ。{n}するとこいつは あのカーボン刑モンスターの{n}しわざか！ なかなかやるじゃねえか。{n}ざまあみろ	자고 있어서 몰라.{n}그럼 이건 그 카본형 몬스터의{n}짓인가! 제법이군.{n}꼴좋다	
507:0106	・・・悪いが お前をオリから{n}出すことはできない。 カギがないんだ。{n}オレたちは これから船長室に行って{n}何ができるかやってみる	…미안하지만 널 우리에서{n}꺼내 줄 수는 없어. 열쇠가 없거든.{n}우리는 지금부터 선장실로 가서{n}뭘 할 수 있는지 해 볼 거야	
507:0107	どうせ助かったとしても オレは{n}一生 監獄島でオリの中じゃねえか。{n}オレはむしろ この船にしずんでもらいたいね。{n}そしたら お前らもみんな地獄に道連れだ{2}{7}{6:2}、あきらめろ。 オレにはわかる。{n}お前には不運の星がついている。 お前に関った{n}者は みな死ぬか もっとひでえ目にあう。{n}そして お前自身も・・・ククク	어차피 살아남는다 해도 나는{n}평생 감옥섬에서 우리 안 신세잖아.{n}오히려 이 배랑 같이 가라앉았으면 좋겠구만.{n}그럼 너희도 다 같이 지옥길 동무다{2}{7}{6:2}, 포기해. 나는 안다고.{n}넌 불운의 별을 타고났어. 너랑 얽힌{n}사람은 다 죽거나 더 끔찍한 꼴을 당해.{n}그리고 너 자신도…쿠쿠쿠	
507:0108	{6:2}・ヤーよ。{n}オレを捕らえたはいいが 忘れるなよ。{n}この航海は かた道キップだ。 お前は二度と{n}シャバにはもどれねえ。 おぼえときな	{6:2}・야여.{n}날 잡은 건 좋지만 잊지 마라.{n}이 항해는 편도 티켓이야. 넌 두 번 다시{n}바깥세상으로 못 돌아가. 명심해 둬	
507:0109	なんだよ 今のは・・・	방금 그건 뭐였지…	
507:0110	ケモノの声か？	짐승 소리인가？	
507:0111	地鳴りじゃないのか？	지진 소리 아닌가？	
507:0112	・・・・・・{6:3}だよ	……{6:3}이야	
507:0113	{6:3}？	{6:3}？	
507:0114	{6:3}て・・・{n}あの{6:3}か？	{6:3}이라니…{n}그 {6:3}인가？	
507:0115	ついに捕まったらしい	드디어 붙잡힌 모양이야	
507:0116	あの{6:3}が捕まった・・・{n}ホントかよ？	그 {6:3}이 붙잡혔다고…{n}진짜냐？	
507:0117	特別編成のバウンティチームの{n}手柄ってことだ	특별 편성된 바운티팀의{n}공적이라는군	
507:0118	信じられねえ・・・	믿을 수가 없군…	
507:0119	バウンティチームにも死人が出たらしい。{n}もっとも・・・これはウワサだが・・・{n}そいつは 仲間のハンターが{n}やったんだって話だぜ・・・	바운티팀에서도 사망자가 났다는군。{n}뭐…이건 소문이지만…{n}그건 동료 헌터가{n}한 짓이라는 이야기더라고…	
507:0120	あの船で移送することに{n}なったらしい	그 배로 이송하게{n}되었다는군	
507:0121	どこへ？	어디로？	
507:0122	ジェイラーズ島さ	제이라즈 섬이지	
507:0123	ああ{n}あの{6:4}が{6:29}の{n}脱走不可能と言われる監獄島か	아아{n}그 {6:4}이 {6:29}의{n}탈옥 불가능이라 불리는 감옥섬인가	
507:0124	あの島に送りこめさえすれば{n}さすがの{6:3}も もう終りだな	그 섬에 보내버리기만 하면{n}제아무리 {6:3}이라도 이제 끝이로군	
507:0125	安心するのは まだ早いよ	안심하기엔 아직 일러	
507:0126	どういう意味だ	무슨 뜻이지	
507:0127	やつは脱走する。 おそらく	그놈은 탈옥한다。 아마도	
507:0128	しかし警備は厳重だろう・・・	하지만 경비는 삼엄하잖아…	
507:0129	みんなは やつの本当の恐ろしさを{n}知らないんだ。{n}いくら警備を厳重にしても・・・	다들 그놈의 진짜 무서움을{n}모르는 거야。{n}아무리 경비를 삼엄하게 해도…	
507:0130	おいおい！ 聞かれたらどうする！{n}バウンティチームが 船に兼り込むぞ	어이 어이！ 들키면 어쩌려고！{n}바운티팀이 배에 들이닥친다고	
507:0131	・・・・・ねえねえ{6:2}ったら、{n}たまには あたしの言うことも聞いてよ！{n}もうっ！ このガンコじじいっ！	……저기, 저기, {6:2}도 참！{n}가끔은 내 말도 좀 들어줘！{n}정말！ 이 고집불통 영감탱이！	
507:0132	責任感からだろうが{n}この航海は 危険すぎる！{2}{7}なにも お前が{n}わざわざ行かなくても {6:3}の警備は{n}ババをひいた {6:11}と{6:17}に{n}まかせれば いいじゃないか！{2}{7}やめるなら 今だぞ！{n}{6:3}はただの生物じゃない。{n}お前も 奴の恐ろしさは{n}じゅうぶんに知ってるはずだ！	책임감 때문이겠지만{n}이번 항해는 너무 위험해！{2}{7}굳이 네가{n}직접 가지 않아도 {6:3}의 경비는{n}재수 없게 걸린 {6:11}과 {6:17}에게{n}맡기면 되잖아！{2}{7}그만둘 거면 지금이야！{n}{6:3}은 그냥 생물이 아니야。{n}너도 그놈의 무서움은{n}충분히 알고 있을 텐데！	
507:0133	・・・それにしても 変だな・・・{n}{6:3}を こんな旧式の船で移送するなんて{n}当局は 何を考えてやがるんだ	…그나저나 이상하군…{n}{6:3}을 이런 구식 배로 이송하다니{n}당국은 대체 무슨 생각인 거야	
507:0134	{6:2}！ 本当にやめた方がいいよ！{n}あたしたちのチームに残って{n}ザコ相手に気ままな賞金稼ぎして くらそうよ！	{6:2}！ 정말로 그만두는 게 좋아！{n}우리 팀에 남아서 잔챙이 상대로{n}느긋하게 현상금 사냥이나 하며 살자！	
507:0135	ムダだ{6:13}。 こいつは もともと{n}チームを組むタチじゃない。 それに・・・{n}デカく稼ぐには いいチャンスだ	소용없다 {6:13}。 이놈은 원래{n}팀을 짤 성격이 아니야。 게다가…{n}크게 한탕 벌기에는 좋은 기회지	
507:0136	でも・・・{n}あっ	하지만…{n}앗	
507:0137	{6:3}が搬入されるわ	{6:3}이 반입되고 있어	
507:0138	出港するぞ！{n}お前たち、これは、{6:2}本人の意志だ。{n}ジャマをするな	출항한다！{n}너희들, 이건 {6:2} 본인의 의지다。{n}방해하지 마라	
507:0139	ふん、何さ。 当局のイヌが	흥, 뭐야。 당국의 개가	
507:0140	オレはイヌじゃない。 {6:12}だ。	나는 개가 아니다。 {6:12}이다。	
507:0141	うわーっ！ 助けてくれっ！{n}助け・・・ グェッ	으아악！ 살려줘！{n}살… 꾸엑	
507:0142	どうわっ！	우왓！	PoC
507:0143	どうした！？{n}あせが びっしょりだぞ	왜 그래！？{n}땀이 흥건하잖아	PoC
507:0144	スゲエ夢を見ちまったぜ・・・	엄청난 꿈을 꿨구만…	
507:0145	すごい夢ならオレも見た	대단한 꿈이라면 나도 꿨어	
507:0146	どんな夢だ？	무슨 꿈인데?	
507:0147	よく おぼえていないが・・・{n}{6:3}が この船から脱走して{n}ジェイラーズ島でメタモルフォーゼする夢だ	잘 기억나지 않지만…{n}{6:3}이 이 배에서 탈출해서{n}제이라즈 섬에서 메타모르포제하는 꿈이야	
507:0148	何！？・・・オレと同じ夢だ	뭐！？…나랑 같은 꿈이잖아	
507:0149	・・・・！？{n}{6:2} お前 そのアイテムで持ってる{n}バラは何だ？	…!? {n}{6:2} 너, 그 아이템으로 가진{n}장미는 뭐냐?	
507:0150	・・・ブルーローズだ・・・{n}いったいこいつは・・・！？	…블루 로즈다…{n}대체 이건…！？	
507:0151	{6:2}・・・どうやら{n}われわれが見た夢は正夢らしい・・・{2}{7}大変なことになった・・・{n}{6:3}が艦を破って逃げたらしい。{n}船内はパ{6:11}になってる	{6:2}…아무래도{n}우리가 꾼 꿈이 예지몽이었던 모양이다…{2}{7}큰일이다…{n}{6:3}이 함을 부수고 도망친 모양이다.{n}선내는 아수라장이 되었다	
507:0152	{6:2}！ 船員はほとんど全滅だ！	{6:2}! 선원은 거의 전멸이다!	
507:0153	！？ こんな短時間でか！？	!? 이렇게 짧은 시간에!?	
507:0154	ウソだと思うなら見てみろ！	거짓말이라고 생각하면 직접 봐!	
507:0155	{6:2}！ 二手に別れて{n}{6:17}をさがそう！ 助けるんだ！	{6:2}! 둘로 나뉘어서{n}{6:17}을 찾자! 구해야 해!	
507:0156	もう・・・遅い{n}行かない方がいいぞ	이미…늦었어{n}안 가는 게 나아	
507:0157	うるさい！ オレは行く！{n}{6:17}を助ける！	시끄러워! 난 간다!{n}{6:17}을 구한다!	
507:0158	どうする？{n}{6:2}、ここにじっとしていれば{n}助かる可能性は少しだけある{2}{7}ここから一歩でも外に出たら{n}お前は いやがおうにも{n}{6:3}と戦うハメになる	어떻게 할까?{n}{6:2}, 여기 가만히 있으면{n}살아남을 가능성이 조금은 있다{2}{7}여기서 한 걸음이라도{n}밖으로 나가면{n}너는 싫든 좋든{n}{6:3}과 싸우게 될 것이다	
507:0159	じっと息をひそめていれば{n}お前だけは 助かるかもしれないぞ	가만히 숨죽이고 있으면{n}너만은 살아남을지도 모른다	
507:0160	{6:2}！ 来るな！{n}来たら殺される！ ・・・ウワーッ！{n}ゲェッ！・・・	{6:2}! 오지 마!{n}오면 죽는다! …으아아악!{n}끄에엑!…	
507:0161	ここから船の側面をつたって行けば{n}船長室に早くつけそうだな・・・{n}だが海に落ちたら サメがウヨウヨだ{n}まず助からない{2}{7}{6:3}に殺られるか・・・{n}サメに食われるか・・・{n}どっちもいやだな・・・{2}{7}{6:2}、ひきかえして船内を行くか・・・{n}このまま死をかくごで側面を行くか・・・{n}どちらもゴールは同じだ。{n}運命の わかれ道になるかもな・・・	여기서 배 측면을 타고 가면{n}선장실에 빨리 도착할 수 있을 것 같군…{n}하지만 바다에 떨어지면 상어가 우글우글하다{n}먼저 살아남기 힘들다{2}{7}{6:3}에게 당하거나…{n}상어에게 먹히거나…{n}둘 다 싫은데…{2}{7}{6:2}, 돌아가서 선내로 갈 것인가…{n}이대로 죽음을 각오하고 측면으로 갈 것인가…{n}어느 쪽이든 목적지는 같다.{n}운명의 갈림길이 될지도 몰라…	
507:0162	{6:3}だ！ 甲板にいるぞ！	{6:3}이다！ 갑판에 있어！	
507:0163	{6:2}！ {6:3}が海にとびこんだぞ！{n}確認に行け！ 反対側のドアだ！	{6:2}！ {6:3}이 바다로 뛰어들었다！{n}확인하러 가라！ 반대쪽 문이다！	
507:0164	{6:3}の奴 どうやら自分から{n}ジェイラーズ島に兼り込むらしい{19:15}	{6:3} 그놈, 아무래도 제 발로{n}제이라즈 섬에 뛰어드는 모양이다{19:15}	
507:0165	待て、ゆだんするな・・・{n}{6:3}はどこに行った・・・{n}確認しなくては・・・{n}どこだっ・・・	기다려, 방심하지 마라…{n}{6:3}은 어디로 갔지…{n}확인해야만 해…{n}어디냐…	
507:0166	いた、ヤツだ！{n}さげん 10時方向！ きょり、やく200！{19:15}	있다, 그놈이다！{n}왼쪽 10시 방향！ 거리, 약 200！{19:15}	
507:0167	うぐわぁー、げげえ、う、う、{n}助げでくれー、ぐわあああ	으그와아ー, 꾸에엑, 으, 으,{n}도와주세ー, 으와아아아	
507:0168	だ、誰かー！ ビ、{6:3}に{n}{6:3}に食われるー！ ひいいー 助けてー！	누, 누구 없어ー！ 비, {6:3}에게{n}{6:3}에게 잡아먹힌다ー！ 히이이ー 살려줘ー！	
507:0169	だ、誰かー！ ビ、{6:3}が{n}{6:3}が来たー！ ひいいー 助けてー！{n}お前 なんとかしろー！	누, 누구 없어ー！ 비, {6:3}이{n}{6:3}이 왔다ー！ 히이이ー 살려줘ー！{n}네가 어떻게 좀 해봐ー！	
507:0170	ドヒャー！ そんなバカなー！{n}船長こそ なんとかしてくださいよー！	꾸아아ー！ 그럴 리가ー！{n}선장님이야말로 어떻게 좀 해주세요ー！	
507:0171	ド ドアをロックしろ{n}{6:3}が入って来るぞ！	무, 문을 잠가라{n}{6:3}이 들어온다！	
507:0172	は は はい！	네, 네, 네！	
507:0173	うぐぐ・・・そこに・・・いるやつは・・・{n}ビ、{6:3}に・・・キャプチャー・・・されかけた{n}だ・・・だけど・・・ お前さんたちが 来たから{n}・・・ぐっ・・・{6:3}は・・・ にげ・・・た・・・{2}{7}ぐふっ・・・ もう・・・だめだ・・・うっ	으윽…거기…있는 놈은…{n}비, {6:3}에게…캡처…당할 뻔했{n}는데… 너희들이 왔으니까{n}…끄윽…{6:3}은… 도망…쳤…{2}{7}끄흑… 이제…틀렸어…윽	
507:0174	船長の言っていることは ほんとうだ！{n}こいつは{6:3}じゃない！{n}{6:3}が残した分身だ！{2}{7}だが、{6:2}！ 気をつけろ！{n}力は およびもつかないが 殺りく本能は{n}{6:3}なみだ！{2}{7}今回の任務では初バトルだな{n}思うぞんぶん暴れてやれ！	선장이 한 말은 사실이다!{n}이놈은 {6:3}이 아니다!{n}{6:3}이 남긴 분신이다!{2}{7}하지만, {6:2}! 조심해라!{n}힘은 미치지 못해도 살육 본능은{n}{6:3}과 같다!{2}{7}이번 임무에서는 첫 전투로군{n}마음껏 날뛰어라!	
507:0175	すこし ヤセたんじゃないのかい？	조금 야윈 거 아니니?	
507:0176	シガレッツ持ってきてくれたのかよ{n}おふくろ	담배 가져다준 거야?{n}엄마	
507:0177	ふくろに入ってるよ	봉투에 들어 있단다	
507:0178	ここで作ってるシガレッツは{n}マズくて しょうがねえ	여기서 만드는 담배는{n}맛이 없어서 참	
507:0179	ちゃんと 食べてるのかい？{n}病気にでもなったら・・・	제대로 챙겨 먹고 있니?{n}병이라도 나면…	
507:0180	へっ・・・どうせ一生出られねえんだ。{n}いっそ 早死にしてえよ	흥…어차피 평생 못 나가는데.{n}차라리 일찍 죽는 게 낫겠어	
507:0181	そんなこと言わないどくれよ・・・{n}母さんはね、年に一度、この{n}{6:4}{6:29}の誕生日にしか{n}できない面会を楽しみに・・・	그런 말 하지 말려무나…{n}엄마는 말이지, 1년에 한 번, 이{n}{6:4} {6:29}의 생일에만{n}가능한 면회를 낙으로 삼아…	
507:0182	・・・今年も ずいぶんと にぎやかだねえ・・・	…올해도 꽤 떠들썩하네…	
507:0183	この日だけはな。{n}あのクソ{6:29}も きげんがいいらしい	오늘만큼은 말이야.{n}그 빌어먹을 {6:29}도 기분이 좋은 모양이야	
507:0184	秩序・・・そう、秩序こそが{n}ジェイラーズ島で生きるために{n}胸にきざむべき ことばである。{n}だが・・・今日だけは・・・{2}{7}この私の誕生日の 今日だけは・・・{n}しばし、そのことばを 忘れよう・・・{n}それが私の 寛大なる・・・{n}心の あかしだからだ！・・・{2}{7}しょくん！{n}私の誕生日を祝ってくれて{n}ありがとう！ ありがとう！{n}サンキューベリマッチ！	질서…그래, 질서야말로{n}제이라즈 섬에서 살아가기 위해{n}가슴에 새겨야 할 말이다.{n}하지만…오늘만큼은…{2}{7}나의 생일인 오늘만큼은…{n}잠시, 그 말을 잊어버리자…{n}그것이 나의 관대한…{n}마음의 증표이기 때문이다!…{2}{7}제군!{n}내 생일을 축하해 줘서{n}고맙다! 고맙다!{n}생큐 베리 머치!	
507:0185	おい！ {6:20}！ 待てよ	어이! {6:20}! 기다려	
507:0186	{6:20}・・・お前、{6:19}地下組識、{n}ぞくに言うJLOに入ったってウワサは{n}本当なのか？	{6:20}…너, {6:19} 지하조직,{n}세간에서 말하는 JLO에 들어갔다는 소문이{n}사실이냐?	
507:0187	こんなとこで長話してるヒマはないんだ	이런 데서 긴 얘기 할 시간 없어	
507:0188	JLOが近くテロを起こすって話は・・・	JLO가 곧 테러를{n}일으킨다는 얘기는…	
507:0189	うるさい！{n}・・・あんたのこと、オレ、誘ったよな。{n}でも あんたは来なかった。{n}あんたはコシヌケだ	시끄러워!{n}…너 말이야, 나, 꼬셨었잖아.{n}근데 넌 안 왔지.{n}넌 겁쟁이야	
507:0190	・・・手に持ってるのは何だ？	…손에 든 건 뭐야?	
507:0191	・・・ビラニウムさ。{n}地下鉱山からくすねてきた	…비라니움이야.{n}지하 광산에서 훔쳐 왔어	
507:0192	ビラニウムを！？ なんてことを・・・	비라니움을!? 무슨 짓을…	
507:0193	これと交換に すげえ武器を{n}つごうしてくれる奴と待ち合わせてる{n}テロには武器が必要だからな	이거랑 교환으로 엄청난 무기를{n}마련해 주겠다는 놈이랑 만나기로 했어{n}테러에는 무기가 필요하니까	
507:0194	見つかったら殺されるぞ！	들키면 죽는다고!	
507:0195	何もしなくても、ここでは同じさ。{n}行くぜ。 コシヌケには用はないよ	아무것도 안 해도{n}여기선 마찬가지야.{n}간다. 겁쟁이한텐 볼일 없어	
507:0196	{6:20}・・・	{6:20}…	
507:0197	あれえ 武器ブローカーの奴{n}まだ来てねえな・・・	어라, 무기 브로커 녀석{n}아직 안 왔네…	
507:0198	くそ いつまで待たせる気だ・・・{n}武器を持ってアジトにもどらなきゃ{n}{6:30}さまに おこられちゃうよ	젠장, 언제까지{n}기다리게 할 셈이야…{n}무기를 갖고 아지트로 돌아가지 않으면{n}{6:30}님한테 혼나겠네	
507:0199	おそいぞ！ ・・・うわっ！{n}な、なんだ お前は！{19:12}	늦잖아! …우왓!{n}뭐, 뭐야 너는!{19:12}	
507:0200	うわー！ ・・・{19:8}	으아악! …{19:8}	
507:0201	ぐ・・・ぐわああ！ ・・・{19:8}	그윽…그아아아! …{19:8}	
507:0202	自動航路そうちで 何とか{n}ジェイラーズ島には たどりつけたが・・・{n}何かイヤなふんいきだな・・・{n}それに 悪のニオイがプンプンするぜ	자동항로장치로 어찌어찌{n}제이라즈 섬까지는 도착했지만…{n}왠지 꺼림칙한 분위기인데…{n}게다가 악의 냄새가 풀풀 풍기는군	
507:0203	・・・とにかく、{6:4}{6:29}に会って{n}{6:3}が脱走して この島に上陸した可能性が{n}あることを伝えよう！	…어쨌든 {6:4} {6:29}님을 만나{n}{6:3}이 탈주해서 이 섬에 상륙했을 가능성이{n}있다는 걸 전하자!	
507:0204	動くな！ 動くと命はないぞ！	움직이지 마! 움직이면{n}목숨은 없다!	
507:0205	ちょっと待ってくれ！！{n}オレは ラジーン国のバウンティハンターだ。{n}カーボン刑囚の{6:3}が 移送中に{n}船内から脱走した。{2}{7}オレたちのほかに 生き残ったのは{n}終身刑の{6:42}一人だ。 あとは全員{6:3}に{n}殺された。 {6:45}もはかいされて 連絡が{n}とれなかった。 すぐに{6:29}に会いたい	잠깐 기다려 줘!!{n}나는 라진 국의 바운티 헌터다.{n}카본형 죄수인 {6:3}이 이송 중에{n}선내에서 탈주했다.{2}{7}우리 말고 살아남은 건 종신형인{n}{6:42} 한 명뿐이다. 나머지는 전원 {6:3}에게{n}살해당했다. {6:45}도 파괴돼서 연락이{n}닿지 않았다. 당장 {6:29}님을 만나고 싶다	
507:0206	・・・そのまま ゆっくり歩け	…그대로 천천히 걸어라	
507:0207	現在、{6:29}の命令で この島は{n}厳戒態勢にある。{n}いかなる人物も 監獄内には 入れない	현재 {6:29}님의 명령으로 이 섬은{n}엄중 경계 태세에 있다.{n}어떤 인물도 감옥 안에는 들여보낼 수 없다	
507:0208	{6:4}{6:29}に会わせてくれ	{6:4} {6:29}님을 만나게 해 줘	
507:0209	ダメだ。 われわれは命令を{n}遂行するだけだ。 いくら言ってもムダだ。	안 돼. 우리는 명령을{n}수행할 뿐이다. 아무리 말해도 소용없다.	
507:0210	{6:3}が この島に上陸するかも{n}しれないんだぞ！{n}いや もう上陸しているかも・・・	{6:3}이 이 섬에 상륙했을지도{n}모른다고!{n}아니, 이미 상륙했을지도…	
507:0211	だからこうして厳戒態勢を{n}しいているんだ。 このあたりと となりの{n}ジェイシティだけなら 自由にしてよい。{2}{7}{6:42}の身がらは われわれが後で{n}運んでおく。 ごくろうだった。{n}てきとうに監獄みやげでも買って{n}3日後に来る船に兼って帰れ！	그래서 이렇게 엄중 경계 태세를{n}갖추고 있는 거다. 이 일대와 옆의{n}제이시티만이라면 자유롭게 다녀도 좋다.{2}{7}{6:42}의 신병은 우리가 나중에{n}옮겨 두겠다. 수고했다.{n}적당히 감옥 선물이라도 사서{n}3일 뒤에 오는 배를 타고 돌아가라!	
507:0212	ひとことだけ 忠告してやる・・・{n}この島は オマエみたいなバウンティハンターを{n}にくんでいるやつが ウヨウヨしている。{n}せいぜい 気をつけることだな！	한마디만 충고해 주지…{n}이 섬은 너 같은 바운티 헌터를{n}증오하는 놈들이 우글우글하다.{n}부디 조심하는 게 좋을 거다!	
507:0213	・・・やっぱり・・・{n}クラスAプラスの{6:3}反応だ・・・{n}ヤツはこの島にいる・・・どこかにいる・・・	…역시…{n}클래스 A플러스의 {6:3} 반응이다…{n}그놈은 이 섬에 있다…어딘가에 있어…	
507:0214	おそらくヤツは ここで誰かを{n}キャプチャーして 町にまぎれこんだんだ{n}・・・こいつは やっかいだぜ いったい{n}誰をキャプチャーしやがったんだ？	아마 그놈은 여기서 누군가를{n}캡처해서 마을에 숨어든 거다{n}…이거 성가시게 됐군, 대체{n}누구를 캡처한 거야?	
507:0215	こいつは ビラニウムの原石・・・{n}なんで原石が こんなところに・・・{n}まさか・・・ この島にビラニウム鉱山が？	이건 빌라늄 원석…{n}왜 원석이 이런 곳에…{n}설마…이 섬에 빌라늄 광산이?	
507:0216	しかし{6:4}から{n}そんな報告は受けてない・・・{n}・・・{6:2}・・・いやな予感がするぜ・・・	하지만 {6:4}한테서{n}그런 보고는 못 받았는데…{n}…{6:2}…불길한 예감이 드는군…	
507:0217	コラコラ ここは おめえみたいな{n}バウンティハンターは たち・{19:1}いり・{19:1}きん・{19:1}し・{19:1}だ{n}一歩た・{19:1}り・{19:1}とも 通しゃしねえ{n}なんてったって ここは・・・ヒック{2}{7}ここから先は 犯罪者以外は{n}入らせねえ・・・ヒック・・・わかったか{n}このバウンティハンターのゲスヤローが・・・{n}ウィー・・・{2}{7}だけどよ にいちゃん 今日はー{n}特別だ。 何といっても {6:29}さまの{n}お誕生日だからな ヒック どうだ！	어이 어이, 여긴 네놈 같은{n}바운티 헌터는 출・{19:1}입・{19:1}금・{19:1}지・{19:1}다{n}한 발・{19:1}짝・{19:1}도 못 지나간・{19:1}다{n}뭐니 뭐니 해도 여긴…히끅{2}{7}여기서부터는 범죄자 외에는{n}못 들어가…히끅…알았냐{n}이 바운티 헌터 자식이…{n}위이…{2}{7}근데 말이야 형씨, 오늘은ー{n}특별이야. 뭐니 뭐니 해도 {6:29}님{n}생신이니까 말이지 히끅, 어때!	
507:0218	オレのボトルを のみほしたら・・・{n}ここから先を通してやるぜ！ へへ・・・	내 보틀을 다 마시면…{n}여기서부터 지나가게 해 주지! 헤헤…	
507:0219	ふざけたヤローだ！{n}おれのボトルを のめねえのか？	장난하는 거냐!{n}내 보틀도 못 마셔?	
507:0220	{6:2}は {6:19}のボトルを 一気に{n}のみほしました。	{6:2}는 {6:19}의 보틀을 단숨에{n}다 마셔 버렸습니다.	
507:0221	こらスゲエや こんな強いボトルを{n}一気にのむなんて・・・ヒック{n}おめえ・・・アルコールがまわって{n}ぶったおれるぜ！ ・・・まあ いいや{2}{7}やくそくだ 通してやろう{n}よっぱらって暴れまわるなよ！	오오 대단한데, 이렇게 독한 보틀을{n}단숨에 마시다니…히끅{n}너…알코올이 돌면{n}쓰러질 거야! …뭐 됐어{2}{7}약속이다 통과시켜 주마{n}취해서 난동 부리지 마!	
507:0222	よっぱらって暴れまわるなよ！	취해서 난동 부리지 마!	
507:0223	うおおー {6:38}許してくれ{n}くそーてめえー {6:3}！！{n}うおおーオレが悪かった うおおおー ヒック{n}オレが オレが殺したんだよおおお！！	우오오ー {6:38} 용서해다오{n}제길ー 네놈ー {6:3}!!{n}우오오ー 내가 잘못했어 우오오오ー 히끅{n}내가 내가 죽인 거라고오오오!!	
507:0224	{6:2}！？ どうしたんだ！{n}こら 落ちつけ！	{6:2}!? 왜 그래! {n}이봐, 진정해!	
507:0225	やい！ バウンティハンターのバカ！{n}どうして ぼくの おとうちゃんを{n}つかまえたりしたんだよー{n}ぼくが ぼくが さびしいじゃないか{2}{7}バカ バカ バカ{n}おまえなんか やっつけてやる{n}えーん えーん えーん	야! 바운티 헌터 바보!{n}왜 내 아빠를{n}잡아간 거야ー{n}내가, 내가 외롭잖아{2}{7}바보 바보 바보{n}너 같은 거 혼내 줄 거야{n}으앙 으앙 으앙	
507:0226	{6:3} てめえ！{n}せせら笑ってやがるな！ ヒック{n}チクショー ぶっ殺してやる！	{6:3} 이 자식!{n}비웃고 있구나! 히끅{n}젠장, 죽여 버리겠어!	
507:0227	や、やめろ！ {6:2} 目をさませ！{n}相手は面会に来た 罪もない{6:43}だぞ！{n}おい！ 目をさませ！ {6:2}ッ！	그, 그만둬! {6:2} 정신 차려!{n}상대는 면회 온 죄 없는 {6:43}라고!{n}이봐! 정신 차려! {6:2}!	
507:0228	な、なんなんだ 今のは・・・{n}と、とにかく {6:43}が無事でよかった・・・{n}・・・うん？ ・・・リュ、{6:2}！	뭐, 뭐였지 방금 그건…{n}아, 아무튼 {6:43}가 무사해서 다행이다…{n}…응? …류, {6:2}!	
507:0229	ど、どうしたんだ その顔のキズは？{18}	무, 무슨 일이야 그 얼굴 상처는?{18}	
507:0230	確かに見たやつが いるんだよ{n}あれは女だ。 女がキルバレー地帯に{n}まぎれこんでる	확실히 본 녀석이 있다고{n}그건 여자다. 여자가 킬밸리 지대에{n}숨어들었어	
507:0231	うそだ！{n}あそこに オレの許可なく入れるやつは いねえ！{n}しかも女なんかが	거짓말이야!{n}거기에 내 허가 없이 들어갈 놈은 없어!{n}게다가 여자 따위가	
507:0232	どっかから忍びこんだんだろう。{n}どうすんだ？ あそこの見はりは{n}お前の責任だぞ{2}{7}{6:29}にばれたら お前はヘイの中に{n}ぎゃくもどりだな{n}せっかく この町に出られたのにな ヘヘヘ	어딘가로 몰래 숨어든 거겠지.{n}어쩔 거야? 거기 감시는{n}네 책임이잖아{2}{7}{6:29}한테 들키면 넌 담장 안으로{n}다시 처넣어지겠군{n}모처럼 이 마을로 나왔는데 말이야 헤헤헤	
507:0233	わっ きたねえ！{n}なにすんだよ！	와, 더러워!{n}뭐 하는 거야!	
507:0234	オレをバカにするな{n}こんどはハナクソつけるぞ{n}ブタヤロー	날 바보 취급하지 마{n}이번엔 코딱지 붙일 테다{n}돼지 자식	
507:0235	なんだ てめえ？{n}バウンティハンターか？{n}なんで こんなところにいる{2}{7}まあいい オレは{6:25}だ{n}いっぱい おごろう{n}その{6:26}に話しかけな	뭐야, 너? {n}바운티 헌터냐?{n}왜 이런 데 있어{2}{7}뭐 됐다, 나는 {6:25}다{n}한잔 사지{n}그 {6:26}한테 말을 걸어 봐	
507:0236	へっ 礼なんか よせやい{n}ハンターと{6:19}が なかよくなっちゃ{n}世もすえって やつだぜ{n}はやく{6:26}に話しかけな	헤, 인사는 됐어{n}헌터랑 {6:19}가 친해지면{n}세상 말세라는 거지{n}빨리 {6:26}한테 말 걸어 봐	
507:0237	オレにも ドゲザしてくれるのか？{n}こしぬけバウンティハンターさんよ	나한테도 무릎 꿇어 줄 거야?{n}겁쟁이 바운티 헌터 나리	
507:0238	てめえみたいな バウンティハンターに{n}のますサケはねえ！ うせろ ゲスヤロー	너 같은 바운티 헌터한테{n}먹일 술 같은 건 없어! 꺼져 이 자식	
507:0239	{6:25}さんのおごりだ。{n}何でも好きなサケを言いな！	{6:25} 씨가 사는 거다.{n}아무거나 원하는 술 말해 봐!	
507:0240	お前に話することなんか ねえぜ！	너한테 할 말 같은 거 없어!	
507:0241	{6:2}！ やめとけ、サケは・・・{n}それより気になることを言ってたな{n}キルバレー地帯に女が忍びこんだとか・・・{2}{7}・・・{6:3}かもしれない・・・{n}いや、ちょっと待て！	{6:2}! 그만둬, 술은…{n}그보다 신경 쓰이는 말을 했었지{n}킬밸리 지대에 여자가 숨어들었다던가…{2}{7}…{6:3}일지도 몰라…{n}아니, 잠깐만!	
507:0242	さっき言ったことは すべてとりけしだ{n}いま この店の外に{6:3}反応を感じた！{2}{7}いま ドアの外を通った！{n}監獄入り口にむかってる すぐ追え！{n}いそげ{6:2} 外だ！ 外だ！	방금 한 말은 전부 취소다{n}지금 이 가게 밖에서 {6:3} 반응이 있었다!{2}{7}지금 문밖을 지나갔다!{n}감옥 입구로 향하고 있다, 바로 쫓아라!{n}서둘러 {6:2}, 밖이다! 밖이다!	
507:0243	てめえ！ バウンティハンター！{n}オレに近づくな！{n}何しに来やがったんだ このクソッたれが{n}くそっ はきそうだ ウゲッゲゲゲー	이 자식! 바운티 헌터!{n}나한테 가까이 오지 마!{n}뭐 하러 온 거냐 이 개자식이{n}젠장, 토할 것 같아 우게게게ー	
507:0244	おっと！ ハンターのだんな{n}ここを通すわけには いかねえよ{n}おめえらみてえのがいるから オレは{n}こんな島にいるんだ 許さねえ	어이쿠! 헌터 나리{n}여기 통과시킬 순 없지{n}너희 같은 녀석들이 있으니까 내가{n}이런 섬에 있는 거야, 용서 못 해	
507:0245	自業自得だ。 そこをどけ	자업자득이다. 비켜라	
507:0246	くそっ {6:3}反応が{n}遠ざかっていく{n}どけってんのが わからないのかっ！	젠장, {6:3} 반응이{n}멀어지고 있어{n}비키라는 게 안 들려?!	
507:0247	何をグダグダ言ってんだ{n}どいてほしけりゃ ドゲザしな	뭘 구시렁구시렁 떠드는 거야{n}비키길 바라면 무릎 꿇어	
507:0248	おい！ {6:2}{n}こんなところでバトルをやってるヒマはない{n}とりあえずドゲザしとけ	야! {6:2}{n}이런 데서 전투 벌일 틈 없어{n}일단 무릎 꿇어 둬	
507:0249	これでいいか	이러면 되냐	
507:0250	こりゃケッサクだぜ！{n}おい{6:25} こいつ こしぬけヤローだぜ{n}おめえみたいなクソヤロー 殺しても{n}何の得にもなんねえぜ！ さっさと行け！	이거 걸작이네!{n}야 {6:25}, 이 녀석 겁쟁이 자식이야{n}너 같은 쓰레기 죽여 봤자{n}아무 득도 안 돼! 빨리 가!	
507:0251	これからは{n}ドゲザハンターってよんでやるぜ{n}{6:2}・ヤーさんよ	앞으로는{n}무릎꿇이 헌터라고 불러 주지{n}{6:2}・야 나리	
507:0252	ちょっと待て・・・あ・・・あそこだ{n}あの トカゲのモンスター！ 監獄入り口だ！{n}{6:3}はあいつをキャプチャーしてる！{n}早く追え！	잠깐만…아…저기다{n}저 도마뱀 몬스터! 감옥 입구다!{n}{6:3}이 저놈을 캡처했어!{n}빨리 쫓아라!	
507:0253	お前 {6:2}・ヤーだな{2}{7}タレコミがあったぜ・・・{n}バウンティハンターの中でも{n}とりわけ悪名のたかい {6:2}・ヤーが{n}島をうろついてるってな{2}{7}この ジェイラーズ監獄にはな{n}おめえさんを殺しても あきたらないほど{n}にくんでるやつが たくさんいるのよ{2}{7}だからよ この{6:25}さんが{n}お前を殺して その首をやつらに見せたら{n}どうなると思う？{2}{7}やつらは大よろこびさ へへ・・・{n}そしてオレたちは お礼がもらえる・・・{n}・・・そういうわけで{n}ちょっと こっちへ来てもらおう	너 {6:2}・야지{2}{7}밀고가 들어왔어…{n}바운티 헌터 중에서도{n}유독 악명 높은 {6:2}・야가{n}섬을 어슬렁거리고 있다고{2}{7}이 제이라즈 감옥에는 말이야{n}너를 죽여도 성에 안 찰 만큼{n}증오하는 놈들이 잔뜩 있어{2}{7}그러니까 이 {6:25}님이{n}너를 죽이고 그 목을 놈들한테 보여 주면{n}어떻게 될 것 같아?{2}{7}놈들은 대환영이겠지, 헤헤…{n}그리고 우리는 사례를 받고…{n}…그런 이유로{n}잠깐 이쪽으로 좀 와 줘야겠어	
507:0254	いま {6:24}が言ったことだけじゃねえ{n}お前 仲間がいるだろ？{n}キルバレーに忍びこんだ女は{n}お前の仲間だろ？ わかってるぜ{2}{7}{6:2}・ヤー何ぼのもんじゃい！{n}ぶち殺したる！	방금 {6:24}가 한 말뿐만이 아니야{n}너, 동료가 있지?{n}킬밸리에 숨어든 여자는{n}네 동료지? 다 알고 있어{2}{7}{6:2}・야가 별거냐!{n}죽여 버리겠어!	
507:0255	{6:25}と 戦いますか？	{6:25}와 싸우시겠습니까?	
507:0256	バトルを かいひするには{n}{9:0}ポイント必要です{n}いいですか？	전투를 회피하려면{n}{9:0}포인트가 필요합니다{n}그러시겠습니까？	
507:0257	ポイントがたりないので{n}バトルを かいひできません	포인트가 부족해서{n}전투를 회피할 수 없습니다	
507:0258	よし じゃ{n}ここはオレにまかせとけ{2}{7}{6:19}ナンバー 1100の2101 {6:25}！{n}きさま 自分では 強とう殺人で{n}20人殺したと言っているそうだが ホントは{n}まんびきの じょうしゅう犯だな！	좋아, 그럼{n}여긴 나한테 맡겨{2}{7}{6:19} 1100의 2101 {6:25}!{n}네놈, 강도살인으로 20명 죽였다고{n}떠들고 다닌다는데 사실은{n}들치기 상습범이지!	
507:0259	な・・・ {6:25}？	뭐…{6:25}?	
507:0260	{6:19}ナンバー 1190の5424 {6:24}！{n}きさまは じしょう18人殺しだが{n}ホントは ノゾキで捕まったんだろ？	{6:19} 넘버 1190의{n}5424 {6:24}!{n}네놈은 18명 살해범이라고 하지만{n}사실은 훔쳐보기로 잡힌 거지?	
507:0261	{6:24}！ き、きさまこそ！	{6:24}! 네, 네놈이야말로!	
507:0262	殺人犯でないのは すくなくとも{n}悪いことじゃあない。 だが・・・{n}お前たちがおどしつけてきた ほかの{n}{6:19}たちは これを知ったら どう思うかな{2}{7}そういうことだ・・・{n}すっこんでろ、ザコ！{n}{6:2}、行こうぜ。	살인범이 아닌 건 적어도{n}나쁜 일은 아니지. 하지만…{n}너희가 위협해 온 다른{n}{6:19}들은 이걸 알면 어떻게 생각할까{2}{7}그런 거다…{n}꺼져 있어, 잡졸!{n}{6:2}, 가자.	
507:0263	あ あのよー	저, 저기 말이야ー	
507:0264	まだ何か用か！	아직도 무슨 볼일이 있어!	
507:0265	くわしいことは わからねえが{n}あんたたち 監獄の中に行きてえんだろ？{n}ヘヘヘ べんりなカギをやるからよ・・・{n}そのかわり・・・	자세한 건 모르겠지만{n}너희들 감옥 안에 가고 싶은 거지?{n}헤헤헤, 편리한 열쇠를 줄 테니까…{n}그 대신…	
507:0266	とりひきできる立場か！{n}よく考えて物を言え・・・{n}カギをおいて とっととうせろ！	거래할 입장이냐!{n}잘 생각하고 말해…{n}열쇠 두고 당장 꺼져!	
507:0267	どひぇえーっ	끄히이이익	
507:0268	ちょっと待ってくれ！{n}あ、あやまるから リュ、{6:2}・ヤーさんよ{n}たのむよ かんべんしてくれよ ダ {6:25}が{n}やっちまおうって言うから・・・	잠깐만 기다려 줘!{n}사, 사과할 테니까 류, {6:2}・야 나리{n}부탁이야 용서해 줘 다, {6:25}가{n}해치우자고 해서…	
507:0269	ヘヘヘ スマンッす{n}でへへ 許せよー	헤헤헤 미안하슴다{n}데헤헤 용서해 줘ー	
507:0270	まったく冗談じゃない。{n}{6:3}移送の船とは 通信がとだえるは、{n}いきなり入港したと思ったら {6:3}は{n}脱走して どっかにきえちまったは・・・{2}{7}わしの誕生日だというのに{n}たまったもんじゃない。 なあ{6:28}	정말이지 장난이 아니야.{n}{6:3} 이송선과는 통신이 끊기질 않나,{n}갑자기 입항했나 싶더니 {6:3}은{n}탈주해서 어딘가로 사라져 버리질 않나…{2}{7}내 생일인데 말이지{n}견딜 수가 없군. 안 그런가 {6:28}	
507:0271	まったくです・・・{n}でも{6:29}は {6:3}が脱走してくれて{n}内心 ホッとしておられるんじゃないですか？	정말 그렇습니다…{n}하지만 {6:29}님은 {6:3}이 탈주해 줘서{n}내심 안도하고 계신 게 아닙니까?	
507:0272	むむ・・・{n}さすがは{6:28}・・・頭がいいのう。{2}{7}あの{6:3}とかいう化物を わしの島に{n}入れるのは どうも気がすすまんのだ。{n}たとえ ただちにカーボン刑にするといえどもな	음음…{n}역시 {6:28}구나…머리가 좋군.{2}{7}그 {6:3}이라는 괴물을 내 섬에{n}들이는 건 영 내키지 않거든.{n}설령 즉시 카본형에 처한다 해도 말이야	
507:0273	{6:29}にしては めずらしく弱気ですな	{6:29}님답지 않게 드물게{n}약한 말씀이시군요	
507:0274	いやいや・・・ どうせ その{6:3}も{n}海のそこでサメのエサだろう。{n}それより{6:28}・・・で どうなんだ{n}実験の方は進んでいるのか？	아니 아니…어차피 그 {6:3}도{n}바다 밑에서 상어 밥이겠지.{n}그보다 {6:28}…그래서 어떤가{n}실험 쪽은 진행되고 있나?	
507:0275	{6:4}さま！	{6:4}님!	
507:0276	なんだ	뭐냐	
507:0277	ただいま テロ活動を{n}準備中とみられる {6:19}を捕らえました	방금 테러 활동을{n}준비 중인 것으로 보이는 {6:19}를 체포했습니다	
507:0278	ほう 誰だ	호오, 누구냐	
507:0279	{6:20}です	{6:20}입니다	
507:0280	なに？ {6:20}？{n}{6:20}は もはん囚の清掃係ではないのか	뭐? {6:20}? {n}{6:20}는 모범수 청소 담당 아니었나	
507:0281	はい、ですが 先に捕らえた{n}メンバーが ゲロしたんです。{n}{6:20}は 最近 組識に{n}くわわったらしいです	네, 하지만 먼저 체포한{n}멤버가 불었습니다.{n}{6:20}는 최근 조직에{n}가담한 모양입니다	
507:0282	くそっ で 捕らえたんだな	젠장, 그래서 체포했단 말이지	
507:0283	はい！{n}でも すこし ようすが変です。{n}むていこうで ひとことも口をきかず{n}無気味に ほくそえむだけで	네!{n}하지만 조금 상태가 이상합니다.{n}무저항으로 한마디도 안 하고{n}섬뜩하게 히죽거리기만 할 뿐	
507:0284	よし！ ごうもん室に運んで{n}てってい的に ごうもんしろ！{n}殺してもかまわん！	좋아! 고문실로 옮겨서{n}철저히 고문해라!{n}죽여도 상관없다!	
507:0285	はっ	네	
507:0286	{6:20}のやつ、何をしてるんだ！{n}ガキの使いじゃあるまいし、もう いいかげん{n}もどってきても いいころなのに・・・	{6:20} 녀석, 뭘 하는 거야!{n}어린애 심부름도 아니고 슬슬{n}돌아올 때도 됐는데…	
507:0287	なんだ きさま・・・	뭐냐 네놈…	
507:0288	{6:30}さま！！	{6:30}님!!	
507:0289	どうした？！	무슨 일이냐?!	
507:0290	{6:20}が {6:4}親衛隊に{n}捕まったようです！	{6:20}가 {6:4} 친위대에{n}붙잡힌 것 같습니다!	
507:0291	何！？ くそっ！ 清掃係なら{n}バレないと思っていたのに・・・	뭐?! 젠장! 청소 담당이면{n}안 들킬 거라 생각했는데…	
507:0292	清掃係だと！？ そいつは{n}{6:3}にキャプチャーされたやつだ！{n}やつは 今どこに？	청소 담당이라고?! 그놈은{n}{6:3}한테 캡처된 녀석이다!{n}그놈은 지금 어디에?	
507:0293	きさま 何をゴチャゴチャぬかす！{n}お前はバウンティハンターだろう{n}当局のイヌめ{2}{7}さては {6:20}が捕まったのは{n}お前が てびきしたんだろう	네놈, 뭘 구시렁구시렁{n}지껄이는 거냐!{n}넌 바운티 헌터지{n}당국의 개 같으니{2}{7}그렇다면 {6:20}가 붙잡힌 건{n}네가 끄나풀 짓을 한 거겠지	
507:0294	ちがう！{n}オレは {6:3}を追っているだけだ	아니야!{n}나는 {6:3}을 쫓고 있을 뿐이다	
507:0295	証明できるか？	증명할 수 있나?	
507:0296	・・・う・・・	…윽…	
507:0297	・・・・・・・・・	………………	
507:0298	おい！ {6:20}は{n}どこに連れてかれた？	야! {6:20}는{n}어디로 끌려갔어?	
507:0299	おそらく ごうもん室へ	아마 고문실로	
507:0300	バウンティハンターよ・・・{n}どういうわけかは知らんが お前は{n}ここまで来た。 だが ここはオレたちの{n}秘密アジトだ！ ただで帰すわけにはいかん。{2}{7}ここを出るときは 死体ぶくろか{n}・・・あるいは オレたちの仲間として{n}どうどうと出てくかだ。{2}{7}お前の目には オレと同じ{n}炎がある。 だが むじょうけんに{n}信じることはできない。	바운티 헌터여…{n}어찌된 영문인지는 모르겠지만 너는{n}여기까지 왔다. 하지만 여긴 우리의{n}비밀 아지트다! 그냥 돌려보낼 순 없다.{2}{7}여길 나갈 때는 시체 자루든가{n}…아니면 우리 동료로서{n}당당히 나가든가다.{2}{7}네 눈에는 나와 같은{n}불꽃이 있다. 하지만 무조건{n}믿을 수는 없다.	
507:0301	もし お前が {6:20}を{n}無事に助け出してくれるなら その{n}{6:3}とかいう化け物の話を信じよう。{2}{7}これ以上の話は{n}{6:20}を助けだしてからだ	만약 네가 {6:20}를{n}무사히 구해 준다면 그{n}{6:3}이라는 괴물 이야기를 믿어 주지.{2}{7}그 이상의 이야기는{n}{6:20}를 구해 내고 나서다	
507:0302	お 新入りか？{n}{6:30}さまに あいさつはすませたか？{2}{7}ねんのため 言っておくと{n}{6:30}さまとは そこにおられる{n}トラのような りっぱなすがたの方だ{n}そして われわれ JLOのリーダーなのだ{2}{7}このことは ヒミツだぞ！{n}誰にも 言っちゃいかん！{n}だが お前ら新入りには おしえないと{n}あいさつも ようせんからな	오 신입인가?{n}{6:30}님께 인사는 드렸나?{2}{7}만약을 위해 말해 두는데{n}{6:30}님은 거기 계신{n}호랑이 같은 늠름한 모습을 한 분이다{n}그리고 우리 JLO의 리더시다{2}{7}이건 비밀이다!{n}아무한테도 말하면 안 돼!{n}하지만 너희 신입들한테 안 가르쳐 주면{n}인사도 못 하니까 말이지	
507:0303	監獄城へ行くカギをやろう	감옥성에 가는 열쇠를 주마	
507:0304	上のドアを開けて階段をのぼると{n}いったん外に出る。 北に少し行けば{n}デクスキャリバー監獄城が見える。{2}{7}そこに われわれの仲間が{n}一人いるはずだ。 そこまで行けば{n}後はそいつの指示にしたがえ。{n}連絡はいれとく。 心配するな	위쪽 문을 열고 계단을 오르면{n}일단 밖으로 나간다. 북쪽으로 조금 가면{n}덱스칼리버 감옥성이 보일 거다.{2}{7}그곳에 우리 동료가{n}한 명 있을 거다. 거기까지 가면{n}그다음은 그놈 지시를 따라라.{n}연락은 해 두겠다. 걱정 마라	
507:0305	ほんとうに この液体は{n}生命をもっているのか？	정말로 이 액체는{n}생명을 지니고 있는 건가?	
507:0306	げんみつに言いますと{n}この液体だけでは 生命体とは{n}言えないでしょう・・・{2}{7}ただし 何か別のDNA生物体と{n}ゆうごうさせることによって いままでにない{n}生命体が誕生するのではないかと・・・	엄밀히 말하면{n}이 액체만으로는 생명체라고{n}할 수 없을 겁니다…{2}{7}다만 다른 DNA 생물체와{n}융합시키면 지금까지 없던{n}생명체가 탄생하지 않을까…	
507:0307	わたしはな、{6:28}	나는 말이다, {6:28}	
507:0308	はい	네	
507:0309	お前の その{n}「するのではないかと」という あいまいな{n}言い方が いちばんきらいなのだ。{2}{7}別のDNA生物体と ゆうごうさせれば{n}いいと そこまでわかっているなら{n}それを そく実験してみればいいではないか{2}{7}この島にはイキのいいDNAサンプルが{n}くさるほどいるのだ	네 그 {n}「하지 않을까」라는 애매한{n}말투가 제일 싫다.{2}{7}다른 DNA 생물체와 융합시키면{n}된다는 것까지 알고 있다면{n}그걸 바로 실험해 보면 되지 않나{2}{7}이 섬에는 팔팔한 DNA 샘플이{n}썩어날 만큼 있는데	
507:0310	わかっております しかし{n}めんみつな研究をしてからでないと・・・{2}{7}どのような 状態のときに{n}どのようにして どのような種族の{6:19}{n}いやDNAサンプルを ゆうごうさせればよいか{n}わかりません{2}{7}へたに実験をしてしまいますと{n}ここから とんでもないモンスターが{n}生まれてしまい とりかえしのつかない{n}事態を まねかないともかぎりません	알고 있습니다만{n}면밀한 연구를 하고 나서가 아니면…{2}{7}어떤 상태일 때{n}어떻게 어떤 종족의 {6:19}{n}아니, DNA 샘플을 융합시켜야 좋을지{n}모르겠습니다{2}{7}섣불리 실험했다가는{n}여기서 터무니없는 몬스터가{n}태어나 버려서 돌이킬 수 없는{n}사태를 초래하지 않는다고도 할 수 없습니다	
507:0311	イライラする{n}説明は もうやめてくれ	짜증 나는군{n}설명은 이제 그만해라	
507:0312	ようは いかに強く きょうあくで{n}しかも {6:29}の思うがままにあやつれる{n}モンスターを生み出すか・・・{n}ではありませんか	요컨대 얼마나 강하고 흉악하면서{n}게다가 {6:29}님 뜻대로 조종할 수 있는{n}몬스터를 만들어 내느냐…{n}라는 거 아닙니까	
507:0313	そうそう、その通り。{n}わかっているなら とにかく早くしてくれ。{n}ただでさえ わたしは{n}気がみじかいのだからね。	맞아, 바로 그거야.{n}알고 있다면 아무튼 빨리해 줘.{n}안 그래도 나는{n}성미가 급하니까 말이지.	
507:0314	ビラニウムから生命をうみだすとは{n}・・・誰も考えまい・・・	비라니움에서 생명을 만들어 내다니{n}…아무도 생각 못 할 거야…	
507:0315	では たのんだぞ	그럼 부탁한다	
507:0316	ここは デクスキャリバー監獄城の{n}天井うらだ。 むかしの城だから{n}とてつもなく ひろいし 高さもある。{n}だから 落ちたらいっかんの終りだ。{2}{7}われらの同志{6:20}の{n}捕われている ごうもん室は ここから{n}いちばん遠い所にある。{n}ちょうど あっちの方向だ。{2}{7}おい トリよ{n}お前 ちょっと見て来い。	여긴 덱스칼리버 감옥성의{n}천장 속이다. 옛날 성이라{n}터무니없이 넓고 높이도 있다.{n}그러니 떨어지면 그걸로 끝이다.{2}{7}우리 동지 {6:20}가{n}붙잡혀 있는 고문실은 여기서{n}가장 먼 곳에 있다.{n}딱 저쪽 방향이다.{2}{7}야, 새야{n}너 좀 보고 와라.	
507:0317	オレはトリじゃない。 {6:12}だ。{n}よし {6:2} 場所を確認してきてやる。	난 새가 아니야. {6:12}이다.{n}좋아 {6:2}, 장소를 확인하고 오지.	
507:0318	ここが ごうもん室だな、わかった	여기가 고문실이군, 알았다	
507:0319	{6:20}を助けてやってくれ たのむ	{6:20}를 구해 줘, 부탁한다	
507:0320	・・・わかった	…알았다	
507:0321	・・・なんで こんな所に女が。{n}・・・あ・・・このにおい・・・ブルーローズの{n}・・・おい・・・ちょっと待ってろ！	…왜 이런 곳에 여자가.{n}…아…이 냄새…블루로즈의{n}…이봐…잠깐만 기다려!	
507:0322	う・・・くっ	윽…큭	
507:0323	お前か。{n}キルバレーに忍びこんだって女は。{n}だいじょうぶか。 くそーとどかねえ！	너냐.{n}킬밸리에 숨어들었다는 여자가.{n}괜찮아? 젠장, 안 닿아!	
507:0324	あたしにかまわないで。{n}近づかないで！	나한테 신경 쓰지 마.{n}다가오지 마!	
507:0325	おいおい、目の前で{n}女がこまってる時に 助けねえわけには{n}いかないだろう。 落っこっちまうぜ。{n}うおーくそーもうちょっとだあっ	어이어이, 눈앞에서{n}여자가 곤란해하는데 안 도와줄 순{n}없잖아. 떨어지겠어.{n}우오ー 젠장ー 조금만 더다!	
507:0326	・・・こんな ところで・・・{n}・・・死ぬわけにはっ！{n}くっ・・・	…이런 곳에서…{n}…죽을 순 없어!{n}큭…	
507:0327	おい たえろよ たえろよ{n}手をはなすなよ・・・{n}おい{6:12}！ ちょっと・・・	야, 버텨, 버텨{n}손 놓지 마…{n}야 {6:12}! 잠깐…	
507:0328	{6:2}！{n}この女はラビアン共和国の女忍者だ。{n}右手の こゆびに バラのタトゥーがある。{2}{7}ラビアンとラジーンは{n}いまちょっと・・・ うーん・・・	{6:2}!{n}이 여자는 라비안 공화국의 여닌자다.{n}오른손 새끼손가락에 장미 문신이 있다.{2}{7}라비안과 라진은{n}지금 좀… 음…	
507:0329	何だと！{n}だけど 生きるか死ぬかって時に{n}関係ねえだろ！{n}じっとしてろ、オレが今 ひき上げてやる！	뭐라고!{n}하지만 죽느냐 사느냐 하는 판에{n}상관없잖아!{n}가만있어, 내가 지금 끌어올려 줄게!	
507:0330	それもそうだな よし	그도 그렇군, 좋아	
507:0331	すると あんたたちラジーンの・・・{n}やめて！！ さわらないで！！	그렇다면 당신들 라진의…{n}그만둬!! 만지지 마!!	
507:0332	うるせえっ！！ オレは助けるぞ	시끄러! 난 구할 거다	
507:0333	やめて！！ あーっ	그만둬!! 앗	
507:0334	バカヤロー・・・{n}もうすこしだったのに！！・・・	바보 자식…{n}조금만 더 하면 됐는데!!…	
507:0335	ラビアン共和国特殊部隊隊員{n}セマ・シルビア・{6:5}{n}デクスキャリバー監獄城において{n}任務遂行中 天井より落下 生死不明{18}	라비안 공화국 특수부대 대원{n}세마・실비아・{6:5}{n}덱스칼리버 감옥성에서{n}임무 수행 중 천장에서 낙하, 생사 불명{18}	
507:0336	・・・なんなんだ・・・{n}なんで手をはなしたんだ	…뭐였지…{n}왜 손을 놓은 거야	
507:0337	ラビアンの女忍者はプロ中のプロだ{n}祖国への忠誠はぜったいだ。{n}そういう意職が 反射的に出たんだろう	라비안의 여닌자는{n}프로 중의 프로다{n}조국에 대한 충성은 절대적이지.{n}그런 의식이 반사적으로 나온 거겠지	
507:0338	・・・・	……	
507:0339	何だ？ 液体に みょうな反応が{n}出はじめたぞ・・・あっ！？{n}いつの間にか 女が液体の中に！？{n}あっ！？ 女が！？	뭐지? 액체에 묘한 반응이{n}나타나기 시작했다…앗!?{n}어느새 여자가 액체 속에?!{n}앗!? 여자가?!	
507:0340	液体が・・・液体が生命反応を{n}起こしはじめたぞ！？ そうかっ！{n}やはり知的生物のDNAが必要だったのか！{n}こ これは{6:29}に報告せんと・・・	액체가…액체가 생명 반응을{n}일으키기 시작했다!? 그렇구나!{n}역시 지적 생물의 DNA가 필요했던 건가!{n}이, 이건 {6:29}님께 보고를 하지 않으면…	
507:0341	うわっ！	우왓!	
507:0342	おかしい！？{n}{6:2} 気になることがある	이상한데?!{n}{6:2}, 신경 쓰이는 게 있어	
507:0343	なんだ？	뭔데?	
507:0344	さっきの ラビアンの女忍者が落ちた{n}あの液体が気になる	아까 라비안의 여닌자가 떨어진{n}그 액체가 신경 쓰여	
507:0345	どういうことだ？	무슨 소리야？	
507:0346	あそこから みょうな反応を感じる	저기서 묘한 반응이 느껴져	
507:0347	{6:3}か？	{6:3}이야?	
507:0348	いや・・・{6:3}とはちがう だが・・・{n}きわめて{6:3}に近い・・・というか・・・	아니…{6:3}과는 달라 하지만…{n}극히 {6:3}과 비슷하다고 할까…	
507:0349	どういう意味だ？	무슨 뜻이야?	
507:0350	わからない。 それに・・・{n}女忍者が落ちる前には そんな反応は{n}なかった・・・わからない、{6:2}。 気にするな。{n}とにかく ごうもん室にいそごう。	모르겠어. 게다가…{n}여닌자가 떨어지기 전에는 그런 반응이{n}없었어…모르겠어, {6:2}. 신경 쓰지 마.{n}아무튼 고문실로 서두르자.	
507:0351	{6:12}！	{6:12}!	
507:0352	何だ	뭐냐	
507:0353	こいつが{6:20}か	이놈이 {6:20}인가	
507:0354	かなり弱ってる。{n}{6:3}がぬけ出した後だ	꽤 약해졌어.{n}{6:3}이 빠져나간 뒤야	
507:0355	くそ！ {6:3}のやつ{n}どこへ消えちまった！？	젠장! {6:3} 놈{n}어디로 사라진 거야!?	
507:0356	う、{19:1}ぐぐぐ{19:1}ゲゲゲ	으, {19:1}그그극{19:1}게게게	
507:0357	しっかりしろ！	정신 차려!	
507:0358	ここにいるとまずい。{n}おい {6:20}立てるか？ しっかりしろ！{2}{7}オレは お前をJLOのアジトまで{n}連れて帰らなきゃなんねえんだ。{n}そう {6:30}にやくそくしたんだ	여기 있으면 위험해.{n}야 {6:20}, 일어설 수 있어? 정신 차려!{2}{7}난 너를 JLO 아지트까지{n}데려가야만 해.{n}그래, {6:30}님께 약속했거든	
507:0359	リ・・・{19:1}{6:30}さま	류…{19:1}{6:30}님	
507:0360	そうだ！！ とにかくもどるぞ！！{n}歩けねえんだったら オレがかついでやる	그래!! 아무튼 돌아간다!!{n}못 가겠으면 내가 업어 주지	
507:0361	{6:20}を連れていようといまいと{n}デクスキャリバー内部を ぬけていくしかない。{n}だが 危険なワナが山のようにあるだろう	{6:20}를 데려가든 안 가든{n}덱스칼리버 내부를 빠져나갈 수밖에 없다.{n}하지만 위험한 함정이 산더미처럼 있겠지	
507:0362	イチかバチか 突破するっきゃ{n}ねえだろう	모 아니면 도, 돌파하는 수밖에{n}없잖아	
507:0363	{6:2}！{n}{6:20}をかついで行く時の注意が{n}ひとつだけある。{2}{7}デクスキャリバーから出るには{n}下水道まで行くしかない。 だが一度{n}下水道におりたら もう上にはもどれない。{2}{7}わかるか？ {6:20}をおいて{n}下水道に行ってしまったら、{6:20}は{n}死んでしまうんだ	{6:2}!{n}{6:20}를 업고 갈 때 주의할 점이{n}하나 있다.{2}{7}덱스칼리버에서 나가려면{n}하수도까지 갈 수밖에 없다. 하지만 한번{n}하수도로 내려가면 더는 위로 못 돌아간다.{2}{7}알겠나? {6:20}를 두고{n}하수도로 가 버리면 {6:20}는{n}죽어 버리는 거다	
507:0364	わかった。 とにかく先にすすむ時は{n}必ず{6:20}をかついで行けばいいんだな	알았다. 아무튼 앞으로 나아갈 때는{n}반드시 {6:20}를 업고 가면 되는 거지	
507:0365	そうだ。 やむをえん場合は{n}一時的に おろしてもいいが{n}つぎのマップに行くときは{n}常に{6:20}のことを忘れるな	그래. 부득이한 경우에는{n}일시적으로 내려놔도 되지만{n}다음 장소로 갈 때는{n}항상 {6:20}를 잊지 마라	
507:0366	う、{19:1}う、{19:1}う、・・・{n}{6:30}さま・・・	으, {19:1}으, {19:1}으…{n}{6:30}님…	
507:0367	やばい、{6:2}{n}ヴァンケーンどもが はなしがいだ{n}やつらは {6:19}どもを食い殺すように{n}くんれんされている{2}{7}{6:20}を ほうっておいたら{n}まちがいなく食われてしまうだろう{n}こいつは やっかいなことになったぞ	큰일났다, {6:2}{n}반케인 놈들이 풀려났어{n}그놈들은 {6:19}들을 물어 죽이도록{n}훈련돼 있어{2}{7}{6:20}를 내버려 두면{n}틀림없이 잡아먹히고 말 거야{n}이거 성가신 일이 됐군	
507:0368	てことは オレは{n}{6:20}をかついだまま 剣もふれずに{n}ひたすら逃げるだけか？	그렇다는 건 나는{n}{6:20}를 업은 채 검도 안 대고{n}그저 도망만 치면 되는 거야?	
507:0369	それでもいいが{n}{6:20}を運ぶ前に ヴァンケーンどもを{n}すべてしまつするって方法もあるぜ	그래도 되지만{n}{6:20}를 옮기기 전에 반케인 놈들을{n}전부 처리하는 방법도 있어	
507:0370	おっと これはバウンティハンターさん{n}{8:32}{20:33}オレたちは デクスキャリバー監獄城の{n}秩序を守る タブガード3人組だ{n}{8:33}{20:34}人よんで チームタブガードだ	어이쿠 이거 바운티 헌터 씨{n}{8:32}{20:33}우리는 덱스캘리버 감옥성의{n}질서를 지키는 탭가드 3인조다{n}{8:33}{20:34}사람들이 부르길 팀 탭가드다	
507:0371	侵入者は すべて地獄におくる	침입자는 모조리 지옥으로 보낸다	
507:0372	ブーフーウーと 戦いますか？	부후우와 싸우겠습니까？	
507:0373	{6:2} こいつらは 一人例しても{n}体力を回復させる間もなく つぎつぎと{n}おそってくるぞ！ 全員を例すまで{n}体力がもつように 気をつけて戦え！	{6:2} 이놈들은 하나 처치해도{n}체력을 회복할 틈도 없이 연달아{n}덤벼든다！ 전원을 처치할 때까지{n}체력이 버티도록 조심해서 싸워라！	
507:0374	2ばん手{6:32} 行きます	2번 타자 {6:32} 갑니다	
507:0375	さすがはバウンティハンター{n}{6:19}どもとは レベルがちがうぜ{n}ひさしぶりに手ごたえのあるバトルが{n}できそうだな 行くぜ！	역시 바운티 헌터{n}{6:19} 녀석들과는 레벨이 다르군{n}오랜만에 손맛 나는 전투를{n}할 수 있을 것 같군 간다！	
507:0376	デクスキャリバー監獄城{n}セキュリティ・スタッフ{n}チームタブガードか・・・{2}{7}アイドルのおっかけで{n}有名なやつらだな・・・{n}ポーキー・ローズの生写真、{n}ほしくないか？	덱스캘리버 감옥성{n}시큐리티 스태프{n}팀 탭가드인가…{2}{7}아이돌 쫓아다니는 걸로{n}유명한 녀석들이지…{n}포키 로즈의 생사진、{n}갖고 싶지 않아？	
507:0377	ポーキー・ローズの生写真！？{n}{8:32}{20:33}いま持ってるのか！？{n}{8:33}{20:34}ここを通せば くれるんだな！？{n}よし通れ！	포키 로즈의 생사진！？{n}{8:32}{20:33}지금 갖고 있는 거냐！？{n}{8:33}{20:34}여길 통과시켜 주면 주는 거지！？{n}좋아 통과해라！	
507:0378	{6:2}・・・{n}生写真の つぐないは{n}いつか してもらうからな・・・	{6:2}…{n}실사 사진 대가는{n}언젠가 받을 거야…	
507:0379	ヘイ キミ{n}見なれない顔だね 誰だい{n}新入りかい だよね だってオレ{2}{7}ここに10年いるけど{n}あいさつしたことないもん{n}だからやっぱり 死んでもらうよ{2}{7}ヘイヘイヘイヘイ{n}いいじゃん いいじゃん 死ねばいいじゃん	헤이 너{n}낯선 얼굴이네 누구지{n}신입인가 그렇지 왜냐면 나{2}{7}여기 10년 있었는데{n}인사한 적 없거든{n}그러니까 역시 죽어 줘야겠어{2}{7}헤이헤이헤이헤이{n}좋잖아 좋잖아 죽으면 되잖아	
507:0380	{6:34}と 戦いますか？	{6:34}와 싸우겠습니까？	
507:0381	よし じゃ{n}ここはオレにまかせとけ{n}{6:19}ナンバー 1099の8322 {6:34}！{n}・・・	좋아 그럼{n}여긴 나한테 맡겨 둬{n}{6:19} 넘버 1099의 8322 {6:34}！{n}…	
507:0382	ちょっと待て！ あんた10年まえ{n}こつぜんと すがたをけした{n}天才ミュージシャン{n}{6:34}じゃないのか！？	잠깐 기다려！ 당신 10년 전{n}홀연히 자취를 감춘{n}천재 뮤지션{n}{6:34} 아니야！？	
507:0383	コリャおどろいた ヘイ ブラザー{n}このオレを知ってるのかい	이거 놀랍군 헤이 브라더{n}이 나를 아는 거야	
507:0384	あんたを知らなきゃモグリだぜ！{n}それにしても いったい{n}なんでこんなトコに・・・	당신을 모르면 아마추어지！{n}그건 그렇고 대체{n}왜 이런 데…	
507:0385	ヘイヘイ たいくつな話さ{n}もう忘れたよ なんてこったい{n}当局のイヌを ミンチにできると{n}おもっていたのに{2}{7}もう行きな バッドガイ{n}きっと後になれば{n}ここで死んでりゃラッキーだったと{n}思うだろうけどな・・・	헤이헤이 지루한 얘기지{n}이미 잊었어 어처구니없군{n}당국의 개를 다진 고기로 만들 수 있다고{n}생각했는데{2}{7}이제 가라 배드 가이{n}분명 나중이 되면{n}여기서 죽었으면 운이 좋았다고{n}생각하게 될 테지만 말이야…	
507:0386	ウガガー{n}ギロー ギロー{n}チーミー はあはあはあ	으가가ー{n}기로ー 기로ー{n}치미ー 하아하아하아	
507:0387	{6:35}と 戦いますか？	{6:35}과 싸우겠습니까？	
507:0388	{6:2}、おちつけ・・・{n}しばらく ようすを見るんだ・・・	{6:2}, 진정해…{n}잠시 상황을 지켜보는 거다…	
507:0389	な？ こいつ こっちから{n}手を出さなければ こわくもなんとも{n}ないんだ。 行こうぜ{6:2}	그치？ 이 녀석 이쪽에서{n}손을 대지 않으면 무섭지도 아무렇지도{n}않아。 가자고 {6:2}	
507:0390	何が な？ だ このバカ💢！{n}てめえ 何もしてねーじゃねーか{n}ポイント返せ！	뭐가 그치냐 이 바보💢！{n}네놈 아무것도 안 했잖아ー{n}포인트 돌려줘！	
507:0391	デ、{6:36}さん う、う、う、う、{n}オレです {6:20}です{n}せんしゅう マガジンを5さつ とどけた{n}{6:20}です	데, {6:36}님, 우, 우, 우, 우,{n}접니다, {6:20}입니다{n}지난주 매거진을 5권 배달한{n}{6:20}입니다	
507:0392	おお {6:20}か{n}またマガジンをよろしくな。{n}もっと はげしいやつがいいな・・・	오, {6:20}인가{n}또 매거진 잘 부탁해.{n}더 격렬한 게 좋겠어…	
507:0393	う、う、はい。 わかりました	으, 으, 네. 알겠습니다	
507:0394	デクスキャリバー監獄城へ{n}わざわざ侵入してくるとは よほどの物好き。{n}しかも そのいでたちは バウンティハンター。{2}{7}罪人を{n}この島へ おくりこむだけでは あきたらず{n}みずからの手で 死刑を執行しに来たか？{2}{7}だが{n}ここにはここのルールがある。{n}それは生き残れる者だけが生きられる・・・{n}ただそれだけだ。 前に出ろバウンティハンター	덱스캘리버 감옥성에{n}일부러 침입해 오다니 어지간한 별종。{n}게다가 그 차림새는 바운티 헌터。{2}{7}죄인을{n}이 섬으로 보내는 것만으로는 성에 안 차서{n}스스로의 손으로 사형을 집행하러 왔나？{2}{7}하지만{n}여기는 여기만의 룰이 있다。{n}그건 살아남는 자만이 살 수 있다는 것…{n}그뿐이다。 앞으로 나와라 바운티 헌터	
507:0395	監獄侵入罪で{n}死刑をせんこくする{n}そして 即時 執行する	감옥 침입죄로{n}사형을 선고한다{n}그리고 즉시 집행한다	
507:0396	バウンティハンターさん{n}おかげで助かったよ。{n}うーん 下水のいいニオイ。{n}下水はオレのふるさとなんだ。{2}{7}だから ここから先は{n}一人でおよいでいくよ。{n}この下水道はJLOに通じている。{n}じゃあ {6:30}さまの所で待ってるよ	바운티 헌터 씨{n}덕분에 살았어.{n}으음, 하수구 냄새 좋다.{n}하수구는 내 고향이거든.{2}{7}그러니까 여기서부터는{n}혼자서 헤엄쳐 갈게.{n}이 하수도는 JLO로 통해 있어.{n}그럼 {6:30}님 계신 곳에서 기다릴게	
507:0397	{6:2}・ヤーよ。{n}よくぞ{6:20}を助けだしてくれた。{n}お礼といっちゃ何だが{n}このJLOバッチを受けとってくれ！	{6:2}・야여.{n}용케도 {6:20}를 구해 줬군.{n}답례라고 하긴 뭣하지만{n}이 JLO 배지를 받아 줘！	
507:0398	このバッチがあれば 監獄内にいる{n}オレたちの仲間が いろいろと{n}協力してくれるはずだ{2}{7}仲間を見わける方法はないが{n}バッチを持ってれば 仲間の方から名のるはずだ{n}持っていって そんはないぞ	이 배지가 있으면 감옥 안에 있는{n}우리 동료들이 여러 가지로{n}협력해 줄 거다{2}{7}동료를 알아볼 방법은 없지만{n}배지를 갖고 있으면{n}동료가 먼저 말을 걸 거다{n}가져가서 손해 볼 건 없어	
507:0399	うぐぐぐ {19:1}あわあわあわ{n}{19:1}ぐえぐえぐえ いいい い{n}・・・う・・・ぐあああ・・・	으그그그 {19:1}아와와와{n}{19:1}꾸에꾸에꾸에 이이이 이{n}…으…그아아아…	
507:0400	ど どうしたんだ{6:20}！？	어, 어떻게 된 거야 {6:20}！？	
507:0401	ぐえぐえぐえぐえ あたあたあた{n}ぐうわああああ・・・・	꾸에꾸에꾸에꾸에 아타아타아타{n}구와아아아아…	
507:0402	{6:3}にキャプチャーされたからだ{n}細胞が もうれつなはやさで老化してる！	{6:3}에게 캡처당했기 때문이다{n}세포가 무서운 속도로 노화하고 있어！	
507:0403	{6:20}！ お前をおそった{n}{6:3}は どこへ行った？{n}おい{6:20}！ 聞こえるか？	{6:20}！ 너를 습격한{n}{6:3}은 어디로 갔지？{n}어이 {6:20}！ 들려？	
507:0404	う・う・{6:3}は・・・{n}{6:38}を・・・{6:38}を・・・{n}ぐええええ	으・으・{6:3}은…{n}{6:38}을…{6:38}을…{n}그에에에	
507:0405	{6:38}？ {6:38}だって？・・・	{6:38}？ {6:38}이라고？…	
507:0406	どうした{6:2}？{n}{6:38}という名前に こころあたりでも{n}あるのか？	왜 그래 {6:2}？{n}{6:38}이라는 이름에 뭔가 짚이는 게{n}있는 거야？	
507:0407	いや なんでもねえ・・・	아니, 아무것도 아니야…	
507:0408	・・・{6:30}・・・{6:20}は・・・{n}{6:20}は死んでしまった・・・{n}やつは・・・{6:3}にキャプチャーされたんだ{2}{7}オレが行ったときには もう{n}死のまぎわだった・・・{n}・・・信じてくれ・・・	…{6:30}…{6:20}는…{n}{6:20}는 죽고 말았어…{n}그놈은…{6:3}에게 캡처당한 거야{2}{7}내가 갔을 때는 이미{n}죽기 직전이었어…{n}…믿어 줘…	
507:0409	ぬおおお {6:20}！{n}いいかげんなことを言うな{n}お前が！ お前が{6:20}を{n}売ったんだろう！ 殺してやる！	누오오오 {6:20}！{n}말도 안 되는 소리 하지 마{n}너야！ 네가 {6:20}를{n}팔아넘긴 거지！ 죽여 버리겠다！	
507:0410	う・・・ぐ・・・く・・・ {6:2}・ヤーよ{n}戦いの時の・・・お前の・・・ひとみに{n}・・・確かに・・・うそはなかった・・・{2}{7}・・・{6:20}の・・・かたきを・・・{n}うってくれ・・・ そのために・・・{n}この・・・{6:30}の・・・たましいを・・・{n}さしだしても・・・いい・・・ぐふっ	으…그…윽… {6:2}・야여{n}싸울 때의…네…눈동자에는{n}…분명히…거짓은 없었어…{2}{7}…{6:20}의…원수를…{n}갚아 줘… 그걸 위해서라면…{n}이…{6:30}의…영혼을…{n}바쳐도…좋아…그헉	
507:0411	{6:38}は {6:4}の{n}右うでといわれる幹部だ。 われわれも{n}マークしている。 残忍で 平気で{n}{6:19}を殺す とんでもないやろうだ。{2}{7}だが そうとう強い。・・・{n}{6:3}は そんな{6:38}を ほんとうに{n}キャプチャーしたのか？ 信じられん・・・{2}{7}・・・{6:20}・・・すまなかった{n}オレが・・・武器を ちょうたつするために{n}町へビラニウムを持たせたばっかりに・・・	{6:38}은 {6:4}의{n}오른팔이라 불리는 간부다. 우리도{n}주시하고 있지. 잔인하고 태연하게{n}{6:19}를 죽이는 무시무시한 놈이다.{2}{7}하지만 상당히 강해…{n}{6:3}은 그런 {6:38}을 정말로{n}캡처한 건가？ 믿을 수가 없군…{2}{7}…{6:20}…미안했다{n}내가…무기를 조달하기 위해{n}마을로 비라니움을 들려 보낸 탓에…	
507:0412	ビラニウムを！？	비라니움을！？	
507:0413	・・・この島の地下鉱山で{n}{6:4}は ひそかに{n}ビラニウムを発掘してるんだ{n}{6:19}たちをこきつかってな・・・	…이 섬의 지하 광산에서{n}{6:4}이 몰래{n}비라니움을 채굴하고 있는 거다{n}{6:19}들을 혹사시키면서…	
507:0414	やはり この島には{n}ビラニウム鉱山があったのか。{n}それでつじつまがあう	역시 이 섬에는{n}비라니움 광산이 있었던 건가.{n}그래서 앞뒤가 맞는군	
507:0415	何か言ったか？	뭔가 말했나？	
507:0416	後で。 人に聞かれるのはまずい	나중에. 남이 들으면 곤란해	
507:0417	・・・{6:20}・・・すまなかった{n}オレが・・・武器を ちょうたつするために{n}町へビラニウムを持たせたばっかりに・・・	…{6:20}…미안했다{n}내가…무기를 조달하기 위해{n}마을로 비라니움을 들려 보낸 탓에…	
507:0418	もしもし JLOネットワーク{n}きこえますか どうぞ？{n}うーん ひろってきた{6:45}は{n}どうも ちょうしが悪いな	여보세요, JLO 네트워크{n}들립니까, 오버？{n}으음, 주워 온 {6:45}는{n}아무래도 상태가 안 좋군	
507:0419	なに！？ {6:38}に ふしんな動き？{n}くわしく話せ！ どうぞ	뭐！？ {6:38}에게 수상한 움직임？{n}자세히 말해！ 오버	
507:0420	ビービー・・・はい・・・こちら{n}JLOネットワーク・・・ 報告します{n}副{6:29}の{6:38}が ごうもん室から{n}地下鉱山に向かっています{2}{7}どうやら かなりでかい{n}ビラニウムの鉱石を発見したようです{n}{6:39}さまは すぐにでもD計画を{n}実行せよと おっしゃってますが どうぞ	삐삐…네…여기는{n}JLO 네트워크… 보고합니다{n}부{6:29} {6:38}이 고문실에서{n}지하 광산으로 향하고 있습니다{2}{7}아무래도 상당히 큰{n}비라니움 광석을 발견한 모양입니다{n}{6:39}님께서는 당장이라도 D계획을{n}실행하라고 말씀하시는데, 오버	
507:0421	ちょっと待て・・・予定外の{n}事態が発生している{2}{7}{6:20}が死亡した・・・{n}くわしいことは後で報告する{n}しばらく待機してください どうぞ	잠깐 기다려…예정에 없던{n}사태가 발생했다{2}{7}{6:20}가 사망했다…{n}자세한 건 나중에 보고하겠다{n}잠시 대기해 줘 오버	
507:0422	わ・・・わかりました{n}{6:39}さまには報告します{n}通信終わり・・・{n}・・・ビビー・・・	아…알겠습니다{n}{6:39}님께는 보고하겠습니다{n}통신 종료…{n}…삐삐…	
507:0423	D計画のことは 口がさけても秘密だ。{n}われわれの運命がかかっている。{n}{6:4}め！ いまに見ていろ！	D계획에 관한 건{n}죽어도 비밀이다.{n}우리의 운명이 걸려 있으니까.{n}{6:4} 이 자식！ 두고 봐라！	
507:0424	このドアは地下鉱山への かくし通路{n}おれたちJLOのトップシークレットだ{n}ナイショだぜ！ おれはその守衛なのさ{n}{6:30}さまの許可がないと あけないよ	지하 광산으로 가는 비밀 통로야{n}우리 JLO의 극비라고{n}비밀이야! 나는 그 경비지{n}{6:30}님 허가 없이는 안 열어 줘	
507:0425	{6:3}のことは オレたちは{n}よくわからねえ・・・{n}だが 危険だということは{n}{6:20}が死んだことでわかる・・・{2}{7}それに・・・ごうもん係の{6:38}が{n}いきなり地下鉱山に行ったことも{n}うなずけない・・・{2}{7}地下鉱山へ通じる下水道は{n}ここから行ける。 ハンターさんよ{n}あんたをたよるわけじゃねえが これ以上{n}組識のぎせい者を 出すわけにもいかん・・・{2}{7}前に地下鉱山からぬすんだ物だが{n}こんな物でもよかったら 持っていかないか	{6:3}에 대해서는 우리도{n}잘 몰라…{n}하지만 위험하다는 건{n}{6:20}가 죽은 걸로 알 수 있어…{2}{7}게다가…고문 담당인 {6:38}이{n}갑자기 지하 광산으로 간 것도{n}납득이 안 가…{2}{7}지하 광산으로 통하는 하수도는{n}여기서 갈 수 있어. 헌터 양반{n}당신한테 의지할 생각은 없지만 더 이상{n}조직의 희생자를 낼 수도 없으니까…{2}{7}전에 지하 광산에서 훔친 물건인데{n}이런 거라도 괜찮다면 가져가지 않을래	
507:0426	これは何だ？	이건 뭐지？	
507:0427	ちょっと待て！ これは液体チッソだ{n}{6:2} この先どこで{6:3}に出会うか{n}わからない だが、{6:3}が別の人間に{n}化けていることは まちがいない{2}{7}オレの {6:3}サーチ能力も{n}{6:3}が誰に化けているかまではわからない{n}決めてがないなら 液体チッソをぶっかけろ{n}相手が{6:3}なら正体をあらわすハズだ{2}{7}だが{6:2}、気をつけろ{n}この液体チッソの量では 一回しか使えない。{n}しんちょうに考えてから使え	잠깐만！ 이건 액체 질소다{n}{6:2} 앞으로 어디서 {6:3}과 마주칠지{n}모르지만, {6:3}이 다른 인간으로{n}변신해 있는 건 틀림없어{2}{7}내 {6:3} 서치 능력으로도{n}{6:3}이 누구로 변신했는지까지는 몰라{n}결정적인 단서가 없다면 액체 질소를 끼얹어라{n}상대가 {6:3}이라면 정체를 드러낼 거다{2}{7}하지만 {6:2}, 조심해{n}이 액체 질소 양으로는 한 번밖에 못 써.{n}신중히 생각하고 나서 써	
507:0428	わかった	알았어	
507:0429	ウワサで聞いたんだけどよー{n}ジェイシティの{6:25}が 誰かに{n}ボコボコにされたらしいぜ・・・{n}いけ好かねえヤローだったからな	소문으로 들었는데말야{n}제이시티의 {6:25}가 누군가한테{n}흠씬 두들겨 맞았다는군…{n}재수 없는 놈이었으니까	
507:0430	{6:4}さま！{n}およろこびください！{n}・・・ビラニウムの大鉱脈を発見しました{n}・・・それも 純度のたいへん高いものです	{6:4}님！{n}좋은 소식입니다！{n}…비라니움 대광맥을 발견했습니다{n}…그것도 순도가 매우 높은 것입니다	
507:0431	よくやったぞ{6:37}{n}ほうびとして給料を上げてやろう！	잘했다 {6:37}{n}포상으로 급료를 올려 주지！	
507:0432	ありがたきしあわせ{n}この{6:37} 一生{6:4}さまに{n}ついてゆきます	황송하옵니다{n}이 {6:37}, 평생 {6:4}님을{n}따르겠습니다	
507:0433	うむ・・・よき こころがけだ	음…기특한 마음가짐이다	
507:0434	では さっそく{n}エメラルド色にかがやくビラニウム原石を{n}見に行きましょう	그럼 즉시{n}에메랄드빛으로 빛나는 비라니움 원석을{n}보러 가시죠	
507:0435	あれ {6:38}さま？{n}どうされたのですか？ こんな所まで{n}わざわざ いらっしゃるなんて・・・{n}{6:20}のごうもんは うまく行きましたか？	어라 {6:38}님？{n}무슨 일이십니까？ 이런 곳까지{n}일부러 와 주시다니…{n}{6:20} 고문은 잘되었습니까？	
507:0436	・・・・・・・・・・・・	…………	
507:0437	どうかされましたか？ {6:38}さま	무슨 일 있으십니까？ {6:38}님	
507:0438	{6:4}{6:29}なら{n}採掘場です・・・ {6:38}さま{n}ほんとうに だいじょうぶですか？{n}なんか顔色が青いですよ・・・	{6:4} {6:29}이라면{n}채굴장입니다… {6:38}님{n}정말 괜찮으십니까？{n}왠지 안색이 창백하신데요…	
507:0439	何か変だ・・・{n}いつもの{6:38}さまじゃない・・・{n}{6:37}さまに報告しよう	뭔가 이상해…{n}평소의 {6:38}님이 아니야…{n}{6:37}님께 보고해야겠다	
507:0440	{6:38}！？ お前！？{n}{6:38}？？	{6:38}！？ 너！？{n}{6:38}？？	
507:0441	{6:2}！？ こいつを知ってるのか？	{6:2}！？ 이 녀석을 아는 거야？	
507:0442	ああ・・・オレは・・・{n}こいつを・・・殺したことがある	아…나는…{n}이 녀석을…죽인 적이 있어	
507:0443	殺した？ どういうことだ？	죽였다고？ 그게 무슨 소리야？	
507:0444	いま話してるヒマはない{n}それに・・・おそらく こいつは{n}オレの知ってる{6:38}じゃねえ！	지금 얘기하고 있을 틈 없어{n}게다가…아마 이 녀석은{n}내가 아는 {6:38}이 아니야！	
507:0445	きょうれつな{6:3}反応だ！{n}こいつが{6:3}だ！	강렬한 {6:3} 반응이야！{n}이 녀석이 {6:3}이다！	
507:0446	てめえ！！ {6:3}！！{n}{6:38}のかたき！！	네 이놈！！ {6:3}！！{n}{6:38}의 원수！！	
507:0447	{6:2}！ {6:2}！！{n}だいじょうぶか？！	{6:2}！ {6:2}！！{n}괜찮아？！	
507:0448	・・・なんとか生きてるぜ	…그럭저럭 살아 있어	
507:0449	{6:38}、いや{6:3}のやつは{n}また どこかへ消えた{2}{7}{6:2}、聞いてくれ。{n}当局から 口どめされていたので{n}言わなかったが {6:3}は{n}ビラニウムがあると強大化するらしいんだ。{2}{7}ヤツは この島に 大量の{n}高純度ビラニウムがあるのを かぎつけたに{n}ちがいない！ だから自分から この島に{n}兼り込んだんだ{2}{7}だからヤツはきっと{n}ビラニウム採掘場にむかうはずだ。{n}{6:2}！ いそごう	{6:38}, 아니 {6:3} 그놈은{n}또 어딘가로 사라졌어{2}{7}{6:2}, 들어 줘.{n}당국에서 함구령을 내려서{n}말 안 했지만 {6:3}은{n}비라니움이 있으면 강대해진다는 모양이야.{2}{7}그놈은 이 섬에 대량의{n}고순도 비라니움이 있는 걸 알아챈 게{n}틀림없어！ 그래서 제 발로 이 섬에{n}들어온 거야{2}{7}그러니까 그놈은 분명{n}비라니움 채굴장으로 향할 거야.{n}{6:2}！ 서두르자	
507:0450	ダメだ。{n}下は暗くて よくわからない。{n}{6:3}反応も消えてる	안 돼.{n}아래는 어두워서 잘 안 보여.{n}{6:3} 반응도 사라졌어	
507:0451	てことは ヤツは{n}まだ生きてるってことか？	그 말은 그놈이{n}아직 살아 있다는 거야？	
507:0452	おそらく・・・{6:2}、聞いてくれ。{n}当局から 口どめされていたので{n}言わなかったが {6:3}は{n}ビラニウムがあると強大化するらしいんだ。{2}{7}ヤツは この島に 大量の{n}高純度ビラニウムがあるのを かぎつけたに{n}ちがいない！ だから自分から この島に{n}兼り込んだんだ	아마도…{6:2}, 들어 줘.{n}당국에서 함구령을 내려서{n}말 안 했지만 {6:3}은{n}비라니움이 있으면 강대해진다는 모양이야.{2}{7}그놈은 이 섬에 대량의{n}고순도 비라니움이 있는 걸 알아챈 게{n}틀림없어！ 그래서 제 발로 이 섬에{n}들어온 거야	
507:0453	だったら ヤツは{n}ビラニウム採掘場にむかうな	그렇다면 그놈은{n}비라니움 채굴장으로 향하겠군	
507:0454	頭いいな、{6:2}	머리 좋네, {6:2}	
507:0455	バカにするな	바보 취급하지 마	
507:0456	先回りして{n}待ちぶせしてやろう	먼저 가서{n}매복해 주자	
507:0457	自殺しやがった！	자살해 버렸어！	
507:0458	・・・いや・・・待て	…아니…기다려	
507:0459	暗くてよくわからないが{n}{6:3}反応は消えてる	어두워서 잘 안 보이지만{n}{6:3} 반응은 사라졌어	
507:0460	くそっ しぶといヤローだ{n}何をしでかすつもりなんだ	젠장, 끈질긴 놈이군{n}뭘 저지를 작정인 거야	
507:0461	・・・{6:2}、聞いてくれ。{n}当局から 口どめされていたので{n}言わなかったが {6:3}は{n}ビラニウムがあると強大化するらしいんだ。{2}{7}ヤツは この島に 大量の{n}高純度ビラニウムがあるのを かぎつけたに{n}ちがいない！ だから自分から この島に{n}兼り込んだんだ	…{6:2}, 들어 줘.{n}당국에서 함구령을 내려서{n}말 안 했지만 {6:3}은{n}비라니움이 있으면 강대해진다는 모양이야.{2}{7}그놈은 이 섬에 대량의{n}고순도 비라니움이 있는 걸 알아챈 게{n}틀림없어！ 그래서 제 발로 이 섬에{n}들어온 거야	
507:0462	たぶん今のバトルで {6:38}の肉体は{n}そうとう いたんでるだろう{n}だから{6:3}は もうすぐぬけ出す{n}・・・となると・・・{2}{7}{6:4}{6:29}が危ない！{n}ビラニウム採掘場へいそごう	아마 방금 전투로 {6:38}의 육체는{n}상당히 손상됐을 거야{n}그러니까 {6:3}은 곧 빠져나올 거야{n}…그렇다면…{2}{7}{6:4} {6:29}이 위험해！{n}비라니움 채굴장으로 서두르자	
507:0463	この前 {6:13}たちと組んで{n}{6:3}を追いつめた時のことだ。{n}オレたちは ガケくずれにまきこまれ{n}一時的に{6:3}を見うしなった。{2}{7}{6:3}のキャプチャーについちゃ{n}当局から説明があったから オレたちは{n}たがいに場所を確認していた。 だが・・・{n}{6:38}だけは・・・	전에 {6:13}들과 팀을 짜서{n}{6:3}을 몰아붙였을 때의 일이다.{n}우리는 산사태에 휘말려{n}일시적으로 {6:3}을 놓쳐 버렸다.{2}{7}{6:3}의 캡처에 대해서는{n}당국에서 설명이 있었으니까 우리는{n}서로 위치를 확인하고 있었어. 하지만…{n}{6:38}만은…	
507:0464	確認できなかったのか。{n}それで {6:3}にキャプチャーされたと{n}うたがわれたんだな？{n}なんという・・・{6:3}の本当の恐ろしさだな・・・	확인할 수 없었던 건가.{n}그래서 {6:3}에게 캡처당했다고{n}의심받게 된 거군？{n}이게 바로…{6:3}의 진짜 무서운 점이군…	
507:0465	だから・・・オレは{6:38}を殺した。{n}ぬれぎぬだった。 オレはあいつを・・・{n}信じてやれなかった・・・	그래서…나는 {6:38}을 죽였어.{n}누명이었어. 나는 그 녀석을…{n}믿어 주지 못했어…	
507:0466	よせ{6:2}。 お前には任務がある。{n}センチメンタルにひたってる場合じゃないぞ	그만둬 {6:2}. 너한테는{n}임무가 있잖아.{n}감상에 빠져 있을 때가 아니야	
507:0467	つめたいヤツだな	매정한 녀석이군	
507:0468	死んだ者のことより{n}これから死ぬかもしれない者のことを{n}考えろ・・・待て	죽은 사람보다{n}앞으로 죽을지도 모르는 사람을{n}생각해…기다려	
507:0469	近くだ・・・すぐ近くに{n}{6:3}反応がある	가까워…바로 근처에{n}{6:3} 반응이 있어	
507:0470	どこだ	어디야	
507:0471	・・・ものすごい しきんきょりだ	…엄청나게 가까운 거리야	
507:0472	{6:38}と{6:29}が{n}いっしょにいるじゃねえか{n}おい{6:12} どっちが{6:3}だ？	{6:38}과 {6:29}이{n}같이 있잖아{n}어이 {6:12} 어느 쪽이 {6:3}이야？	
507:0473	二人が近すぎてわからない・・・{n}{6:3}反応は確かにある。{n}どちらかが{6:3}なのは確実だ	두 사람이 너무{n}가까워서 모르겠어…{n}{6:3} 반응은 확실히 있어.{n}둘 중 하나가 {6:3}인 건 확실해	
507:0474	なめやがって・・・{n}二人まとめて ぶっ殺すか	얕보는군…{n}둘 다 한꺼번에 죽여 버릴까	
507:0475	ムチャはやめろ！	무모한 짓은 그만둬！	
507:0476	じゃあ何か手はあるのか	그럼 무슨 방법이 있는 거야	
507:0477	・・・それもそうだな。{n}ま、しょうがないか。{2}{7}{6:2}、液体チッソを使おう。{n}オレが ここからとんでって どっちかに{n}ぶっかける。 それなら危険は50パーセントだ。{n}どちらにするかは お前が決めろ！	…그것도 그렇군.{n}뭐, 어쩔 수 없나.{2}{7}{6:2}, 액체 질소를 쓰자.{n}내가 여기서 날아가서 둘 중 한쪽에{n}끼얹을게. 그럼 위험은 50퍼센트야.{n}어느 쪽으로 할지는 네가 정해！	
507:0478	{6:4}に{n}液体チッソを ぶっかけるか？	{6:4}에게{n}액체 질소를 끼얹을까？	
507:0479	{6:38}に{n}液体チッソを ぶっかけるか？	{6:38}에게{n}액체 질소를 끼얹을까？	
507:0480	{6:12}は {6:4}{6:29}に{n}液体チッソを使いました	{6:12}은 {6:4} {6:29}에게{n}액체 질소를 사용했습니다	
507:0481	グオオオオオオオー	구오오오오오오오ー	
507:0482	グエッグエッグエー	그엑그엑그에ー	
507:0483	ビンゴー！！	빙고ー！！	
507:0484	やったぜ！ ブチ殺しに行くか！	해냈다！ 박살 내러 갈까！	
507:0485	{6:12}は {6:38}に{n}液体チッソを使いました	{6:12}은 {6:38}에게{n}액체 질소를 사용했습니다	
507:0486	うおおおおおおおー	우오오오오오오오ー	
507:0487	うぐっ・・・ぐふっ	으극…그헉	
507:0488	はずれたようだな	빗나간 모양이군	
507:0489	そんなことはねえ・・・{n}{6:38}じゃねえってことは{n}{6:29}だってことだ！	그럴 리 없어…{n}{6:38}이 아니라는 건{n}{6:29}이라는 거야！	
507:0490	なるほど	그렇군	
507:0491	バウンティハンターが{n}法をおかすとはな	바운티 헌터가{n}법을 어기다니	
507:0492	何しやがんだバカヤロー💢！！{n}お前のボスの{6:4}が{n}{6:3}だ 早くここから出せ！！	뭐 하는 짓이야{n}이 바보 자식💢！！{n}네 보스인 {6:4}이{n}{6:3}이야 빨리 여기서 꺼내 줘！！	
507:0493	ほんとうだぞ{n}われわれはラジーン国の	정말이야{n}우리는 라진국의	
507:0494	たわけ！ オレさまは{n}{6:4}さま直属の 親衛隊長だ{n}何をバカなことを言う{2}{7}オレは{6:4}{6:29}に{n}さっき給料を上げてもらったばかりなんだ{n}そんなこと信じられるかっ！！！	멍청한 놈！ 이 몸은{n}{6:4}님 직속 친위대장이다{n}무슨 바보 같은 소리를 하는 거냐{2}{7}나는 {6:4} {6:29}한테{n}방금 급료를 올려 받은 참이란 말이다{n}그런 소리를 믿을 수 있겠냐！！！	
507:0495	マジか？ お前！	진짜야？ 너！	
507:0496	うるさい！{n}地獄へおくりとどけてやる	시끄러！{n}지옥으로 보내 주마	
507:0497	{6:4}さま！{n}監獄侵入罪の{n}バウンティハンターを一匹 捕らえました{n}いかがいたしましょう	{6:4}님！{n}감옥 침입죄를 저지른{n}바운티 헌터 한 마리를 붙잡았습니다{n}어떻게 할까요	
507:0498	グエエエ グゲゲゲゲ	그에에에 그게게게게	
507:0499	は？ 何と？	네？ 뭐라고요？	
507:0500	グエエエ・・・カギ・・・カギ	그에에에…열쇠…열쇠	
507:0501	あっ フェンスのカギで{n}ございますね。 持ってきましたとも{n}でもビラニウムに じかにさわるのは{n}危険ではないかと・・・	아, 울타리 열쇠 말씀{n}이시군요. 가져왔고말고요{n}하지만 비라니움을 직접 만지는 건{n}위험하지 않을지…	
507:0502	おい！ こら！{n}カギをわたすなカギを！{n}そいつは{6:3}だぞ！	어이！ 이놈아！{n}열쇠 주지 마 열쇠！{n}그놈은 {6:3}이다！	
507:0503	ひとまず この{n}うるさいバウンティハンターを{n}かたずけましょう	일단 이{n}시끄러운 바운티 헌터를{n}처리하도록 하죠	
507:0504	グエエエ グエエエ	그에에에 그에에에	
507:0505	え？ 何ですか？{n}{6:2}・ヤーの とどめをさせと？	네？ 뭐라고요？{n}{6:2}・야의 숨통을 끊으라고요？	
507:0506	グエエエ	그에에에	
507:0507	ははー わかりました	핫, 알겠습니다	
507:0508	死んだ者のことより{n}これから死ぬかもしれない者のことを考えろ{n}・・・待て	죽은 사람보다{n}앞으로 죽을지도 모르는 사람을 생각해{n}…기다려	
507:0509	近くだ・・・すぐ近くに{6:3}反応がある	가까워…바로 근처에{n}{6:3} 반응이 있어	
507:0510	前方？ いや後方かもしれない	전방？ 아니, 후방일지도 몰라	
507:0511	何なんだ！？{n}オレは どっちへ行きゃあいいんだ？	뭐야 대체！？{n}나는 어느 쪽으로 가면 되는 거야？	
507:0512	すまない	미안해	
507:0513	何だ お前は？	뭐냐 너는？	
507:0514	オレは{6:2}・ヤーだ{n}カーボン刑囚の{6:3}が脱走して{n}この島に上陸した	나는 {6:2}・야다{n}카본 형수의 {6:3}이 탈주해서{n}이 섬에 상륙했어	
507:0515	・・・ほう それで？	…호오, 그래서？	
507:0516	{6:3}は {6:38}という{n}あんたの部下に のりうつった。{n}{6:38}はここに来たか？	{6:3}은 {6:38}이라는{n}당신 부하에게 빙의했어.{n}{6:38}은 여기 왔었나？	
507:0517	{6:38}が{6:3}だと？{n}いやしいバウンティハンターのぶんざいで{n}わしをだまそうというのか？{2}{7}お前 {6:3}脱走をでっちあげ{n}何かたくらんでいるだろう！{n}さては本国からのスパイだな！{2}{7}わしの右うで {6:38}が{n}すべて 調べてくれたわい！	{6:38}이 {6:3}이라고？{n}비천한 바운티 헌터 주제에{n}나를 속이려는 거냐？{2}{7}네놈, {6:3} 탈주극을 꾸며내서{n}뭔가 꾸미고 있는 거겠지！{n}그렇군, 본국에서 온 스파이로군！{2}{7}내 오른팔인 {6:38}이{n}전부 조사해 줬다！	
507:0518	う・・・{6:2}・・・	으…{6:2}…	
507:0519	{6:38}！	{6:38}！	
507:0520	オレじゃねえ・・・{n}{6:3}は オレから・・・{6:29}に{n}・・・う・・・のりうつった・・・	내가 아니야…{n}{6:3}은 나한테서…{6:29}에게{n}…으…옮겨 붙었어…	
507:0521	{6:38}！？ 何をいうか！？{n}このわしが{6:3}だと！？	{6:38}！？ 무슨 소리를 하는 거냐！？{n}이 내가 {6:3}이라고！？	
507:0522	くそ！ どうなってんだ{n}おい{6:12} どっちが{6:3}だ？	젠장！ 어떻게 된 거야{n}어이 {6:12} 어느 쪽이 {6:3}이야？	
507:0523	なめやがって・・・{n}ヤマカンでどっちか決めてぶっ殺すか	얕보는군…{n}감으로 아무나 정해서 죽여 버릴까	
507:0524	・・・それもそうだな。{n}ま、しょうがないか。{2}{7}{6:2}、液体チッソを使おう。{n}オレが ここからとんでって{n}どっちかに ぶっかける。{n}どちらにするかは お前が決めろ！	…그것도 그렇군.{n}뭐, 어쩔 수 없나.{2}{7}{6:2}, 액체 질소를 쓰자.{n}내가 여기서 날아가서{n}둘 중 한쪽에 끼얹을게.{n}어느 쪽으로 할지는 네가 정해！	
507:0525	うぐおおおおおおおー	으그오오오오오오오ー	
507:0526	うわっ！{n}{6:4}さま！！	우왓！{n}{6:4}님！！	
507:0527	な 何ということを！！	무, 무슨 짓을！！	
507:0528	あ、危ねえ！ お前の後ろに{n}{6:3}がいるぞ！！	아, 위험해！ 네 뒤에{n}{6:3}이 있어！！	
507:0529	うるさい！ {6:29}のかたき！	시끄러！ {6:29}의 원수！	
507:0530	地獄へ行け！！	지옥으로 가라！！	
507:0531	{6:29}！{n}いま助けに行きますからね！	{6:29}！{n}지금 구하러 갈게요！	
507:0532	グルルルル	그르르르르	
507:0533	うわあ！ 何だお前！	우와아！ 뭐야 너！	
507:0534	うぎゃあー{n}やめてくれー！！	으아아ー{n}그만해줘ー！！	
507:0535	ジェイラーズ島 ジェイラーズプリズン{6:29}{n}クルケ・{6:4}{n}誕生日に 見も知らずのバウンティハンターに{n}液体チッソをかけられ死亡{18}	제이라즈 섬 제이라즈 프리즌 {6:29}{n}쿠루케・{6:4}{n}생일에 일면식도 없는 바운티 헌터에게{n}액체 질소를 뒤집어쓰고 사망{18}	
507:0536	うわっ！ 何だいったい！？	우왓！ 대체 뭐야！？	
507:0537	ぐわっ！	그왓！	
507:0538	{6:3}は フェンスのカギを{n}手に入れた	{6:3}은 울타리 열쇠를{n}손에 넣었다	
507:0539	グルルルルルルル	그르르르르르르르	
507:0540	う、う、こ、こわかった・・・{n}今のが{6:3}か？ 何という{n}恐ろしい化け物・・・{n}・・・{6:2}・ヤーとか言ったな？	으, 으, 무, 무서웠어…{n}방금 그게 {6:3}이야？ 이 무슨{n}끔찍한 괴물…{n}…{6:2}・야라고 했던가？	
507:0541	そうだ	그래	
507:0542	いっしゅんだが{n}にせ{6:38}のことばを 信じてしまった・・・{n}許してくれ	한순간이지만{n}가짜 {6:38}의 말을 믿어 버렸어…{n}용서해 줘	
507:0543	何してくれるんだ？	어쩔 셈이야？	
507:0544	は？	네？	
507:0545	てめえが こっそり{n}ビラニウムなんか 掘ってるから{n}こんなことになるんだバカヤロー{n}ぶちこむぞ	네놈이 몰래{n}비라니움 따위를 캐고 있으니까{n}이렇게 되는 거야 이 바보 자식아{n}처넣어 버리겠어	
507:0546	あわわ {6:2}・ヤーさん{n}それだけは かんべんしてください{n}おお そうだ！！	아와와 {6:2}・야 씨{n}그것만은 봐주세요{n}오, 그렇지！！	
507:0547	何だ？	뭔데？	
507:0548	わしを キャプチャーさせてやろう{n}わしの体は けっこう役に立つぞ	나를 캡처시켜 주지{n}내 몸은 꽤 쓸모 있을 거야	
507:0549	そいつはうれしいな{n}じゃあいくぞ{17}	그거 반갑군{n}그럼 간다{17}	
507:0550	ここへ来るとちゅうに {6:3}に{n}こわされた通路とかはなかったか？{n}もと来た道から地上にもどれないようなら{n}わしらは ここでカゴのトリだ{2}{7}そこの古代遺跡が地上に通じている{n}可能性も無くはないが・・・ まだ誰も{n}確かめた者はない。 行くなら止めはせんぞ。{n}カギは{6:37}が持っている	여기 오는 도중에 {6:3}에게{n}부서진 통로 같은 건 없었나？{n}원래 왔던 길로 지상에 돌아갈 수 없다면{n}우리는 여기서 독 안에 든 쥐야{2}{7}저기 고대 유적이 지상으로 통할{n}가능성도 없진 않지만… 아직 아무도{n}확인한 사람이 없어. 가겠다면 말리진 않겠다.{n}열쇠는 {6:37}가 갖고 있어	
507:0551	うぐぐぐぐぐ・・・{6:2}	으그그그그그…{6:2}	
507:0552	{6:38}・・・{n}お前 生きてたのか	{6:38}…{n}너 살아 있었던 거야	
507:0553	{6:2}・・・おれは・・・{n}二回も死ぬのか？・・・{n}ぐふっ	{6:2}…나는…{n}두 번이나 죽는 건가？…{n}그헉	
507:0554	{6:38} {6:38}！	{6:38} {6:38}！	
507:0555	{6:2} こいつの頭をよく見ろ	{6:2} 이 녀석 머리를 잘 봐	
507:0556	え！？	에!?	
507:0557	何か所も ぬいあわせた あとがある	여러 군데를 꿰맨 흔적이 있어	
507:0558	フランケンシュタインか・・・{n}いったい この島では何が起こっているんだ・・・	프랑켄슈타인인가…{n}대체 이 섬에서 무슨 일이 벌어지는 거야…	
507:0559	{6:2}・・・ オレの・・・形見だ	{6:2}… 내…유품이야	
507:0560	死んでいます。{n}つかれきったような死に顔です。	죽어 있습니다.{n}지친 듯한 죽은 얼굴입니다.	
507:0561	この先はオレも知ってるぞ！{n}それからラビアン騎士団は 何度もの戦いで{n}みな死んだり、ちりぢりになってしまうんだ。{n}今では誰一人 残っていない・・・しかし・・・{2}{7}ま、いいや。{n}それはともかく、まちがいない。{n}ビラーノは{6:3}だ。 やはり過去にも{n}{6:3}はあらわれていたんだ	그다음은 나도 알아！{n}그 후 라비안 기사단은 여러 번의 전투 끝에{n}모두 죽거나 뿔뿔이 흩어져 버렸어.{n}지금은 한 명도 남아 있지 않아…하지만…{2}{7}뭐, 됐어.{n}그건 그렇고, 틀림없어.{n}비라노는 {6:3}이야. 역시 과거에도{n}{6:3}은 나타났던 거야	
507:0562	このウーダノートってのが{n}手に入れば{6:3}を例せるってことかよ{n}しかし500年も前の話じゃなあ・・・	이 우다노트란 게{n}손에 들어오면 {6:3}을{n}쓰러뜨릴 수 있다는 거냐{n}하지만 500년이나 전 이야기라…	
507:0563	500年・・・{n}これには意味があるぞ	500년…{n}이건 의미가 있어	
507:0564	500年周期でやって来る{n}ほうき星がある そのほうき星が{n}近づいて来たとき 各地の火山が{n}噴火をはじめるんだ{2}{7}マジョルナ山も火を噴いたって{n}言ってただろう ほうき星は確かに{n}近づいている 最近 各地で{n}かんそくされているんだ	500년 주기로 찾아오는{n}혜성이 있어. 그 혜성이{n}가까워지면 각지의 화산이{n}분화하기 시작해{2}{7}마졸나 산도 분화했다고{n}했었잖아. 혜성은 분명{n}가까워지고 있어. 최근 각지에서{n}관측되고 있다고	
507:0565	じゃあ今が{n}そのまた500年目ってことか	그럼 지금이{n}바로 그 500년째라는 건가	
507:0566	{6:3}は500年周期で{n}あらわれるってことだな	{6:3}은 500년 주기로{n}나타난다는 거군	
507:0567	それで？	그래서？	
507:0568	何が？	뭐가？	
507:0569	騎士団がいなくなって、{n}しかし、何だよ？	기사단이 없어진 다음{n}그래서 뭐가 어떻다고？	
507:0570	・・・しかし予言がある。{n}ビラーノが ふたたび現れることがあれば{n}悪魔を殺す者もまた 伝説の中から{n}帰って来ると・・・	…하지만 예언이 있어.{n}비라노가 다시 나타난다면{n}악마를 죽일 자 또한 전설 속에서{n}돌아온다고…	
507:0571	「{20:35}勇気ある者よ よくぞここまで来た{n}悪魔がふたたび 地上にまいおりる時{n}勇士が 伝説の中から帰って来る{n}悪魔の名前はビラーノ	「{20:35}용기 있는 자여,{n}잘도 여기까지 왔구나. 악마가 다시{n}지상에 내려올 때 용사가 전설 속에서{n}돌아오리라. 악마의 이름은 비라노	
507:0572	「{20:35}そなたが悪魔ビラーノを例せる{n}まことの勇士かどうか 確かめさせてもらおう{2}「{20:35}そなたの相手をつとめるのは{n}ラビアン騎士の魂 ラビアンガードです	「{20:35}그대가 악마 비라노를 쓰러뜨릴{n}진정한 용사인지 확인해 보겠다{2}「{20:35}그대의 상대를 맡을 자는{n}라비안 기사의 혼, 라비안 가드이다	
507:0573	「{20:35}勇士よ しかと確かめさせてもらった{n}そなたなら ビラーノを例せるであろう{n}ラビアン騎士は右の剣を{n}ラジーン騎士は左の剣を手にするがよい	「{20:35}용사여, 확실히 확인했다{n}그대라면 비라노를 쓰러뜨릴 수 있으리라{n}라비안 기사는 오른쪽 검을{n}라진 기사는 왼쪽 검을 손에 쥐어라	
507:0574	・・・おい！ オレは確かに{n}ラジーンの者だが 騎士じゃあないぜ	…어이！ 나는 분명{n}라진 사람이지만 기사는 아니라고	
507:0575	おい{6:2} お前の家系は{n}どうなっている	어이 {6:2} 네 가계는{n}어떻게 되어 있지	
507:0576	家系？	가계？	
507:0577	祖先が騎士だったということは{n}ないのか	조상이 기사였던 적은{n}없는 거야	
507:0578	オレのルーツなんて知らねえよ{n}ガキのころに親は死んだ{n}びんぼうな家だった 家系の話なんか{n}聞いたこともねえ{2}{7}オレと弟は それ以来{n}修道院の施設でそだったんだ	내 뿌리 같은 거 몰라{n}어릴 때 부모는 죽었어{n}가난한 집이었어. 가계 이야기 같은 건{n}들어 본 적도 없어{2}{7}나랑 동생은 그 뒤로{n}수도원 시설에서 자랐어	
507:0579	お前も けっこう{n}過去をせおってるんだな	너도 꽤{n}사연 있는 과거를 짊어지고 있군	
507:0580	大きなお世話だ	쓸데없는 참견이야	
507:0581	弟がいるのか	동생이 있어？	
507:0582	いる。 いるんだが・・・{n}最近 たよりがねえ	있어. 있긴 한데…{n}요즘 소식이 없어	
507:0583	おいおい	어어이	
507:0584	あいつも もう大人だ。{n}オレが心配してやるほど ヤワじゃねえ。{n}頭がよくてな。 士官になったんだが{n}あちこち とびまわってるらしい。{2}{7}オレも こんななりわいだしな・・・{n}もう何年も会ってねえよ。 待てよ・・・{n}そういやあ 最後にもらった手紙が{n}ズールーシティからだったな	그 녀석도 이제 어른이야.{n}내가 걱정해 줄 만큼 약해빠지지 않았어.{n}머리가 좋아서 말이지. 사관이 됐는데{n}여기저기 뛰어다니고 있는 모양이야.{2}{7}나도 이런 직업이다 보니…{n}벌써 몇 년이나 못 만났어. 잠깐만…{n}그러고 보니 마지막으로 받은 편지가{n}줄루시티에서 왔었지	
507:0585	{6:3}を捕らえた場所の近くだな	{6:3}을 붙잡은 장소 근처군	
507:0586	ああ・・・{n}うまくすれば会えたかもなあ{n}シクったぜ	아…{n}잘하면 만날 수 있었을지도 모르는데{n}실수했군	
507:0587	ラビアンソードを ひきぬこうとしました。{n}しかし すこしも 動かせませんでした。	라비안 소드를 뽑으려고 했습니다.{n}하지만 조금도 움직이지 않았습니다.	
507:0588	こっちの剣は ラビアン文字が{n}ほられてある それに このバラのかたどり{n}・・・これは ラビアン騎士でないと{n}ぬくことができないんじゃないか	이쪽 검은 라비안 문자가{n}새겨져 있어, 게다가 이 장미 모양……{n}…이건 라비안 기사가 아니면{n}뽑을 수 없는 거 아닐까	
507:0589	こっちの剣には オレの祖国の{n}ラジーンの文字が きざまれてるぜ・・・{n}ラジーン国王から サルタン4世に{n}おくられたものらしい	이쪽 검에는 내 조국{n}라진의 문자가 새겨져 있어…{n}라진 국왕이 술탄 4세에게{n}보낸 물건인 모양이야	
507:0590	とにかく そのラジーンソードを{n}ぬいてみろ ぬけたら お前に{n}騎士の血が流れてるってことだ	아무튼 그 라진 소드를{n}뽑아 봐. 뽑히면 너한테{n}기사의 피가 흐르고 있다는 거야	
507:0591	オレのルーツが{n}ラジーンの騎士なんかのハズがねえ	내 뿌리가{n}라진의 기사 따위일 리가 없어	
507:0592	お前が ここに来たのは{n}運命で決められていたようだな	네가 여기 온 건{n}운명으로 정해져 있었던 모양이군	
507:0593	オレの体に・・・{n}ラジーンの騎士の・・・騎士の血が・・・！？	내 몸에…{n}라진의 기사…기사의 피가…！？	
507:0594	誰かおさがしかね わかいの？	누굴 찾고 있나, 젊은이？	
507:0595	{6:4}はどこだ？	{6:4}은 어디 있지？	
507:0596	{6:4}なら{n}その家の中におるよ	{6:4}이라면{n}저 집 안에 있다네	
507:0597	{6:37}はどこだ？	{6:37}는 어디 있지？	
507:0598	{6:37}なら{n}その家の中におるよ	{6:37}라면{n}저 집 안에 있다네	
507:0599	{6:3}はどこだ？	{6:3}은 어디 있지？	
507:0600	{6:3}なら{n}その家の中におるよ	{6:3}이라면{n}저 집 안에 있다네	
507:0601	{6:2} ゆだんするな ワナかもしれん{n}お前 {6:19}には うらまれているんだろ	{6:2}, 방심하지 마, 함정일지도 몰라{n}너 {6:19}한테 원한을 사고 있잖아	
507:0602	うるせえ！！{n}オレをここまでコケにした{n}{6:3}のやつを オレは許さねえ	시끄러！！{n}나를 이렇게까지 우습게 본{n}{6:3} 그놈을 나는 용서 못 해	
507:0603	うわっ 何だ！	우왓 뭐야！	
507:0604	ほら見ろ ワナじゃねーか{n}{6:2}のバカたれ！	봐라, 함정이잖아{n}이 바보 멍청이 {6:2}！	
507:0605	うるせえ！{n}オレは 本能で行動するんだ	시끄러！{n}나는 본능대로 움직이는 거야	
507:0606	つきあいきれねーよ	더는 못 봐 주겠네	
507:0607	ほっとけ！ ヘビ頭が	내버려 둬！ 뱀대가리 주제에	
507:0608	こっちへ来てもらおう	이쪽으로 좀 와 줘야겠어	
507:0609	おめえは誰だ？{n}キューちゃんか？	넌 누구야？{n}큐짱인가？	
507:0610	人を 外見で はんだんするな！{n}お前が {6:30}が言ってた{6:2}・ヤーか。{n}聞いたよ。 {6:3}を追ってるんだってね。{n}ぼくは JLO最高幹部の{6:39}だ	사람을 겉모습으로 판단하지 마！{n}네가 {6:30}가 말하던 {6:2}・야냐.{n}들었어. {6:3}을 쫓고 있다면서.{n}나는 JLO 최고 간부인 {6:39}이야	
507:0611	最高幹部？{n}{6:39}？	최고 간부？{n}{6:39}？	
507:0612	JLOには 最高幹部が二人いるんだ。{n}一人は君もよく知ってる{6:30}{n}もう一人は この{6:39}だ	JLO에는 최고{n}간부가 두 명 있어.{n}한 명은 너도 잘 아는 {6:30}{n}나머지 한 명은 바로 이 {6:39}이야	
507:0613	ケッ！ しけたツラしてんなお前{n}{6:30}の方が よっぽど悪人ヅラで{n}はくりょくあるぜ それに最高幹部だと{n}笑わせんな！	쳇！ 한심한 낯짝이네 너{n}{6:30} 쪽이 훨씬 악당 상판에{n}박력 있어. 게다가 최고 간부라니{n}웃기지 마！	
507:0614	おい！ あんまりシゲキするな{n}{6:2} {6:39}といえば{n}殺人マラカスで有名な犯罪者だぞ	어이！ 너무 자극하지 마{n}{6:2} {6:39}이라고 하면{n}살인 마라카스로 유명한 범죄자야	
507:0615	へえ	호오	
507:0616	何をグダグダ言ってるんだ{n}ぼくたちは 最高幹部と言っても{n}まだ上に幹部がいるんだぞ！	뭘 구시렁구시렁 떠들고 있는 거야{n}우리는 최고 간부라고 해도{n}아직 위에 간부가 있다고！	
507:0617	へ？ 最高幹部なのに 上に{n}ボスがいるのか？{n}ぜんぜん最高幹部じゃないじゃねえか？	뭐？ 최고 간부인데 위에{n}보스가 있다고？{n}전혀 최고 간부가 아니잖아？	
507:0618	ぼくのボスは{6:56}さまだよ{n}{6:30}のボスは{6:50}だ{n}おぼえときな	내 보스는 {6:56}님이야{n}{6:30}의 보스는 {6:50}이고{n}기억해 둬	
507:0619	わかった わかった{n}それより{6:39}よ 今{6:3}は{n}{6:4}にのりうつっている{n}ヤツのいどころを知ってるか？	알았어, 알았어{n}그보다 {6:39}, 지금 {6:3}은{n}{6:4}에게 옮겨 붙어 있는{n}그놈의 행방을 알고 있어？	
507:0620	わかった わかった{n}それより{6:39}よ 今{6:3}は{n}{6:37}にのりうつっている{n}ヤツのいどころを知ってるか？	알았어, 알았어{n}그보다 {6:39}, 지금 {6:3}은{n}{6:37}에게 옮겨 붙어 있는{n}그놈의 행방을 알고 있어？	
507:0621	・・・{6:4}は{n}今どこだ？	…{6:4}은{n}지금 어디 있지？	
507:0622	・・・{6:37}は{n}今どこだ？	…{6:37}는{n}지금 어디 있지？	
507:0623	はっ モニターで調べます	넵, 모니터로 조사하겠습니다	
507:0624	{6:4}は{n}地下鉱山から上がって来て{n}デクスキャリバー監獄城の 研究室に{n}むかってます	{6:4}은{n}지하 광산에서 올라와{n}덱스캘리버 감옥성의 연구실로{n}향하고 있습니다	
507:0625	{6:37}は{n}地下鉱山から上がって来て{n}デクスキャリバー監獄城の 研究室に{n}むかってます	{6:37}는{n}지하 광산에서 올라와{n}덱스캘리버 감옥성의 연구실로{n}향하고 있습니다	
507:0626	確か デクスキャリバーの{n}研究所で さわぎがあったんじゃないか？	분명 덱스캘리버의{n}연구소에서 소동이 있었던 거 아니야？	
507:0627	ははあ そのように{n}{6:30}さまから聞いてますが{n}その後の報告がありません	하아, 그렇게{n}{6:30}님께 듣긴 했습니다만{n}그 뒤로 보고가 없습니다	
507:0628	{6:30}のやつ 報告がおそいな{n}D計画さえうまくいけば あんなやつ{n}殺してしまおう	{6:30} 그놈, 보고가 늦네{n}D계획만 잘되면 저런 놈{n}죽여 버리자	
507:0629	おいおい{n}何を仲間われしてるんだ	어이 어이{n}뭘 내분을 일으키고 그래	
507:0630	うるさい！{n}ぼくは{6:30}が きらいなんだ	시끄러！{n}나는 {6:30}가 싫어	
507:0631	はいはい わかりました{n}でもD計画さえ うまくいけば{n}{6:39}さまの天下ですよ	네네, 알겠습니다{n}하지만 D계획만 잘되면{n}{6:39}님 세상이 되는 겁니다	
507:0632	えへへ そうかな{n}もっと言ってみてよ	에헤헤, 그런가{n}더 말해 봐	
507:0633	は？ 何を？	네？ 뭘요？	
507:0634	ぼくが {6:30}よりも{n}ゆうしゅうだってことをだよ	내가 {6:30}보다{n}우수하다는 걸 말이야	
507:0635	そ それはもちろんですよ{n}なんたって {6:39}さまですからね	그, 그야 물론이죠{n}뭐니 뭐니 해도 {6:39}님이시니까요	
507:0636	ふふ やっぱりね よし	후후, 역시 그렇지. 좋아	
507:0637	しかし JLO組識全体を考えると{n}今は{6:30}さまと あらそいは{n}さけた方が・・・	하지만 JLO 조직{n}전체를 생각하면{n}지금은 {6:30}님과의 싸움은{n}피하는 편이…	
507:0638	・・・そうね おい！{n}バウンティハンター！{n}お前 ちょっと研究室へ行って{n}{6:30}のようすを見て来い	…그렇군. 어이！{n}바운티 헌터！{n}너, 잠깐 연구실에 가서{n}{6:30}의 상태를 보고 와	
507:0639	研究室への行き方は{n}{6:40}という男が知っている{n}このアンダーシティーの どこかにいるはずだ	연구실로 가는 방법은{n}{6:40}라는 남자가 알고 있어{n}이 언더시티 어딘가에 있을 거야	
507:0640	バウンティハンター！{n}お前 ちょっと研究室へ行って{n}{6:30}のようすを見て来い	바운티 헌터！{n}너, 잠깐 연구실에 가서{n}{6:30}의 상태를 보고 와	
507:0641	話は{6:39}さまから聞いてるよ。{n}デクスキャリバーの研究所へ行くんだろ{2}{7}この部屋のどこかから行けるよ{n}オレはおしえないから 自分で考えて行きな	얘기는 {6:39}님한테 들었어.{n}덱스캘리버 연구소로 가는 거지{2}{7}이 방 어딘가에서 갈 수 있어{n}나는 안 알려 줄 테니까 스스로 생각해서 가	
507:0642	おい！ {6:30}！ しっかりしろ！{n}何があったんだ！ おい！ {6:3}だな{n}{6:3}がこんなことをしたんだな！{n}おい {6:30} しっかりしろ！！	어이！ {6:30}！ 정신 차려！{n}무슨 일이 있었던 거야！ 어이！ {6:3}이지{n}{6:3}이 이런 짓을 한 거지！{n}어이 {6:30} 정신 차려！！	
507:0643	うぐ・・・う・・・{6:2}・ヤーか・・・{n}うぐぐ ビ・・・{6:3}が・・・化け物が・・・{n}悪魔に変身する・・・うぐぐ	으그…으…{6:2}・야인가…{n}으그그 비…{6:3}이…괴물이…{n}악마로 변신한다…으그그	
507:0644	おい！ 何いってんだ！{n}わかんねえぞ！ {6:3}がどうした！	어이！ 뭔 소리야！{n}모르겠다고！ {6:3}이 어쨌다는 거야！	
507:0645	・・・う・・・ア・・・{6:50}さまが{n}言ってたことは・・・う・・・ほんとうだった・・・{n}ぐぐ {6:3}が・・・液体を・・・緑・・・{n}・・・緑・・・緑色の・・・悪魔・・・	…으…아…{6:50}님이{n}하신 말씀은…으…사실이었어…{n}그그 {6:3}이…액체를…녹색…{n}…녹색…녹색의…악마…	
507:0646	え？！ 何！？ {6:3}が何だと？{n}どういうことだ！ おい しっかりしろ	어？！ 뭐！？ {6:3}이 뭐가 어쨌다고？{n}그게 무슨 소리야！ 어이 정신 차려	
507:0647	ウ・・・ウーダノートを・・・{n}{6:50}さまからウーダノートをもらうんだ{n}・・・{6:2}・・・{6:50}さまから・・・{n}ウーダノートを・・・う・・・ぐぐ・・・	우…우다노트를…{n}{6:50}님한테서 우다노트를 받아{n}…{6:2}…{6:50}님한테서…{n}우다노트를…으…그그…	
507:0648	{6:30}！ {6:30}しっかりしろ{n}ウーダノートは{6:50}が持ってるんだな？{n}{6:50}はどこだ？{n}{6:50}は どこにいるんだ？	{6:30}！ {6:30} 정신 차려{n}우다노트는 {6:50}가 갖고 있는 거지？{n}{6:50}는 어디 있어？{n}{6:50}는 어디 있는 거야？	
507:0649	・・・カ・・・カッパ・・・ぐっ	…카…캇파…그윽	
507:0650	{6:30}は ついに{n}息たえてしまいました	{6:30}는 결국{n}숨을 거두고 말았습니다	
507:0651	やあ 君たち・・・{n}知らん人だな。 まあいい。{n}わたしの研究所に何か用かね？{n}助けが必要なのかね？	야, 자네들…{n}모르는 사람이군. 뭐, 좋아.{n}내 연구소에 무슨 볼일인가？{n}도움이 필요한 건가？	
507:0652	ひさしぶりに まともに話が{n}できそうなやつに会ったな	오랜만에 제대로 말이{n}통할 것 같은 녀석을 만났군	
507:0653	何でも言いたまえ。{n}わたしに不可能はない。{n}わたしは天才なのだ。{n}・・・ウフフ・・・	뭐든 말해 보게.{n}나에게 불가능이란 없어.{n}나는 천재니까.{n}…우후후…	
507:0654	前言てっかいだ！{n}やばいぞこいつ・・・	방금 한 말 취소다！{n}위험해 이 녀석…	
507:0655	そう わたしにはなんでもできる。{n}死者をよみがえらせたのも このわたし。{n}・・・ウフフ・・・ウフフ・・・	그래, 나는 뭐든지 할 수 있어.{n}죽은 자를 되살린 것도 바로 나지.{n}…우후후…우후후…	
507:0656	{6:38}のことか？{n}あんたが{6:38}を化け物にしたのか？	{6:38} 얘기야？{n}당신이 {6:38}을 괴물로 만든 거야？	
507:0657	・・・ウフフ・・・{6:38}{n}そう あの肉体はすばらしかった・・・{n}最高の研究ざいりょうだった・・・	…우후후…{6:38}{n}그래, 그 육체는 훌륭했지…{n}최고의 연구 재료였어…	
507:0658	あんたがやったのか？	당신이 한 짓이야？	
507:0659	わたしは天才なんだ。{n}どうした？ 何をそんなにおこってるんだ？{n}・・・ウフフフ・・・イヒヒヒ・・・{n}わたしが恐ろしくないのか？{2}{7}ヒヒヒ・・・液・・・液体が・・・{n}生命を持ち・・・ヒヒ・・・悪魔をよびよせた・・・{n}美しい緑色・・・ 緑色の悪魔・・・{n}・・・ヒヒヒ・・・あれは・・・メタモルフォーゼ・・・{2}{7}わたしが恐ろしくないのか？{n}わたしは悪魔を作り出した男だぞ？{n}わたしを恐れない者は・・・イヒ・・・{n}カハハハハ・・・殺してやる・・・殺してやる・・・	나는 천재란 말이다。{n}왜 그래？ 뭘 그렇게 화내고 있는 거야？{n}…우흐흐흐…이히히히…{n}내가 무섭지 않은 거냐？{2}{7}히히히…액…액체가…{n}생명을 얻어…히히…악마를 불러들였다…{n}아름다운 초록색… 초록빛 악마…{n}…히히히…저것은…메타모르포제…{2}{7}내가 무섭지 않은 거냐？{n}나는 악마를 만들어 낸 남자란 말이다？{n}나를 두려워하지 않는 자는…이히…{n}카하하하하…죽여 버리겠다…죽여 버리겠다…	
507:0660	死んでいる。 よく見ると 体中に{n}こまかい あなが あいている。	죽어 있다. 자세히 보니 온몸에{n}자잘한 구멍이 뚫려 있다.	
507:0661	{6:12}！ {6:3}反応は？	{6:12}！ {6:3} 반응은？	
507:0662	ない もう ぬけ出した後だ{n}ヤツは どこに行ったんだ？	없어 이미 빠져나간 뒤야{n}그놈은 어디로 간 거지？	
507:0663	この 緑のドロドロを{n}たどって行けば ヤツのい場所がわかるぜ	이 초록빛 끈적한 걸{n}쫓아가면 그놈이 있는 곳을 알 수 있을 거야	
507:0664	頭いいな！ {6:2}	머리 좋은데！ {6:2}	
507:0665	だろ！ 行こう！	그렇지！ 가자！	
507:0666	このバラは・・・このにおいは{n}あの女の・・・	이 장미는…이 냄새는{n}그 여자의…	
507:0667	ならくに落ちていった あの{n}ラビアン女忍者か	나락으로 떨어져 간 그{n}라비안 여자 닌자인가	
507:0668	助けてやるってのに 意地はって	구해 준다는데 고집을 부리고	
507:0669	こりゃおどろいた・・・{n}どうなってんだ！？{n}助かったのか	이거 놀랍군…{n}어떻게 된 거야！？{n}살아난 건가	
507:0670	あなたたちは？	당신들은？	
507:0671	忘れたのか？ せっかく{n}手をさしのべてやったのに{n}ムシしやがって	잊었나？ 모처럼{n}손을 내밀어 줬더니{n}무시하다니	
507:0672	ああ、あの時の・・・	아아, 그때의…	
507:0673	助かったんだな。 よかった	살았구나. 다행이야	
507:0674	な・・・なんだ！？	뭐…뭐야！？	
507:0675	これは 一種の通信手段よ	이건 일종의 통신 수단이야	
507:0676	ホログラムか	홀로그램인가	
507:0677	まあね	뭐, 그런 셈이지	
507:0678	どうやら ラビアン共和国から{n}来たようだが ラビアンはホログラム通信を{n}もう実用化しているのか	아무래도 라비안 공화국에서{n}온 것 같은데 라비안은 홀로그램 통신을{n}벌써 실용화한 건가	
507:0679	ラビアンの文明は{n}独自に進歩しているのよ	라비안의 문명은{n}독자적으로 발전하고 있거든	
507:0680	そこにいる お前が{n}ホログラムってことは・・・ほんとうの{n}お前は ここにいないってことか？	거기 있는 네가{n}홀로그램이라는 건…진짜{n}너는 여기 없다는 건가？	
507:0681	そうよ。{n}・・・見たところ あなたは ラジーン国の{n}バウンティハンターね？	맞아.{n}…보아하니 당신은 라진 국의{n}바운티 헌터지？	
507:0682	バウンティハンターも{n}有名みたいだな	바운티 헌터도{n}유명한 모양이군	
507:0683	有名よ。{n}レベルのひくい 連中としてね。	유명하지.{n}수준 낮은 녀석들로서 말이야.	
507:0684	ずいぶん カンにさわる言い方{n}してくれるじゃねえか	꽤나 신경 거슬리는 말투로{n}말해 주는군	
507:0685	バウンティハンターが{n}こんなとこで何してるのよ	바운티 헌터가{n}이런 데서 뭐 하는 거야	
507:0686	お前には関係ない。{n}お前こそ何してる	너랑은 상관없어.{n}너야말로 뭐 하는 거냐	
507:0687	言う必要はないわ	말할 필요 없어	
507:0688	なぜホログラム通信をしている？{n}君の実体は 今どこにある？	왜 홀로그램 통신을 하고 있지？{n}네 실체는 지금 어디 있는 거야？	
507:0689	・・・答える必要はないわ{n}特にラジーン国の者にはね	…대답할 필요 없어{n}특히 라진 국 사람한테는 말이야	
507:0690	確か ホログラム通信は 何か{n}非常事態の時にだけ 使うんじゃ{n}ないのか？ 今、君の身に何か{n}起きてるんじゃないのか	확실히 홀로그램 통신은 뭔가{n}비상사태일 때만 쓰는 거{n}아니었나？ 지금, 너한테 무슨 일이{n}일어나고 있는 거 아니야？	
507:0691	あんたたちには関係ないのよっ！	당신들이랑은 상관없다고！	
507:0692	・・・何なんだ	…뭐야	
507:0693	どうも気がかりだな。{n}彼女の身に 何か危険が{n}せまっているんじゃないのかな。{n}助けをもとめようとしてるんじゃ・・・	아무래도 신경 쓰이는군.{n}그 여자한테 뭔가 위험이{n}닥친 거 아닐까.{n}도움을 청하려는 거 아닌가…	
507:0694	だったらすなおに「助けて」と{n}言えばいいんだ。 レベルがひくいだのと{n}バカにされて 心配なんかしてやるか！	그럼 솔직하게 「도와줘」라고{n}말하면 되잖아. 수준 낮다느니{n}바보 취급당하면서 걱정 따위 해 줄까 보냐！	
507:0695	また あのバラだ	또 그 장미다	
507:0696	また あんたたちなの？{n}いいかげん つきまとうのはやめてよ	또 당신들이야？{n}적당히 따라다니는 거 그만둬	
507:0697	冗談じゃねえ！{n}お前が つきまとってるんだろうが！	웃기지 마！{n}네가 따라다니는 거잖아！	
507:0698	あなたを相手にしてるヒマは{n}ないわ・・・時間がないのよ・・・{n}・・・うっ・・・	당신을 상대할 시간{n}없어…시간이 없다고…{n}…윽…	
507:0699	どうした！	왜 그래！	
507:0700	ほっといて！	내버려 둬！	
507:0701	君は・・・このブルーローズから{n}ラビアン国にエマージェンシーを{n}おくってるんだろう？	너는…이 블루 로즈로{n}라비안 국에 긴급 신호를{n}보내고 있는 거지？	
507:0702	・・・・・・	……	
507:0703	かくしてもダメだ。 このバラから{n}ハイパーウェーブが出てるのは わかってる。{n}ラビアン国にむけて SOSを{n}発信してるんだろう？	숨겨 봐야 소용없어. 이 장미에서{n}하이퍼웨이브가 나오고 있는 건 알고 있다고.{n}라비안 국을 향해 SOS를{n}발신하고 있는 거지？	
507:0704	だとしても あなたたちには{n}関係ないわ・・・ う・・・ぐっ{n}・・・ジャマをしないで・・・	그렇다 해도 당신들이랑은{n}상관없어… 윽…크윽{n}…방해하지 마…	
507:0705	お前の実体は{n}今どうなってるんだ。{n}・・・タダゴトじゃなさそうだが？	네 실체는{n}지금 어떻게 돼 있는 거야.{n}…예사롭지 않아 보이는데？	
507:0706	他国の者に言う必要はないわ・・・{n}わたしに関らないで・・・	다른 나라 사람한테{n}말할 필요 없어…{n}나한테 상관하지 마…	
507:0707	・・・ラ・・・ラビアン共和国・・・{n}こちら・・・ジェイラーズ・・・セマ・・・{n}シルビア・・・{6:5}・・・ひ・・・非常事態・・・{n}お・・・応答を・・・ね・・・ねがい・・・うっ	…라…라비안 공화국…{n}여기는…제이라즈…세마…{n}실비아…{6:5}…비…비상사태…{n}으…응답을…부…부탁…윽	
507:0708	おいっ！ すがたが消えかかってるぜ！{n}どうしたんだ！	이봐！ 모습이 사라지려 하고 있어！{n}왜 그러는 거야！	
507:0709	・・・ほっといて・・・かまわないで・・・	…내버려 둬…상관하지 마…	
507:0710	クソ意地はりやがって。{n}そんなに他国の者が信用できねえのか！	빌어먹을 고집은 참.{n}그렇게나 다른 나라 사람을 못 믿는 거냐！	
507:0711	・・・こちら{n}・・・セマ・・・シルビア・・・{6:5}	…여기는{n}…세마…실비아…{6:5}	
507:0712	おい！	이봐！	
507:0713	{6:5}・・・{n}祖国からの応答がないのか？	{6:5}…{n}조국에서 응답이 없는 거야？	
507:0714	お前は見すてられたんだ	넌 버림받은 거야	
507:0715	！・・・そ・・・そんなこと・・・うっ	！…그…그럴 리…윽	
507:0716	な、なんだ！ 今 いっしゅん{n}{6:3}のすがたが うつったぞ！ おい！{n}{6:5}！ お前の身に何が起きてるんだ！{n}{6:3}が関係してるんだな！ おい！	뭐, 뭐야！ 방금 순간적으로{n}{6:3}의 모습이 비쳤어！ 이봐！{n}{6:5}！ 너한테 무슨 일이 생긴 거야！{n}{6:3}이 관련돼 있는 거지！ 이봐！	
507:0717	・・・こちら{n}・・・セマ・・・シルビア・・・{6:5}{n}・・・聞こえるのっ！ ねえ{n}・・・あたし・・・あたし・・・	…여기는{n}…세마…실비아…{6:5}{n}…들리는 거야！ 저기{n}…나…나…	
507:0718	ラビアンて国がどういう国なのか{n}お前が何者なのか オレにはわからねえ{2}{7}ただ・・・にたような においを{n}感じるぜ・・・お前にな。{n}このオレと・・・	라비안이 어떤 나라인지{n}네가 어떤 녀석인지 나는 모른다{2}{7}그냥…비슷한 냄새를{n}느껴…너한테서 말이야.{n}이 나와…	
507:0719	・・・あなた・・・と？	…당신…과？	
507:0720	お前は・・・けっきょく・・・{n}政府の飼い犬だってことさ	너는…결국…{n}정부의 개라는 거야	
507:0721	あたしはそんなんじゃない！	난 그런 거 아니야！	
507:0722	その証拠に！{n}お前がこまってる時に、何の助けも{n}よこしはしないじゃないか{n}・・・どこの政府も にたようなものさ	그 증거로！{n}네가 곤란할 때, 아무런 도움도{n}주지 않잖아{n}…어느 나라 정부든 비슷한 거지	
507:0723	ラ・・・ラビアンは・・・{n}そんな国とはちがう！{n}・・・あたしの祖国は・・・{n}う・・・ぐ・・・いやあ	라…라비안은…{n}그런 나라와는 달라！{n}…내 조국은…{n}으…크…아아	
507:0724	地上に はげしい{6:3}反応だ！{n}ものすごく強い！{n}あきらかに{6:3}は強大化してる！{n}地上にいそげ！ {6:2}！	지상에 격렬한 {6:3} 반응이다！{n}엄청나게 강해！{n}분명 {6:3}은 더 강해지고 있다！{n}지상으로 서둘러！ {6:2}！	
507:0725	・・・あなた・・・名前は？	…당신…이름은？	
507:0726	{6:2}・ヤーだ	{6:2}・야다	
507:0727	・・・あたしは・・・祖国の道具として{n}そだてられた女よ・・・他の生き方も{n}・・・死に方も・・・許されていない{n}これでいいのよ ・・・しかたないの	…나는…조국의 도구로{n}길러진 여자야…다른 삶도{n}…죽는 방법도…허락되지 않아{n}이걸로 된 거야 …어쩔 수 없는 거야	
507:0728	ゴタクならべてんじゃねえ！{n}どこにいるんだ！ {6:3}とお前は{n}どう関係あるんだっ！？	헛소리 늘어놓지 마！{n}어디 있는 거야！ {6:3}과 너는{n}어떤 관계가 있는 거냐！？	
507:0729	しかた・・・な・・・い・・・の・・・{n}う、いやああああー・・・	어쩔…수…없…어…{n}으, 아아아아아ー…	
507:0730	なんて女だ・・・	대체 무슨 여자야…	
507:0731	ラビアンの女忍者として{n}てってい的に くんれんされて{n}きたんだろう。 決して他人に{n}心を開こうとしない	라비안의 여자 닌자로서{n}철저하게 훈련받고{n}왔겠지. 절대로 남에게{n}마음을 열려 하지 않아	
507:0732	{6:5}と{6:3}はいっしょだ！{n}まちがいない！	{6:5}와 {6:3}은 한통속이다！{n}틀림없어！	
507:0733	何でわかる	어떻게 알아	
507:0734	オレのカンだ！	내 감이다！	
507:0735	・・・こいつはいったい・・・	…이건 대체…	
507:0736	・・・巨大{6:19}のミイラだ・・・{n}ずいぶんと昔に 巨大な{6:19}が{n}このジェイラーズ島におくられた{n}記録がある・・・しかし・・・	…거대 {6:19}의 미라다…{n}아주 옛날에 거대한 {6:19}가{n}이 제이라즈 섬으로 보내졌다는{n}기록이 있어…하지만…	
507:0737	・・・なんで・・・そいつの首が{n}こんな所に・・・	…왜…그놈의 목이{n}이런 곳에…	
507:0738	{6:5}・・・{6:5}・・・	{6:5}…{6:5}…	
507:0739	{6:5}が来た・・・{6:5}がいる・・・	{6:5}가 왔다…{6:5}가 있다…	
507:0740	{6:5}を・・・{6:5}を・・・	{6:5}를…{6:5}를…	
507:0741	ど・・・どうなってるんだ！？{n}この巨大{6:19}が・・・しゃべったぜ{n}しかも{6:5}と・・・	어…어떻게 된 거야！？{n}이 거대 {6:19}가…말을 했어{n}게다가 {6:5}하고…	
507:0742	さっぱりわからん	전혀 모르겠다	
507:0743	こいつが{6:50}か？	이놈이 {6:50}인가？	
507:0744	いや・・・そ・・・{n}そうなのか？	아니…그…{n}그런 건가？	
507:0745	・・・オレが聞いてんだ	…내가 묻고 있잖아	
507:0746	すまん {6:2}・・・{n}この島で何が起こってるのか・・・{n}オレも・・・さっぱりわからない	미안 {6:2}…{n}이 섬에서 무슨 일이 일어나고 있는지…{n}나도…전혀 모르겠어	
507:0747	こいつがきっと{n}{6:50}にちがいねえぜ	이놈이 분명{n}{6:50}가 틀림없어	
507:0748	また オレのカンってやつか？	또 내 감이라는 거야？	
507:0749	ウーダノートを手に入れた	우다노트를 손에 넣었다	
507:0750	やっぱり・・・{6:50}	역시…{6:50}	
507:0751	！？ こいつが？ いや・・・	！？ 이놈이？ 아니…	
507:0752	ナゾだらけだぜ この島は・・・{n}だけどよ はっきりしてることが一つあるぜ{n}それは・・・このウーダノートに{n}{6:3}の弱点が 記されているってことだ！	수수께끼투성이야 이 섬은…{n}하지만 말이야 확실한 게 하나 있어{n}그건…이 우다노트에{n}{6:3}의 약점이 적혀 있다는 거다！	
507:0753	だが・・・{6:2} 忘れてるぞ	하지만…{6:2} 잊고 있군	
507:0754	ウーダノートは・・・{n}ラビアン文字で書かれてるんだぞ{n}オレたちには・・・読めない	우다노트는…{n}라비안 문자로 쓰여 있다고{n}우리는…못 읽어	
507:0755	ア・・・{6:50}・・・{n}ウ・・・ウーダノートを・・・返せ・・・{2}{7}う・・・ぐ・・・{n}・・・か・・・体が あつい・・・{n}・・・な・・・なんで・・・オレが・・・{n}こんな目に・・・ぐ・・・くそ！{2}{7}・・・く・・・目が・・・見えん・・・{n}ア・・・{6:50}・・・そこにいるな・・・{n}くそ・・・お前のせいで こんな目に・・・{n}・・・死ねえっ！	아…{6:50}…{n}우…우다노트를…돌려줘…{2}{7}으…윽…{n}…모…몸이 뜨겁다…{n}…왜…왜…내가…{n}이런 꼴을…윽…젠장！{2}{7}…눈…눈이…안 보여…{n}아…{6:50}…거기 있구나…{n}젠장…네놈 때문에 이런 꼴을…{n}…죽어라아！	
507:0756	あっあっあっあっ・・・う・ぐ・ぐ{n}・・・くるしい・・・何も見えない・・・{n}・・・{6:2}・・・そこに・・・いる？	아, 아, 아, 아…으・윽・윽{n}…괴로워…아무것도 안 보여…{n}…{6:2}…거기…있어？	
507:0757	{6:5}！ どこだっ！{n}どこにいるのか言えっ！ お前を助けてやる！{n}いらないと言っても助けるからな！{n}おい！ 聞こえるか{6:5}！	{6:5}！ 어디야！{n}어디 있는지 말해！ 널 구해 주겠어！{n}필요 없다고 해도 구할 거니까！{n}이봐！ 들리냐 {6:5}！	
507:0758	・・・なぜ？ ・・・なぜ そんなに{n}あたしにこだわるの	…왜？ …왜 그렇게까지{n}나한테 집착하는 거야	
507:0759	・・・オレもな・・・お前みたいに{n}国に いいように使われて たとえ{n}のたれ死んだって ヤツらはオレの{n}ほねを ひろいもしないだろう{2}{7}現実ってのは そんなもんだ{n}・・・おそらく お前もにたようなもんだろう{n}いいかげん 国のためじゃなく・・・{n}自分のために生きてみたらどうだ！	…나도 말이야…너처럼{n}나라에 좋을 대로 이용당하고 설령{n}객사한다 해도 그놈들은 내{n}뼈도 주워 주지 않을 거다{2}{7}현실이란 게 그런 거야{n}…아마 너도 비슷한 처지겠지{n}슬슬 나라를 위해서가 아니라…{n}네 자신을 위해 살아 보는 게 어때！	
507:0760	・・・もう・・・おそいの	…이미…늦었어	
507:0761	何がおそいんだ	뭐가 늦었다는 거야	
507:0762	・・・あたしの命は・・・{n}たぶん もう わずかよ・・・{n}ビ {6:3}に 吸収・・・されていく・・・{n}・・・く くるしい うげっ	…내 목숨은…{n}아마 이제 얼마 안 남았어…{n}비{6:3}에게 흡수…당하고 있어…{n}…괴, 괴로워 우엑	
507:0763	おい！ どこだ！ {6:5}！{n}くそっ！ どこなんだっ！	이봐！ 어디야！ {6:5}！{n}젠장！ 어디냐고！	
507:0764	・・・く・・・暗いわ・・・{n}ここはどこ？・・・やみの中？・・・ぐっ	…어…어두워…{n}여긴 어디야？…어둠 속？…윽	
507:0765	やばいぞ・・・{n}{6:3}が監獄に入ったとなると、{n}うかつに手がだせん・・・	큰일이군…{n}{6:3}이 감옥에 들어갔다면,{n}함부로 손을 쓸 수 없어…	
507:0766	かまったことか！ 追うぞ	알 게 뭐야！ 쫓아간다	
507:0767	どうやって！{n}ここの警備隊は非協力的だ。{n}すんなり通してくれるとは思えんぞ・・・	어떻게！{n}여기 경비대는 비협조적이다.{n}순순히 통과시켜 줄 것 같지 않은데…	
507:0768	じゃあ だまって入る	그럼 조용히 들어간다	
507:0769	正気か？{n}監獄侵入は重罪だぞ！{n}島中の人間を てきにまわすつもりか！	제정신이냐？{n}감옥 침입은 중죄다！{n}섬 전체 사람들을 적으로 돌릴 셈이냐！	
507:0770	だから？{n}{6:3}をこのままにしとくのか？{n}それより 監獄に忍びこむ方法を考えろよ	그래서？{n}{6:3}을 이대로 둘 거야？{n}그보다 감옥에 몰래 숨어드는 방법을 생각해	
507:0771	うーん・・・	으음…	
507:0772	おい！ {6:2} 見ろ！	어이！ {6:2} 봐라！	
507:0773	また{6:3}の総だ{n}どうなってんだ ここは	또 {6:3}의 무리다{n}어떻게 된 거야 여긴	
507:0774	待っていたぞ {6:2}・ヤー！	기다리고 있었다 {6:2}・야！	
507:0775	誰だ？	누구냐？	
507:0776	オレだよ {6:42}だ・・・ ようこそ{n}おいでくださいました {6:2}・ヤーさん{n}まあ ゆっくりしていってくれ{n}つもる話も たっぷりあるしな	나다 {6:42}다… 잘 왔다{n}와 주셨구나 {6:2}・야 씨{n}자 느긋하게 있다 가라{n}쌓인 이야기도 잔뜩 있으니까	
507:0777	かーっ！ こんなときに・・・{n}お前にかまってるヒマはない	칵！ 이럴 때…{n}너한테 신경 쓸 틈 없어	
507:0778	お前の弟は {6:46}という名前だろう	네 동생은 {6:46}라는 이름이지	
507:0779	何で知ってる	왜 알고 있는 거지	
507:0780	しかも かわいい恋人まで{n}いるらしいな	게다가 귀여운 애인까지{n}있는 모양이더군	
507:0781	{6:54}のことか{n}お前 やけにくわしいな	{6:54} 얘기냐{n}너 무지하게 잘 아는군	
507:0782	{6:46}さんは今どこに？	{6:46} 씨는 지금 어디에？	
507:0783	でめえ！ 何か弟のことを知ってやがるな！	이 자식！ 뭔가 동생에{n}대해 알고 있구나！	
507:0784	「ズルズル・・・チューチュー・・・チュピチュパ	「주르륵…쭉쭉…쭉쭉쭉	
507:0785	どわあ・・・ぐ・・・	으아아…끄윽…	
507:0786	「ズルズル・・・チューチュードロドロ	「주르륵…쭉쭉 질척질척	
507:0787	うぐ・・・い・・・今・・・{n}オレに何が起こったんだ・・・何だ？{n}う・・・体が・・・とけてる{n}・・・オレは・・・死・・・死ぬのか・・・{2}{7}くそ・・・こうなりゃ・・・{n}てめえも道連れだ・・・弟のことなんて{n}知ったことか・・・死ねえっ！！	으윽…지…지금…{n}나한테 무슨 일이 일어난 거야…뭐지？{n}으…몸이…녹고 있어{n}…나는…죽…죽는 건가…{2}{7}젠장…이렇게 된 이상…{n}네놈도 같이 가 주마…동생이고 뭐고{n}알 게 뭐냐…죽어라아！！	
507:0788	・・・{6:2}・・・た・・・助けて・・・	…{6:2}…사…살려 줘…	
507:0789	やっと すなおになれたな{n}どこにいる！ お前は今どこにいる！	드디어 솔직해졌구나{n}어디 있어！ 너 지금 어디 있는 거야！	
507:0790	・・・{6:2}・・・く・・・苦しい・・・{2}{7}な・・・なんでこんなことに・・・{n}わ・・・私の一生って・・・なんだったの{n}・・・あたしは・・・人なみな女として{n}くらしたかったのに・・・{2}{7}・・・私だけ・・・なんで・・・{n}人とちがう能力なんかが・・・{n}ううっ ふつうに くらしたかったのに{2}{7}・・・妹の・・・妹の{6:49}と二人で{n}・・・ふつうに くらしたかったのに・・・{2}{7}・・・お父さん・・・どこに行ってしまったの{n}・・・ごめんね・・・{6:49}・・・も・・・もう{n}お姉ちゃんは・・・あなたを助けること・・・{n}できない・・・	…{6:2}…괴…괴로워…{2}{7}왜…왜 이렇게 된 거지…{n}내…내 인생이란 게…대체 뭐였을까{n}…나는…평범한 여자로{n}살고 싶었는데…{2}{7}…나만…왜…{n}남들과 다른 능력 같은 게…{n}으윽 그냥 평범하게 살고 싶었는데{2}{7}…동생…동생 {6:49}와 둘이서{n}…그냥 평범하게 살고 싶었는데…{2}{7}…아버지…어디로 가 버리신 거예요{n}…미안해…{6:49}…이…이제{n}언니는…너를 도와주는 것…{n}못 해…	
507:0791	・・・も・・・う・・・だ・・・め・・・{n}意職が・・・{6:3}に・・・{n}・・・吸収・・・さ・・・れ・・・て・・・く・・・{n}・・・父さん・・・{6:49}・・・ぐふっ	…이…제…안…돼…{n}의식이…{6:3}에게…{n}…흡수…당…하…고…있…어…{n}…아버지…{6:49}…커헉	
507:0792	おい！・・・ おい！・・・{n}バラが・・・消えた・・・{n}・・・・・・・・・・・・	이봐！… 이봐！…{n}장미가…사라졌어…{n}…………	
507:0793	{6:2}！ 上だ！{n}{6:52}城の時計塔に{6:3}がいるぞ！	{6:2}！ 위다！{n}{6:52} 성의 시계탑에 {6:3}이 있다！	
507:0794	バラも・・・上から・・・ふって来た	장미도…위에서…떨어져 내렸다	
507:0795	いそげ{6:2}！ おそらく{6:3}は{n}最後のメタモルフォーゼをするつもりだ！{n}古代にマジョルナ山にのぼったように、{n}高い所で何かをするつもりだ！	서둘러 {6:2}！ 아마 {6:3}은{n}마지막 메타모르포제를 할 생각이다！{n}고대에 마졸나 산에 올랐던 것처럼,{n}높은 곳에서 뭔가를 할 생각이야！	
507:0796	グルルル・・・グルルル・・・	그르르르…그르르르…	
507:0797	やばいぞ{6:2}{n}やつは自分の分身を作り出してるぞ{n}このままだと 無数の{6:3}が誕生してしまう	큰일이다 {6:2}{n}저놈 자기 분신을 만들어 내고 있어{n}이대로 가면 무수한 {6:3}이 태어나 버린다	
507:0798	無限にふえ続けるのか	무한히 계속 늘어나는 건가	
507:0799	そうだ まるでガン細胞のように・・・{n}・・・やつは海をわたれるんだよな。{n}もし今ここで息の根をとめなければ{n}この島の人間を食いつくし その後は・・・	그래 마치 암세포처럼…{n}…저놈은 바다를 건널 수 있잖아.{n}만약 지금 여기서 숨통을 끊어 놓지 않으면{n}이 섬 사람들을 모조리 먹어치우고 그 뒤엔…	
507:0800	そう総にかいたようにはいかねえぞ！	그렇게 그림에 그린{n}대로는 안 될걸！	
507:0801	ついにお出ましだぜ・・・	드디어 등장이군…	
507:0802	こいつが何を考えてるか{n}オレにはわからないが どうやら{n}昔と同じには いかなかったようだな{2}{7}500年前にウーダが始めた戦いが{n}今日 終わるんだ。{n}生き残るのが どちらにせよ・・・	이놈이 무슨 생각을 하는지{n}나는 모르겠지만 아무래도{n}예전과 같지는 않았던 모양이군{2}{7}500년 전에{n}우다가 시작한 싸움이{n}오늘 끝나는 거다.{n}살아남는 쪽이 어느 쪽이든…	
507:0803	先祖だのウーダだの{n}オレには関係ねえ！ オレはこいつを殺し{n}ケリをつけるだけだ・・・{n}死ななくていいヤツらが死にすぎた・・・{2}{7}それに・・・{n}オレはもう一度 {6:5}に会いてえ{n}{6:3}・・・行くぜ！	조상이니 우다니{n}나랑은 상관없어！ 난 이놈을 죽이고{n}끝장을 낼 뿐이다…{n}죽지 않아도 될 녀석들이 너무 많이 죽었어…{2}{7}게다가…{n}나는 다시 한번 {6:5}를 만나고 싶어{n}{6:3}…간다！	
507:0804	・・・・・・・・・・・	…………	
507:0805	え？ 何？ よく聞こえねえ{n}い、生きてんだろ！ お前！	어？ 뭐？ 잘 안 들려{n}사, 살아 있는 거지！ 너！	
507:0806	・・・・・・あ・・・ああ・・・もし・・・{2}{7}・・・私に ちがう人生があれば・・・{2}{7}・・・ちがう生き方ができたなら・・・{2}{7}・・・さ・・・よ・・・な・・・ら・・・{2}{7}・・・{6:2}・・・{2}{7}・・・私の・・・こと・・・忘れないで・・・{2}{7}・・・・・・さよなら・・・・・・	……아…아아…만약…{2}{7}…나에게 다른 인생이 있었다면…{2}{7}…다른 삶을 살 수 있었다면…{2}{7}…잘…있…어…{2}{7}…{6:2}…{2}{7}…나를…잊지…말아 줘…{2}{7}……잘 있어……	
507:0807	・・・{6:5}・・・	…{6:5}…	
507:0808	・・・終わったな {6:2}	…끝났구나 {6:2}	
507:0809	どうした {6:2}	왜 그래 {6:2}	
507:0810	・・・オレは 本当は{n}{6:5}を 救えたんじゃないのか{n}{6:5}を あんな目にあわせずに{n}すんだんじゃ・・・	…나는 사실은{n}{6:5}를 구할 수 있었던 거 아닐까{n}{6:5}를 그런 꼴을 당하게 하지 않을{n}수도 있었던 게 아닐까…	
507:0811	{6:2}。{n}自分をせめるのはよせ	{6:2}.{n}자책하지 마	
507:0812	・・・まぼろしではない{6:5}に{n}一度会いたかったぜ	…환상이 아닌 {6:5}를{n}한 번 만나고 싶었어	
507:0813	・・・彼女の言う通り{n}おたがいに もし ちがう人生があるのなら{n}それも可能だったろう	…그녀 말대로{n}서로 만약 다른 인생이 있었다면{n}그것도 가능했겠지	
507:0814	・・・むなしい望みか・・・	…헛된 바람인가…	
507:0815	・・・さあ それはどうだろうね・・・	…글쎄 그건 어떨까…	
507:0816	やっと追いついたぞ{n}手こずらせやがって	드디어 따라잡았다{n}애먹이는군	
507:0817	バウンティハンターといえども{n}ここにいる以上は ここのルールに{n}したがってもらおう	바운티 헌터라고 해도{n}여기 있는 이상은 여기 규칙을{n}따라 줘야겠어	
507:0818	ここのルール？{n}なんだそれは？	여기 규칙？{n}그게 뭔데？	
507:0819	ならば おしえてやろう{n}秩序を破る者は・・・死だ お前を例せば{n}また給料を上げてもらえるかもしれん{n}かくごしろ	그럼 알려 주지{n}질서를 어기는 자는…죽음이다 널 죽이면{n}또 월급이 오를지도 모르겠군{n}각오해라	
507:0820	シュー シュー{n}グルルルル	쉬이익 쉬이익{n}그르르르르	
507:0821	おい{6:12} あそこになんか{n}でっかいカメがいるぞ{n}かわいいなあ	이봐 {6:12} 저기 뭔가{n}커다란 거북이가 있어{n}귀엽네	
507:0822	こんな どえらい場所にか・・・{n}まさか モルゴエミダ・ギガンテア{n}じゃないだろうな	이런 엄청난 곳에…{n}설마 모르고에미다・기간테아는{n}아니겠지	
507:0823	何 モグモグ？	뭐, 우물우물？	
507:0824	モルゴエミダ・ギガンテア{n}死体おき場の巨大ガメっていう意味だ{n}ふつうは{6:44}って呼ばれてる{2}{7}地下のマグマ地帯が生息地なんだ{n}マグマのエネルギーで体をあたためてるから{n}ほかのハチュウ動物とちがって{n}一日中 いつでも全力で活動できる{2}{7}だから 外の世界には用がない{n}いつも地下ふかくにいて{n}めったに人間のいる所には{n}出てこないという話だが・・・	모르고에미다・기간테아{n}시체 안치소의 거대 거북이라는 뜻이다{n}보통은 {6:44}라고 불려{2}{7}지하의 마그마 지대가 서식지야{n}마그마 에너지로 몸을 데우고 있으니까{n}다른 파충류와 달리{n}하루 종일 언제든 전력으로 활동할 수 있어{2}{7}그래서 바깥 세계에는 볼일이 없지{n}늘 지하 깊은 곳에 있어서{n}좀처럼 사람이 있는 곳에는{n}나오지 않는다는 얘기지만…	
507:0825	おいおい ここは地下ふかくだぜ{n}きっと{6:19}どもが 鉱山を掘っていて{n}やつの住み家を掘り当てたにちがいねえ！	어이어이 여긴 지하 깊은 곳이잖아{n}분명 {6:19}놈들이 광산을 파다가{n}저놈의 보금자리를 파헤친 게 틀림없어！	
507:0826	{6:44}は そういうことをされると{n}むちゃくちゃおこるんだ はらをたてた{n}{6:44}が暴れると あたりはまさしく{n}死体おき場のようになるそうだぜ	{6:44}는 그런 짓을 당하면{n}엄청나게 화를 낸대 화가 난{n}{6:44}가 날뛰면 주변은 그야말로{n}시체 안치소처럼 돼 버린다더라	
507:0827	{6:44}と 戦いますか？	{6:44}와 싸우시겠습니까？	
507:0828	{6:44}は かなり頭がよくて{n}ことばも けっこう通じるらしいんだ{n}うまくいくかわからないが なんとか{n}話してみる	{6:44}는 꽤 머리가 좋아서{n}말도 제법 통하는 모양이야{n}잘 될지 모르겠지만 어떻게든{n}대화해 보겠다	
507:0829	なんだ おとなしくなったな	뭐야, 얌전해졌군	
507:0830	オレは昔 ミドリガメを{n}そだてていたことがあるんだ{n}カメの気持ちがわかるんだよ{2}{7}きっと オレがカメ好きなのが{n}通じたんだ 何もしてやれなくて{n}かわいそうだが さっさと{n}通らせてもらおうぜ	난 옛날에 청거북을{n}키운 적이 있어{n}거북이 마음을 알거든{2}{7}분명 내가 거북을 좋아하는 게{n}통한 거야 아무것도 해 줄 수 없어서{n}안됐지만 어서{n}지나가게 해 달라고 하자	
507:0831	こちら ジェイラーズ島 {6:4}{6:29}{n}シーバンディッツ号 応答せよ。{19:2} くりかえす。{n}こちら ジェイラーズ島 {6:4}{6:29}だ{n}応答せよ！{2}{7}おい！ シーバンディッツ号{n}聞こえているのかっ？ 返事をしろ{2}{7}・・・{19:2}ビ・・・ビビビ・・・クルト・・・{19:2}所・・・{n}ビビ・・・どうした・・・{19:2}が・・・{19:2}ビビビ・・・{n}{6:29}だぞ！・・・{2}{7}・・・{19:2}・・・非常事態・・・だ{19:2}・・・せよ・・・{n}ビビーーー・・・{19:2}ビビビーーー・・・{n}ビビビーーー・・・	여기는 제이라즈 섬 {6:4} {6:29}{n}시밴디츠호 응답하라.{19:2} 반복한다.{n}여기는 제이라즈 섬 {6:4} {6:29}이다{n}응답하라！{2}{7}이봐！ 시밴디츠호{n}듣고 있나？ 대답해라{2}{7}…{19:2}삐…삐삐삐…쿠르토…{19:2}소…{n}삐삐…왜 그래…{19:2}가…{19:2}삐삐삐…{n}{6:29}이라고！…{2}{7}…{19:2}…비상사태…다{19:2}…해라…{n}삐ーーー…{19:2}삐삐삐ーーー…{n}삐삐삐ーーー…	
507:0832	{6:45}はこわれています。{n}こちらからは通信できないようです。	{6:45}는 고장 나 있습니다.{n}여기서는 통신할 수 없는 것 같습니다.	
507:0833	あんたも面会人かい？{n}・・・なんか大変なことになってるぞ。{n}今日は面会が許される 年に一度の日なのに・・・{n}えらくモノモノしい警備だぞ・・・	당신도 면회인인가？{n}…뭔가 큰일이 난 모양이야.{n}오늘은 일 년에 한 번 있는 면회일인데…{n}굉장히 삼엄한 경비잖아…	
507:0834	きっと何か非常事態が{n}起きたにちがいねえ	분명 무슨 비상사태가{n}일어난 게 틀림없어	
507:0835	ううう・・・{n}せっかく むすこに会えると思って来たのに・・・	으으으…{n}모처럼 아들을 만날 수{n}있다고 생각해서 왔는데…	
507:0836	おい！ ハンターのだんなよ！ 何があったんだ！{n}なんか{6:3}が どうしたこうしたって・・・{n}警備隊のやつらが えらいさわぎだぜ！{n}{6:3}て何なんだ！ 何者なんだ おい！？	이봐! 헌터 양반! 무슨 일이야!{n}뭔가 {6:3}이 어쩌고저쩌고……{n}경비대 녀석들이 엄청 소란이던데!{n}{6:3}이 대체 뭐야! 뭐 하는 놈이야, 어이!?	
507:0837	あんた、ここは初めて？{n}シガレッツ、持ってるかい？{2}{7}監獄の中にゃカネはないからね{n}何かほしかったら物物交換なのさ{n}役に立つのは シガレッツと{n}ボトルと マガジンだね	당신, 여기 처음이야?{n}담배 갖고 있어?{2}{7}감옥 안엔 돈이 없으니까{n}뭔가 갖고 싶으면 물물교환이지{n}쓸모 있는 건 담배가랑{n}보틀이랑 매거진이지	
507:0838	あんた バウンティハンターね。{n}どう？ 武器を買わない？ じつはさ、売る相手に{n}会えなくてね。 どうしてもお金がいるのよ{n}もしお金がなきゃ シガレッツでもいいわよ	당신 바운티 헌터군.{n}어때？ 무기 안 살래？ 실은 말이야, 팔 상대를{n}못 만나서. 아무래도 돈이 필요해{n}돈이 없으면 담배라도 괜찮아	
507:0839	あたしのショーバイのことは{n}二人だけのヒミツよ	내 장사 얘기는{n}우리 둘만의 비밀이야	
507:0840	わけは知らんが わかぞう{n}おぬしも悪い時に この島に来たな{n}{6:19}どもが作った地下組識の中で{n}今 何かが起きつつあるらしいのだ{2}{7}地下組識は 二つにわかれている。{n}かたや {6:56}とその手下{n}そして {6:50}とその手下だ。{n}だが最近 {6:50}が行方不明になった{2}{7}そこにつけこんで 残った{6:56}派が{n}何かでかいことを たくらんでるらしい{n}わしは不安でしょうがないわい	영문은 모르겠지만 젊은이{n}자네도 하필 안 좋은 때 이 섬에 왔군{n}{6:19}놈들이 만든 지하 조직 안에서{n}지금 뭔가가 일어나고 있는 모양이야{2}{7}지하 조직은 둘로 나뉘어 있어.{n}한쪽은 {6:56}와 그 부하들{n}그리고 {6:50}와 그 부하들이지.{n}그런데 최근 {6:50}가 행방불명이 됐어{2}{7}그 틈을 타서 남은 {6:56} 파가{n}뭔가 큰일을 꾸미고 있는 모양이야{n}나는 불안해서 견딜 수가 없다네	
507:0841	最近 {6:39}って名をよく聞くぜ{n}大物{6:19}の{6:56}の部下なんだが{n}人を食った名前のわりに 頭が切れて{n}おまけに強くて残忍らしい{2}{7}・・・名前は関係ねーよな	요즘 {6:39}이라는 이름을 자주 들어{n}거물 {6:19}인 {6:56}의 부하인데{n}건방진 이름치고는 머리가 잘 돌아가고{n}게다가 강하고 잔인한 모양이야{2}{7}…이름은 상관없나	
507:0842	バウンティハンターよ 今日は何の日か{n}知っているか？ 知らんだろうがな・・・{n}3代め{6:4}{6:29}の誕生日だ{2}{7}3代めとは どういう意味かって？{n}ククク 監獄みやげに おしえてやろう{n}今の{6:4}{6:29}は3代めなんだ{2}{7}今でこそ島は 監獄島になってはいるが{n}初代{6:4}のころは ラジーン国の{n}正式な領地として さかえていたんだ。{n}つまり 初代は領主さまだったってわけさ	바운티 헌터여 오늘이 무슨 날인지{n}알고 있나？ 모르겠지만 말이야…{n}3대 {6:4} {6:29}의 생일이다{2}{7}3대라는 게 무슨 뜻이냐고？{n}크크크 감옥 선물로 알려 주지{n}지금의 {6:4} {6:29}은 3대째인 거다{2}{7}지금은 섬이 감옥섬이 됐지만{n}초대 {6:4} 시절에는 라진 국의{n}정식 영지로서 번영했었다.{n}즉 초대는 영주님이었다는 거지	
507:0843	このジェイラーズ島で{n}いま監獄としてつかわれている施設は{n}初代{6:4}がたてた城をもとに{n}作られてるんだ。{2}{7}{6:4}家は 2代めの時代に{n}何らかの理由で没落し、島のすべては{n}ラジーン国に没収された。{2}{7}まるで ようさいのようだった城は{n}監獄施設として てきしていたわけだ。{n}どうだ？ このジェイラーズ島に 少しは{n}くわしくなったろう？ なんなら一生いてもいいぜ	이 제이라즈 섬에서{n}지금 감옥으로 쓰이고 있는 시설은{n}초대 {6:4}이 세운 성을 바탕으로{n}만들어진 거다.{2}{7}{6:4} 가문은 2대째 시절에{n}어떤 이유에서인지 몰락해서, 섬 전체가{n}라진 국에 몰수됐다.{2}{7}마치 요새 같았던 성은{n}감옥 시설로 딱 맞았던 거지.{n}어때？ 이 제이라즈 섬에 대해 조금은{n}잘 알게 됐지？ 원한다면 평생 있어도 좋다고	
507:0844	今の{6:4}{6:29}は{n}たいへん おつらい立場にあられるのだ。{n}{6:43}のころ 家として何不自由なく{n}くらしていた城が 今や監獄なのだからな{2}{7}そのお気持ちを思うと われわれも{n}心のいたみを きんじえない。{n}だから今日の誕生日は 島全体で{n}祝ってさしあげるのだ{2}{7}{6:4}{6:29}{n}ばんざーい！ ばんざーい！	지금의 {6:4} {6:29}은{n}매우 힘든 입장에 계신단다.{n}{6:43} 시절 가문으로서 부족함 없이{n}지내던 성이 지금은 감옥이니 말이야{2}{7}그 심정을 생각하면 우리도{n}마음이 아파 견딜 수가 없다.{n}그래서 오늘 생일은 섬 전체가{n}축하해 드리는 거다{2}{7}{6:4} {6:29}{n}만세ー！ 만세ー！	
507:0845	{6:29}は いつかまた・・・{n}領主にかえりざいて 再び この島を{n}さかえさせようと考えておられるのだろう。{2}{7}その時が来たら われわれも{n}今より よいくらしができるだろう・・・	{6:29}은 언젠가 다시…{n}영주의 자리로 돌아가 다시 이 섬을{n}번영시키려고 생각하고 계시겠지.{2}{7}그때가 오면 우리도{n}지금보다 좋은 생활을 할 수 있겠지…	
507:0846	バ バウンティハンター！？{n}なんでハンターが この島に！？{n}誰か追ってるのかい？{2}{7}オレは もう悪さはしてないぜ しかもよ{n}もはん囚だから この町に自由に出入りできるんだ{2}{7}ヘヘヘ もはん囚になれば{n}ここで仕事もできる{n}オレらは 町の清掃係なんだ{2}{7}今日は{6:29}の誕生日だから{n}オレと{6:20}で この町のそうじを{n}やってるんだよ チリひとつでも落ちてると{n}{6:29}がうるさいからな・・・	바, 바운티 헌터!?{n}왜 헌터가 이 섬에!?{n}누굴 쫓고 있는 거야?{2}{7}나는 이제 나쁜 짓{n}안 해, 게다가 말이야{n}모범수니까 이 마을에{n}자유롭게 드나들 수 있어{2}{7}헤헤헤, 모범수가 되면{n}여기서 일도 할 수 있어{n}우리는 마을 청소 담당이야{2}{7}오늘은 {6:29}의 생일이니까{n}나랑 {6:20}가 이 마을 청소를{n}하고 있는 거야, 먼지 하나라도 떨어져 있으면{n}{6:29}이 잔소리하니까……	
507:0847	バウンティハンター！{n}あんたらのおかげで うちのむすこが{n}こんな所に 一生いなきゃならんのよ！{2}{7}このクソったれが・・・{n}ハジを知れハジを！{n}金のためなら何でもしやがって！	바운티 헌터!{n}당신들 때문에 우리 아들이{n}이런 데서 평생 있어야 하잖아!{2}{7}이 빌어먹을 놈아……{n}부끄러운 줄 알아 부끄러운 줄!{n}돈을 위해서라면 뭐든지 하다니!	
507:0848	シガレッツを持ってるか？{n}シガレッツ1コで おもしれえネタを{n}おしえてやるぜ	담배 갖고 있어?{n}담배 하나에 재밌는 얘기를{n}가르쳐 주지	
507:0849	オレは確かに見た。{n}女だ。 しかもすげえ美人だ。{n}さっき一人の女が ふしぎな道具を使って{n}そこのドアを開けて入っていったんだ。{2}{7}・・・くんくん まだ残り香があるよ{n}その女は いい香りがしたんだ{n}うーん あれはバラの香りだな・・・そうだ！{n}ラビアン国にしかさかない ブルーローズだ。{2}{7}・・・ブルーローズの香りのする{n}まぼろしの女か・・・	난 분명히 봤어.{n}여자였어. 게다가 엄청난 미인이었지.{n}아까 한 여자가 이상한 도구를 써서{n}저기 문을 열고 들어갔거든.{2}{7}…킁킁 아직 잔향이 남아 있어{n}그 여자, 좋은 향기가 났어{n}으음 저건 장미 향이군…맞아！{n}라비안 국에서만 피는 블루 로즈야.{2}{7}…블루 로즈 향기가 나는{n}환상의 여자인가…	
507:0850	けっ ケチなヤローだ	쳇, 쪼잔한 놈이군	
507:0851	なんだ？ シガレッツもねーのか？{n}けっ シケたヤローだ	뭐야? 담배도 없어?{n}쳇, 변변찮은 놈이군	
507:0852	うわーん えーん ごめんなさーい{n}こわかったよー えーん えーん{n}もうしません えーん えーん{n}ごめんなさい えーん えーん	으앙~ 엉엉 죄송해요~{n}무서웠어요~ 엉엉 엉엉{n}다시는 안 그럴게요 엉엉 엉엉{n}죄송해요 엉엉 엉엉	
507:0853	{6:43}に何する気だったんですか？{n}それでもバウンティハンターなの？{n}こんな {6:43}に手を上げるなんて{n}犯罪者以下です サイテーです！	{6:43}한테 뭘 하려던 거예요?{n}그러고도 바운티 헌터예요?{n}이런 {6:43}에게 손을 대다니{n}범죄자만도 못해요, 최악이에요!	
507:0854	ここから先はジェイラーズ監獄だ。{n}いくらバウンティハンターといえども{n}入ることはできない。{n}さあ帰った帰った	여기서부터는 제이라즈 감옥이다.{n}아무리 바운티 헌터라 해도{n}들어갈 수 없다.{n}자, 돌아가 돌아가	
507:0855	なに？ 今のが{6:3}？ 何を言っとるか{n}今のは清掃係の{6:20}だ。{n}もはん囚のモンスター{6:19}で まじめにやっとる。{n}さあ帰った帰った	뭐？ 방금 그게 {6:3}？ 무슨 소리야{n}방금 건 청소 담당 {6:20}이다.{n}모범수 몬스터 {6:19}로 성실하게 일하고 있어.{n}자 돌아가, 돌아가	
507:0856	犯罪をおかせば すぐにでも通しますぜ{n}ハッピーバースデイ {6:4}！{n}今日はめでたい {6:29}の誕生日{n}ハッピーハッピー{2}{7}・・・こうやって祝ってるふりをしないと{n}殺されちまうんだ	죄를 지으면 바로 통과시켜 주지{n}해피 버스데이 {6:4}!{n}오늘은 경사스러운 {6:29}의 생일{n}해피 해피{2}{7}…이렇게 축하하는 척이라도{n}안 하면{n}죽임당할 거야	
507:0857	オレたちに 何を言われてもこまる。{n}{6:3}だろうが何だろうが オレたちには{n}関係ない。{2}{7}オレたちの任務は 許可なき者を通さない、{n}ただそれだけだ。 悪いが帰ってくれ	우리한테 뭐라고 해도 곤란해.{n}{6:3}이든 뭐든 우리랑은{n}상관없어.{2}{7}우리 임무는 허가{n}없는 자를 막는 것,{n}그것뿐이다. 미안하지만 돌아가 줘	
507:0858	このジェイシティをしきってるのは{n}もはん囚の{6:25}だ。 {6:25}は終身刑だが{n}{6:29}にとりいって ジェイシティの治安係に{n}なりやがった。 ゲスなヤローさ{2}{7}みんなの ポンノのさかばを{n}いつも かしきりのつもりでいやがる{n}今もきっと そこにいるぜ	이 제이시티를 쥐고 흔드는 건{n}모범수인 {6:25}야.{6:25}는 종신형이지만{n}{6:29}에게 아부해서 제이시티 치안 담당이{n}돼 버렸지. 비열한 놈이야{2}{7}다들 즐겨 가는 폰노 술집을{n}항상 통째로 빌린 기분으로 있어{n}지금도 분명 거기 있을걸	
507:0859	さっき 青いふくをきた女が{n}かぜのように 町をかけぬけていった・・・{n}ような気がした・・・{2}{7}いったい何だったんだろう・・・ヒック{n}まぼろしか？ ちょっとストレスとかの{n}たまりすぎかな	아까 파란 옷을 입은 여자가{n}바람처럼 마을을 가로질러 갔어……{n}그런 느낌이 들었어……{2}{7}대체 뭐였을까…… 히끅{n}환상이었나? 스트레스가 좀{n}쌓인 건가	
507:0860	「ジェイシティ非常口{n}この先 キルバレー地帯 危険！{n}{6:25}の許可なき者は入れません！	「제이시티 비상구{n}이 앞 킬밸리 지대 위험！{n}{6:25}의 허가가 없는 자는{n}들어갈 수 없습니다！	
507:0861	ドアのむこうからどなられました。	문 너머에서 고함을 질렀습니다.	
507:0862	よっぱらいは おことわりだ！	취객은 사절이다!	
507:0863	「ジェイラーズ監獄 入り口{n}らくがきがされています。{n}「さる者は追わず	「제이라즈 감옥 입구{n}낙서가 되어 있습니다.{n}「떠나는 자는 쫓지 않는다	
507:0864	「ジェイラーズ監獄 入り口{n}らくがきがされています。{n}「われをすぎる者は{n}すべての望みをすてよ	「제이라즈 감옥 입구{n}낙서가 되어 있습니다.{n}「나를 지나는 자는{n}모든 희망을 버려라	
507:0865	今 でえじな話をしてるんだ！{n}うせな！	지금 중요한 얘기 하고 있다고!{n}꺼져!	
507:0866	初代{6:4}は{n}つかえていた 前の領主をうらぎって{n}この島を手に入れたとさ。{n}3代めといっても ま なりあがりだな{2}{7}そこへ行くとオレなんか{n}300年前までさかのぼる 名家の出なんだ{n}世が世なら お前らハンターなんか{n}あしもとにも よらせな・・・いてっ！	초대 {6:4}은{n}모시던 전 영주를 배신하고{n}이 섬을 손에 넣었다지.{n}3대째라고 해도 뭐, 벼락출세한 거지{2}{7}그 점에서 나 같은 건{n}300년 전까지 거슬러 오르는 명가 출신이야{n}세상이 세상이면 너희 헌터 같은 건{n}발밑에도 못 올 텐데……앗!	
507:0867	💢オレは てめーのような{n}ロクデナシのくせに 親や先祖の{n}じまんをするヤツが いちばんキライなんだ！	💢나는 네놈 같은{n}쓸모없는 주제에 부모나 선조를{n}자랑하는 놈이 제일 싫어!	
507:0868	{6:2} 親となんかあったのか？{n}ケンカしてるのか？	{6:2}, 부모님이랑 무슨 일 있었어?{n}싸운 거야?	
507:0869	知らねえよ！	몰라！	
507:0870	え？	네?	
507:0871	なんでもねえ！	아무것도 아니야！	
507:0872	まったくもう 気に入らないからって{n}ぶつことないのに・・・{n}これだから下せんの生まれは・・・{n}・・・おっと いやその モゴモゴ・・・	정말이지, 맘에 안 든다고{n}때리고 그럴 건 없잖아……{n}그러니까 하류 출신은……{n}…아차, 이런 아니 그게, 우물우물……	
507:0873	いやあ 一年に一日だけとはいえ{n}家族だんらんというのは いいものですなあ{2}{7}わたし この島には{n}一人で来てるので 家族に会えるのは{n}{6:19}と同じく今日だけなんですよ{n}あなたも ご家族の誰かに面会ですか？	허허, 1년에 하루뿐이라지만{n}가족 단란이라는 건 좋은 거지요{2}{7}저, 이 섬에는{n}혼자서 왔으니까요, 가족을 만날 수 있는 건{n}{6:19}와 마찬가지로 오늘뿐이에요{n}당신도 가족 중 누군가를 만나러 온 건가요?	
507:0874	オレに家族はいねえ	나한테 가족 같은 거 없어	
507:0875	そ それは悪いことを{n}たずねました 許してください	그, 그거 실례되는 질문을{n}드렸군요, 용서해 주세요	
507:0876	とーたん この人誰？ こわい人？	아빠, 이 사람{n}누구야? 무서운 사람?	
507:0877	い いや・・・{n}いっしょに住んでねえってだけで・・・{n}気にしねえでくれ	아, 아니……{n}같이 안 산다 뿐이지……{n}신경 쓰지 마	
507:0878	おまえー{n}{6:43}ー	당신……{n}{6:43}……	
507:0879	あんたー	여보……	
507:0880	とーたーん	아빠……	
507:0881	何 あんたが{6:2}・ヤー{n}キャプチャー能力を持つ男か・・・ フェー{n}戦う相手の戦闘能力をうばいとり{n}無力化するという・・・ ヒョー{2}{7}キャプチャーされた者は{n}必殺ワザを封印され 戦闘不能になるのじゃな{n}まさに 最強のバウンティハンターに{n}ふさわしい決めワザじゃ ムヒー{2}{7}くうーっ カッコいいのう！{n}ワシも刑期を終えたら{n}バウンティハンターになろーかのー{n}ホッホッホー	뭐, 당신이 {6:2}・야{n}캡처 능력을 가진 남자인가… 호ー{n}싸우는 상대의 전투 능력을 빼앗아{n}무력화한다는… 효ー{2}{7}캡처당한 자는{n}필살기를 봉인당하고 전투 불능이 된다는 거군{n}그야말로 최강의 바운티 헌터에게{n}어울리는 필살기구먼 무히ー{2}{7}쿠ー 멋지군요！{n}나도 형기를 마치면{n}바운티 헌터가 돼 볼까나ー{n}홋홋호ー	
507:0882	死んでいません。{n}よっぱらって眠っているようです。	죽은 게 아닙니다.{n}취해서 자고 있는 것 같습니다.	
507:0883	ムニャムニャ・・・{n}地下鉱山・・・きょうせいろうどう・・・{n}・・・うう・・・	냠냠…… {n}지하 광산…… 강제 노동…… {n}…으으……	
507:0884	ムニャムニャ・・・{n}もう 食えません・・・	냠냠……{n}이제 못 먹어요……	
507:0885	あんたの話だと {6:3}は{n}実在することになるな・・・{2}{7}ボクの ふるさとでは{n}おとなが 言うことをきかない子どもを{n}おどかすための おとぎ話だったよ{n}「{6:3}が来るぞ」・・・ってね	당신 이야기대로라면 {6:3}은{n}실제로 존재한다는 거네…{2}{7}내 고향에서는{n}어른들이 말 안 듣는 아이를{n}겁주기 위한 옛날이야기였어{n}「{6:3}이 온다」… 라면서 말이지	
507:0886	オレは ひとのしあわせなんか{n}どうでもいい。 自分さえよければ{n}誰がどうなろうと かまわねえ。{n}・・・だから この島に来たんだけどよ。{2}{7}でも {6:30}さまのやつが{n}オレをむりやりJLOにひきこんだんだ{n}ちくしょー {6:30}さまのやつ・・・{n}言うこときかないと ぶつんだもんなー	나는 다른 사람 행복 같은 거{n}아무래도 상관없어. 나만 좋으면{n}누가 어떻게 되든 상관없다고.{n}…그래서 이 섬에 온 건데 말이야{2}{7}근데 {6:30}님이라는 녀석이{n}나를 억지로 JLO에 끌어들인 거야{n}제기랄 {6:30}님 자식……{n}말을 안 들으면 때린단 말이지	
507:0887	むかし パンも きものも いっぱいあって{n}人間どうしで うばいあわずとも{n}生きてゆける そんな夢のような時代が{n}あったんだそうだ・・・{2}{7}本当だろうか？ だったらなぜ{n}それは終わってしまったんだ？{n}もし そんな時代に生まれていれば・・・{n}オレは犯罪者にならなかった・・・かも・・・	옛날엔 빵도 옷도 잔뜩 있어서{n}인간끼리 서로 빼앗지 않아도{n}살아갈 수 있는, 그런 꿈같은 시대가{n}있었다더군……{2}{7}정말일까? 그렇다면 왜{n}그게 끝나 버린 거지?{n}만약 그런 시대에 태어났더라면……{n}나는 범죄자가 안 됐을지도…… 몰라	
507:0888	バウンティハンターめ・・・{n}弱いやつらの味方をしやがって・・・{n}てめえらさえ いなけりゃ{n}この世は犯罪者の天国なのに・・・{2}{7}そうなったら 誰をカモにするかって？{n}・・・なるほど。 そりゃもっともだね。	바운티 헌터 놈……{n}약한 녀석들 편을 들고 말이야……{n}네놈들만 없었으면{n}이 세상은 범죄자들의 천국일 텐데……{2}{7}그렇게 되면 누굴{n}먹잇감으로 삼냐고?{n}…그렇군. 그것도 맞는 말이네	
507:0889	同じJLOの仲間でも{n}オレは {6:56}や{6:39}たちは{n}見さかいなしに暴れるから 好きになれねーぜ{2}{7}{6:56}や{6:39}の名前を聞いたら{n}すぐ その場をはなれた方がいいぜ{n}何しでかすか わからねーからよ	같은 JLO 동료라도{n}나는 {6:56}이랑 {6:39}은{n}닥치는 대로 날뛰니까 안 좋아해{2}{7}{6:56}이랑 {6:39}의 이름을 들으면{n}바로 그 자리를 떠나는 게 좋아{n}무슨 짓을 할지 모르니까	
507:0890	あんたが{6:2}・ヤーか・・・{n}{6:30}さまから聞いてる。{n}{6:20}を助け出してくれ。{2}{7}そこの壁がスイッチになっている。{n}切りつけてみろ。 そうすれば{n}デクスキャリバー監獄城の天井にぬける{n}うらルートに入れる。{2}{7}てっこつを ひたすら上にのぼると{n}ひろい空間に出る。{n}そこがデクスキャリバーの天井うらだ。{n}そこまで行けば、またオレたちの仲間がいる。	네가 {6:2}・야 인가…{n}{6:30}님께 들었다.{n}{6:20}를 구해줘.{2}{7}거기 벽이 스위치로 되어 있다.{n}베어봐라. 그러면{n}덱스캘리버 감옥성의 천장으로 빠지는{n}뒷길로 들어갈 수 있다.{2}{7}철골을 계속 위로 올라가면{n}넓은 공간이 나온다.{n}그곳이 덱스캘리버의 천장 뒤쪽이다.{n}거기까지 가면 또 우리 동료가 있다.	
507:0891	気をつけて行け	조심해서 가라	
507:0892	この監獄城は セキュリティが{n}厳重で オレは これ以上中に入れない。{n}ここから先は お前らだけで行け。{n}お手なみを 見せてもらうぜ	이 감옥성은 보안이{n}삼엄해서 나는 더는 안으로 못 들어간다.{n}여기서부터는 너희끼리 가라.{n}실력 좀 보여줘봐	
507:0893	いやあ まい日まい日{n}ごうもんばかりで気がめいるよ・・・{n}たまには 人にしんせつに{n}したくなるわい	허, 매일매일{n}고문만 해대니 우울해지는군…{n}가끔은 누군가에게 친절하게{n}대해주고 싶어지는구먼	
507:0894	この監獄にも 昔は看守が{n}250人もいたもんだが{n}今は たった5人ぽっちさ・・・{2}{7}ナイショだが{n}{6:19}を地下鉱山ではたらかせて{n}ヘロヘロにしてるから 看守は{n}何人もいらないんだ	이 감옥도 옛날에는 간수가{n}250명이나 있었지만{n}지금은 겨우 다섯 명뿐이야…{2}{7}비밀이지만{n}{6:19}를 지하 광산에서 부려먹어서{n}녹초로 만들어 놨으니 간수는{n}여러 명이나 필요 없거든	
507:0895	おっ 見ない顔だね{n}ぼくは{6:59} こわくないよ{n}だって もはん囚になって外に出たいからね{2}{7}だから ここにリングを作って{n}気ままにすごしてるんだ{2}{7}えっ ここから先に{n}行きたいの それなら そこのリングに{n}ガイコツを1こでも通したら{n}ドアを開けてあげるよ	오, 처음 보는 얼굴이네{n}나는 {6:59}, 무섭지 않아{n}왜냐면 모범수가 돼서 밖에 나가고 싶으니까{2}{7}그래서 여기 링을 만들어서{n}마음대로 지내고 있는 거야{2}{7}엣, 여기서 더 앞으로{n}가고 싶다고? 그럼 저기 링에{n}해골을 하나라도 통과시키면{n}문을 열어 줄게	
507:0896	早くやってごらんよ	빨리 해 보라고	
507:0897	4こ目のボールに{n}ならないようにね	4개째 공이{n}되지 않도록	
507:0898	私には少し予言能力があってね。{n}人の運命が見えるんだ。 どうやら私と君は{n}戦う運命にあるようだ。 だが今ここでじゃなく{n}どこか・・・ そう 別の世界で・・・	난 예언 능력이 좀 있거든.{n}사람의 운명이 보여. 아무래도 나와 너는{n}싸울 운명 같군. 하지만 지금 여기가 아니라{n}어딘가… 그래 다른 세계에서…	
507:0899	だが この世界の君には{n}これが必要だな そんな装備では{n}この先 とても生きていけないぞ	하지만 이 세계의 너에게는{n}이게 필요하겠지, 그런 장비로는{n}이 앞으로는 도저히 살아남을 수 없어	
507:0900	忘れずに装備しろよ{n}わかってるな？	잊지 말고 장비해{n}알겠지?	
507:0901	カギあなのあいた石がある{n}石には 文字がきざまれている	열쇠 구멍이 뚫린 돌이 있다{n}돌에는 문자가 새겨져 있다	
507:0902	なんだこれ・・・{n}半分しか読めねえぞ・・・	이게 뭐야…{n}절반밖에 못 읽겠는데…	
507:0903	ちがう {6:2} これは{n}ロゼッタストーンだ{n}古代ラビアン文字とラジーン文字で{n}同じことばが書いてあるんだ{2}{7}ラビアン文明とラジーン文明には{n}どうやら交流があったようだな	아니야 {6:2}, 이건{n}로제타석이야{n}고대 라비안 문자와 라진 문자로{n}같은 말이 적혀 있어{2}{7}라비안 문명과 라진 문명은{n}아무래도 교류가 있었던 모양이군	
507:0904	おー なるほど そうか{n}・・・ロマンを感じるぜ{n}何て書いてあるんだ？ どれどれ・・・{n}「さまよえる王を やすらぎの場に・・・？	오, 그렇구나{n}…멋이 느껴지는걸{n}뭐라고 적혀 있는데? 어디 보자…{n}「떠도는 왕을 안식의 장소로…？	
507:0905	カギあなのあいた石がある{n}石には 文字がきざまれている{2}「さまよえる王を やすらぎの場に	열쇠 구멍이 뚫린 돌이 있다{n}돌에는 문자가 새겨져 있다{2}「떠도는 왕을 안식의 장소로	
507:0906	カギあなのあいた石がある{n}石には 文字がきざまれている{2}「ふたごの王子を ねむりのツボに{n}・・・さて 三つめのツボに入るのは？	열쇠 구멍이 뚫린 돌이 있다{n}돌에는 문자가 새겨져 있다{2}「쌍둥이 왕자를 잠의 항아리에{n}…자 세 번째 항아리에 들어가는 것은?	
507:0907	カギあなのあいた石がある{n}石には 文字がきざまれている{2}「ドラゴンの口は ひらいてこそ危険{n}すなあらしのワナは 恐れてこそ危険	열쇠 구멍이 뚫린 돌이 있다{n}돌에는 문자가 새겨져 있다{2}「용의 입은 벌려야말로 위험{n}모래폭풍의 함정은 두려워해야말로 위험	
507:0908	カギあなのあいた石がある{n}石には 文字がきざまれている{2}「カギは 箱の中に{n}・・・ばかりとは限らぬ	열쇠 구멍이 뚫린 돌이 있다{n}돌에는 문자가 새겨져 있다{2}「열쇠는 상자 안에{n}…만 있는 건 아니다	
507:0909	カギあなのあいた石がある{n}石には 文字がきざまれている{2}「剣もたまには役に立つ{n}・・・おもに物をこわすのに{n}例れた石も役に立つ{n}・・・おもにふみ台に	열쇠 구멍이 뚫린 돌이 있다{n}돌에는 문자가 새겨져 있다{2}「검도 가끔은 쓸모가 있다{n}…주로 물건을 부수는 데{n}오래된 돌도 쓸모가 있다{n}…주로 발판으로	
507:0910	カギあなのあいた石がある{n}石には 文字がきざまれている{2}「ライオンに兼る者は{n}見えざる艦を うち破り{n}捕われの王女を バラのベッドに	열쇠 구멍이 뚫린 돌이 있다{n}돌에는 문자가 새겨져 있다{2}「사자이기도 한 자는{n}보이지 않는 함을 깨뜨리고{n}사로잡힌 왕녀를 장미 침대로	
507:0911	ここはセンターヤード{n}この島の どまん中さ{2}{7}オレたちは もはん囚だから{n}ここに住めるんだ もうひとがんばりすれば{n}ジェイシティへも出られる だから{n}あたらずさわらずが いちばんなのさ{2}{7}何かしでかして また監獄城に{n}ぎゃくもどりじゃ たまらんからね{n}あんたのことも知らないし{n}誰にも言わないよ	여기는 센터야드{n}이 섬의 한가운데야{2}{7}우리는 모범수니까{n}여기 살 수 있는 거야, 조금만 더 힘내면{n}제이시티로도 나갈 수 있어, 그러니까{n}튀지 않는 게 제일이지{2}{7}뭔가 저질러서 다시 감옥성으로{n}역행하면 못 견디니까{n}당신에 대해서도 모르고{n}아무한테도 말 안 할게	
507:0912	ここからさらに 島のおくまでも{n}道があるんだけど 大きな門があって{n}めったに通れない。 その門はデスゲートと{n}呼ばれていてね・・・ そう「死の門」。{2}{7}つまり そこから先は{n}死刑囚たちのパラダイス・・・{n}血も凍るような 恐ろしい場所へと{n}続いているんだ	여기서 더 섬 깊숙이도{n}길이 있는데 큰 문이 있어서{n}좀처럼 못 지나가. 그 문은 데스게이트라고{n}불리지…… 그래 「죽음의 문」.{2}{7}즉 그 너머는{n}사형수들의 파라다이스……{n}피도 얼어붙을 것 같은 무서운 곳으로{n}이어져 있어	
507:0913	デスゲートの先には 3つの城があるんだ{n}まん中が{6:52}城 東が{6:51}城{n}そして西にあるのが{6:53}城・・・{2}{7}古い城を改造して 死刑囚を{n}とじこめているんだ うろうろするだけで{n}死んでしまうような とんでもない所だと{n}聞いているよ{2}{7}今はもう 何人生き残っているかさえ{n}誰もわからない{n}もしかしたら ゆうれいしか いないかも・・・	데스게이트 너머에는{n}3개의 성이 있어{n}한가운데가 {6:52}성, 동쪽이 {6:51}성{n}그리고 서쪽에 있는 게 {6:53}성……{2}{7}낡은 성을 개조해서 사형수를{n}가둬 두고 있어, 그냥 돌아다니기만 해도{n}죽어 버릴 것 같은 터무니없는 곳이라고{n}들었어{2}{7}지금 몇 명이나 살아남았는지조차{n}아무도 몰라{n}어쩌면 유령밖에 없을지도……	
507:0914	{6:52}城には ものすごい{n}高い時計塔が ついているんだ。{n}初代{6:4}が{n}作ったものらしいんだけどね。{2}{7}オレが思うに 初代{6:4}は{n}天にのぼろうとしたんだな うん	{6:52}성에는 엄청나게{n}높은 시계탑이 있어.{n}초대 {6:4}이{n}만든 거라던데.{2}{7}내 생각엔 초대 {6:4}은{n}하늘로 오르려 한 게 아닐까, 응	
507:0915	西の{6:53}城は 昔{n}巨大なモンスター{6:19}を とじこめていた{n}独房だったらしいんだ。 だから今も{n}そのミイラがあるらしいよ{2}{7}しかも その巨大モンスター{6:19}が{n}よなよな歩き回って {6:19}を食べてるっていう{n}うわさもあるんだ{n}・・・もう オレは恐くて ちびりそうだよ	서쪽 {6:53}성은 옛날에{n}거대한 몬스터 {6:19}를 가둬 두던{n}독방이었대. 그래서 지금도{n}그 미라가 있다더라{2}{7}게다가 그 거대 몬스터 {6:19}가{n}밤마다 걸어 다니며 {6:19}를 먹는다는{n}소문도 있어{n}…이제 나는 무서워서 오줌 쌀 것 같아	
507:0916	カーボンフロアについて{n}知ってるかい？	카본 플로어에 대해{n}알고 있어?	
507:0917	そうか お前も 監獄侵入罪でつかまったら{n}カーボン刑にされるかもな 気をつけろよ	그래, 너도 감옥 침입죄로 잡히면{n}카본형에 처해질지도 모르니 조심해	
507:0918	不死身タイプのモンスターを{n}特殊なカーボン液で カチコチに{n}かためてしまう所なんだ{2}{7}やつらは そのままの形で{n}ろう人形のように {6:52}城の中に{n}かざられているらしい・・・{n}そうぞうするだけで 身のけもよだつよ	불사신 타입 몬스터를{n}특수한 카본 액으로 꽁꽁{n}굳혀 버리는 곳이야{2}{7}놈들은 그 모습 그대로{n}밀랍 인형처럼 {6:52}성 안에{n}장식되어 있다더라……{n}상상만 해도 소름이 돋아	
507:0919	↖ {6:53}城  {6:52}城 ↗{n}  {6:51}城 ↘	↖{6:53}성 {6:52}성↗{n} {6:51}성↘	
507:0920	お前は どっち派だ？{n}ん？ お前 バウンティハンターか{n}なんでここにいる？{2}{7}ここにいるやつらは {6:30}派と{n}{6:39}派にわかれているんだ{n}いわゆる派ばつあらそいさ{2}{7}今は みんな おちついているけどな{n}{6:39}派は 血の気がおおくて{n}やみくもにテロ活動するから{n}やっかいなんだ	넌 어느 파야?{n}응? 너 바운티 헌터냐{n}왜 여기 있는 거야?{2}{7}여기 있는 녀석들은 {6:30}파와{n}{6:39}파로 나뉘어 있어{n}이른바 파벌 싸움이지{2}{7}지금은 다들 잠잠하지만{n}{6:39}파는 성질이 급해서{n}무턱대고 테러 활동을 하니까{n}골치 아파	
507:0921	{6:39}派は いつも{n}JLAR’Sバーでたむろってるよ{n}ヤバンなやつらが多いから あまり{n}シゲキするなよ	{6:39}파는 항상{n}JLAR’S 바에 몰려 있어{n}거친 녀석들이 많으니까 너무{n}자극하지 마	
507:0922	{6:39}派は いつも{n}JLAR’Sバーでたむろってるよ{n}ヤバンなやつらが多いから あまり{n}シゲキするなよ{2}{7}{6:39}本人は キャンディパブに{n}いると思うぜ。{n}{6:48}ちゃんが大好きだからな	{6:39}파는 항상{n}JLAR’S 바에 몰려 있어{n}거친 녀석들이 많으니까 너무{n}자극하지 마{2}{7}{6:39} 본인은 캔디펍에{n}있을 거야.{n}{6:48}를 엄청 좋아하니까	
507:0923	STALKERバーは {6:30}派の{n}たまり場だよ けっこう知性派が{n}そろってるね {6:30}派には うん{n}え？ オレ？ オレも{6:30}派さ{2}{7}でも {6:30}さまが{n}デクスキャリバーの研究所に行ったきり{n}連絡がとれないらしいんだ{n}ちょっと心配だな オレ	STALKER 바는 {6:30}파의{n}아지트야 꽤 지성파들이{n}모여 있지 {6:30}파에는, 응{n}어? 나? 나도 {6:30}파야{2}{7}근데 {6:30}님이{n}덱스캘리버 연구소에 간 뒤로{n}연락이 안 된다더라{n}좀 걱정되네 나도	
507:0924	{6:50}さまにひきつづいて{n}{6:30}さままで 行方不明になると・・・{n}もう {6:30}派も終りだよ・・・	{6:50}님에 이어서{n}{6:30}님까지 행방불명이 되면…{n}이제 {6:30}파도 끝이야…	
507:0925	{6:30}さまは 行方不明になった{n}{6:50}さまのあとをついで リーダーに{n}なったんだ。 {6:30}派の者はみんな{n}今でも {6:50}さまを そんけいしてる{2}{7}でも {6:50}さまにひきつづいて{n}{6:30}さままで 行方不明になると・・・{n}もう {6:30}派も終わりだよ・・・	{6:30}님은 행방불명이 된{n}{6:50}님의 뒤를 이어 리더가{n}됐어. {6:30}파 사람들은 모두{n}지금도 {6:50}님을 존경하고 있어{2}{7}근데 {6:50}님에 이어서{n}{6:30}님까지 행방불명이 되면…{n}이제 {6:30}파도 끝이야…	
507:0926	このアンダーシティは われわれJLOが{n}20年の月日をかけて作った町だ。{n}けんせつ中に死んだ{6:19}もおおぜいいる{2}{7}・・・いまに見ていろ {6:4}め{n}D計画でクーデターを起こしてやる	이 언더시티는 우리 JLO가{n}20년의 세월을 들여 만든 마을이다.{n}건설 중에 죽은 {6:19}도 많이 있지{2}{7}…두고 봐라 {6:4} 자식{n}D계획으로 쿠데타를 일으켜 주마	
507:0927	よう あんた 外から来た人？{n}{6:39}さまを見なかった？{n}もう3時間も連絡がつかねえんだ{2}{7}{6:39}さまってのはつまり・・・{n}きいろくて・・・ ぼうしはブルーで・・・{n}体は だいたい えんとう形で・・・{n}マラカスを・・・ つまり変な人だ	이봐 당신 밖에서 온 사람?{n}{6:39}님 못 봤어?{n}벌써 3시간이나 연락이 안 돼{2}{7}{6:39}님이라는 건 그러니까…{n}노랗고… 모자는 파랗고…{n}몸은 대충 원통 모양이고…{n}마라카스를… 하여간 이상한 사람이야	
507:0928	どこ行ったんだろう {6:39}さま	어디 간 걸까 {6:39}님	
507:0929	どこ行ったんだろう {6:39}さま{n}・・・え？ {6:40}のところ？{n}そりゃーこの部屋だよ 何てこったい・・・	어디 간 걸까 {6:39}님{n}…어? {6:40} 쪽에?{n}그거 이 방이잖아 이게 무슨 일이야…	
507:0930	JLAR’Sからは 誰も出てこなかったぜ	JLAR’S에서는{n}아무도 나오지 않았어	
507:0931	質流れ品でよければ{n}武器をゆずってあげるわよ{n}もちろん何かと交換だけどね	전당포 유질품이라도 괜찮다면{n}무기를 넘겨줄게{n}물론 뭔가랑 교환이지만	
507:0932	ここから見わたすアンダーシティは{n}最高よね！ ジェイラーズ島が監獄島で{n}なかったら きっとここが いちばんの{n}名所になるでしょうに・・・	여기서 내려다보는 언더시티는{n}최고지! 제이라즈 섬이 감옥섬이{n}아니었다면 분명 여기가 최고의{n}명소가 됐을 텐데…	
507:0933	オレたちは D計画にすべてをかけてる{n}{6:56}さまさえ・・・おっと・・・{n}これ以上はヒミツだ 口がさけても言えねえ	우리는 D계획에{n}모든 걸 걸고 있어{n}{6:56}님조차… 아이고…{n}이 이상은 비밀이야 죽어도 말 못 해	
507:0934	{6:39}さまは D計画を考えた{n}エライ人だ。 弱そうに見えるが{n}とんでもなく強いんだ。{n}マラカスで ボカスカなぐるんだよ{2}{7}ちょっとヒステリー気味なのが{n}たまにキズだな	{6:39}님은 D계획을 생각해낸{n}대단한 사람이야. 약해 보이지만{n}터무니없이 강하다고.{n}마라카스로 퍽퍽 때리거든{2}{7}조금 히스테리 기가 있는 게{n}옥에 티지	
507:0935	D計画には ビラニウムが{n}不可欠なんだ それも大量に必要なんだ{2}{7}お前 地下鉱山から{n}ビラニウムの原石を ぬすんできてくれよ{n}そしたら仲間にしてやるぜ！	D계획에는 비라니움이{n}필수야 그것도 대량으로 필요해{2}{7}너, 지하 광산에서{n}비라니움 원석을 훔쳐 와라{n}그러면 동료로 끼워주마!	
507:0936	肉をむさぼり食われて{n}ガイコツになっている。	살이 뜯어먹혀서{n}해골이 되어 있다.	
507:0937	ドロドロした液体にまみれて死んでいる。	끈적끈적한 액체를{n}뒤집어쓴 채 죽어 있다.	
507:0938	胸の名ふだに「{6:40}」と書かれた死体がある。	가슴의 명찰에「{6:40}」이라고{n}적힌 시체가 있다.	
507:0939	こいつが{6:40}か・・・{n}どうやら{6:3}のしわざだな。{n}ここで行きどまりか・・・手がかりが切れたな・・・	이 녀석이 {6:40}인가…{n}아무래도 {6:3}의 짓이군.{n}여기서 막다른 길인가… 단서가 끊겼군…	
507:0940	{6:3}のヤローはここまで来たんだ。{n}そして町にはもどっていねえ	{6:3} 자식은 여기까지 왔어.{n}그리고 마을로는 돌아가지 않았어	
507:0941	なぜ	왜	
507:0942	町のやつらが死んでねえ。{n}{6:3}には 何か いそぎの用があったんだ。{n}だから・・・ヤツはこの部屋から・・・{n}町でないどこかに行ったんだ！	마을 녀석들이 죽지 않았어.{n}{6:3}한테 뭔가 급한 용무가 있었던 거야.{n}그러니까… 그놈은 이 방에서…{n}마을이 아닌 어딘가로 간 거야!	
507:0943	そうか！ 頭いいぞ{6:2}！{n}部屋のどこかにかくし通路があるんだな！	그렇군! 머리 좋은데 {6:2}!{n}방 어딘가에 숨겨진 통로가 있는 거야!	
507:0944	総がある。{n}がくぶちに 何かかいてある。{n}「空見ろ  明快な  太陽や{n} 光輝く  広大な  海	그림이 있다.{n}액자에 뭔가 적혀 있다.{n}「하늘을 보라 명쾌한 태양이여{n} 빛나는 광활한 바다	
507:0945	総がある。{n}がくぶちに 何かかいてある。{n}「無になり 名をすてれば{n} 野にみちはひらく	그림이 있다.{n}액자에 뭔가 적혀 있다.{n}「무가 되어 이름을 버리면{n} 들판에 길이 열리리라	
507:0946	オレたちは D計画には反対なんだ{n}{6:50}さまさえ見つかれば{n}{6:39}なんかに しきらせないのに{2}{7}{6:50}さまが 行方不明になったのは{n}{6:39}がからんでいるんだ。{n}きっと らちしたにちがいないと思う{n}くそっ	우리는 D계획에는 반대야{n}{6:50}님만 찾으면{n}{6:39} 따위가 휘두르게 두지 않을 텐데{2}{7}{6:50}님이 행방불명이 된 건{n}{6:39}이 얽혀 있어서야.{n}분명 납치한 게 틀림없다고 생각해{n}젠장	
507:0947	お前が持ってるそれは{n}JLOバッヂではないか！ そうか{n}おぬしが{6:30}さまが言っていた男だな{n}よろしい おぬしに これをあずけよう	네가 가지고 있는 그건{n}JLO 배지 아니냐! 그렇군{n}네놈이 {6:30}님이 말씀하신 사내로군{n}좋다, 네게 이것을 맡기마	
507:0948	おぬしの上に{n}ウーダの守りあらんことを・・・	그대 위에{n}우다의 가호가 있기를…	
507:0949	ウーダの守りあらんことを・・・{n}これは よく{6:50}さまが{n}言っていたことば・・・{2}{7}{6:50}さまは いだいなる騎士{n}ウーダの まつえいであられる。{n}ゆいしょ正しき{6:19}なのだ。{2}{7}{6:50}さまは きっとどこかで{n}生きておられる 今に見ていろ{6:39}め{n}わたしが{6:50}さまを さがし出して見せる{n}・・・ウーダの守りあらんことを・・・	우다의 가호가 있기를…{n}이건 자주 {6:50}님이{n}하시던 말씀…{2}{7}{6:50}님은 위대한 기사{n}우다의 후예이시다.{n}유서 깊은 {6:19}이신 것이다.{2}{7}{6:50}님은 분명 어딘가에서{n}살아 계실 거다 두고 봐라 {6:39} 자식{n}내가 {6:50}님을 찾아내고 말겠다{n}…우다의 가호가 있기를…	
507:0950	{6:30}さまは ひそかに行方不明の{n}{6:50}さまを さがしていたんだ{n}{6:30}さまは {6:50}さまの{n}直属の部下だからね{2}{7}きっと{6:39}が それを知って{n}{6:30}さままで らちしたんだ{n}オレは{6:39}を 許せねえぜ！	{6:30}님은 몰래 행방불명된{n}{6:50}님을 찾고 있었어{n}{6:30}님은 {6:50}님의{n}직속 부하니까{2}{7}분명 {6:39}이 그걸 알고{n}{6:30}님까지 납치한 거야{n}나는 {6:39}을 용서 못 해!	
507:0951	さっき オレ {6:39}を見たんだよ・・・{n}でも ようすが変だった。{n}なんだかゾッとしちゃったぜ・・・{2}{7}まず 目がまんまるなんだ。 そのうえ{n}ニコニコしてて 体ときたら まっきいろ・・・{n}あれ？ いつもと同じだな。{n}なぜゾッとしたんだろう？	아까 나 {6:39} 봤는데…{n}근데 모습이 이상했어.{n}왠지 섬뜩하더라고…{2}{7}일단 눈이 완전 동그랗거든. 게다가{n}계속 웃고 있고 몸은 완전 노란색…{n}어라? 평소랑 똑같잖아.{n}왜 섬뜩했던 걸까?	
507:0952	{20:0}{6:39} {19:8}{6:39} {19:8}ステキな{6:39}{n}{19:16}アイラブ {19:8}ユーラブ {19:8}ステキな{6:39}{n}{19:16}レッツゴー {19:8}レッツゴー {19:8}{6:39} {19:16}ゴー{n}{20:35}{19:16}{6:39}派の おうえんかだ おぼえとけ	{20:0}{6:39} {19:8}{6:39} {19:8}멋진 {6:39}{n}{19:16}아이러브 {19:8}유러브 {19:8}멋진 {6:39}{n}{19:16}렛츠고 {19:8}렛츠고 {19:8}{6:39} {19:16}고{n}{20:35}{19:16}{6:39}파의 응원가다 외워둬	
507:0953	{6:39}さまなら ここにはいないよ{n}いつもは一人で出かけたりしないのに{n}どうしたのかなー{n}{6:40}のとこで見たってヤツがいたけどね・・・	{6:39}님이라면 여기엔 없어{n}평소엔 혼자서 나가거나 하지 않는데{n}왜 그러시려나ー{n}{6:40} 쪽에서 봤다는 녀석이 있긴 했는데…	
507:0954	くそ オレたちは{n}{6:39}に気に入られたのはいいが{n}こんなカッコウをさせられて たまんねえぜ{n}オイオイ 変な気を起こすなよ	젠장 우리는{n}{6:39}한테 마음에 든 건 좋은데{n}이런 꼴을 하게 돼서 못 견디겠어{n}어이어이 이상한 생각 하지 마	
507:0955	まったく {6:30}派は{n}弱気でこまるよ すべてのパワーの{n}みなもとであるビラニウムを 危険だとか{n}ぬかしやがって よわむしめ{2}{7}きっと{6:50}のやつに{n}せんのうされたにちがいねえ{n}まあ {6:50}も行方不明だしな{n}まあ いいか	진짜 {6:30}파는{n}겁이 많아서 곤란하다니까 모든 힘의{n}근원인 비라니움을 위험하다느니{n}지껄여대고 말이야 겁쟁이들{2}{7}분명 {6:50} 그놈한테{n}세뇌당한 게 틀림없어{n}뭐 {6:50}도 행방불명이고{n}뭐 됐어	
507:0956	まったく {6:30}派は弱気でこまるよ{n}D計画には ビラニウムのパワーが{n}ぜったい不可欠なのに 危険だとか{n}ぬかしやがって よわむしめ{2}{7}でも {6:30}と{6:50}が{n}行方不明になったから {6:30}派も{n}やっと あつかいやすくなって来たんだ{2}{7}それなのに まさか {6:39}さままで{n}行方不明なんてことは ねえだろうな	{6:30}파는 겁이 많아 곤란해{n}D계획에는 비라니움의 힘이{n}절대적으로 필수인데 위험하다느니{n}지껄여대고 말이야 겁쟁이들{2}{7}하지만 {6:30}와 {6:50}가{n}행방불명됐으니까 {6:30}파도{n}드디어 다루기 쉬워졌어{2}{7}그런데 설마 {6:39}님까지{n}행방불명되는 일은 없겠지	
507:0957	体中の血が なくなっている。	온몸의 피가 사라져 있다.	
507:0958	息をしていない。{n}一撃でやられている。	숨을 쉬지 않는다.{n}일격에 당했다.	
507:0959	う・・・げ・・・化け物が・・・{n}みんなを・・・ 頭からむしゃむしゃと・・・{n}・・・う・・・う・・・	으…윽… 괴물이…{n}모두를… 머리부터 우적우적…{n}…으…으…	
507:0960	う・・・う・・・{n}この島は・・・全滅だ・・・{n}あんな・・・化け物に かてるわけがない	으…으…{n}이 섬은…전멸이야…{n}저런… 괴물을 이길 수 있을 리가 없어	
507:0961	・・・う・・・わ・・・ひいひい・・・{n}恐かった・・・あんな スゴイ化け物・・・{n}うわー・・・思い出したくない・・・{n}ひえっひえっひっひっひっ	…으…아…히이히이…{n}무서웠어… 그런 엄청난 괴물…{n}우와ー… 떠올리고 싶지 않아…{n}히엑히엑힉힉힉	
507:0962	ことばにならない。{n}よほどの恐怖を味わったようだ。	말이 나오지 않는다.{n}상당한 공포를 맛본 모양이다.	
507:0963	ア・・・ア・・・{6:50}さまが・・・{n}{6:50}さまが・・・言っていた通りだ・・・{2}{7}ぐ・・・ア・・・{6:50}さまは・・・{n}・・・今・・・{6:53}の城に・・・{n}ゆうへいされて・・・ う・・・{n}ア・{19:5}リ・{19:5}バ・{19:5}バ・{19:5}さ・{19:5}ま・{19:5}あ・・・うぐわー	아… 아… {6:50}님이…{n}{6:50}님이… 말씀하신 대로다…{2}{7}끄… 아… {6:50}님은…{n}…지금… {6:53}의 성에…{n}감금당해서… 으…{n}아・{19:5}리・{19:5}바・{19:5}바・{19:5}사・{19:5}마・{19:5}아… 으그와ー	
507:0964	カッと目を見開いて死んでいる。	눈을 감지 못한 채 죽어 있다.	
507:0965	ウ・・・ウーダの・・・守り・・・{n}あ・・・ら・・・ん・・・こ・・・と・・・を・・・{n}う・・・ぐはっ・・・	우… 우다의… 가호…{n}가… 있… 기… 를…{n}으… 윽허억…	
507:0966	「重量物運搬用リフト 上へ」{n}と書かれたスイッチがあります。{n}スイッチにふれると 何かが{n}動きはじめました。	「중량물 운반용 리프트 위로」{n}라고 적힌 스위치가 있습니다.{n}스위치에 닿자 뭔가가{n}움직이기 시작했습니다.	
507:0967	「重量物運搬用リフト 上へ」{n}と書かれたスイッチがあります。{n}スイッチは はいっています。	「중량물 운반용 리프트 위로」{n}라고 적힌 스위치가 있습니다.{n}스위치는 켜져 있습니다.	
507:0968	いってえ どういうことだ！？{n}なんで副{6:29}の{6:38}が{n}看守どもを ズバズバ殺すんだ？{n}何か 気に入らねえことでもあったのか！？{2}{7}物かげにかくれてなかったら{n}オレたちまで危ねえとこだったぜ	대체 어떻게 된 거야!?{n}왜 부{6:29}인 {6:38}이{n}간수들을 마구 죽이는 거야?{n}뭔가 맘에 안 드는 일이라도 있었던 거야!?{2}{7}물건 뒤에 숨어있지 않았다면{n}우리까지 위험할 뻔했어	
507:0969	ここは 秘密の地下鉱山。{n}ビラなんとかいう石が出るんだとよ{n}すげえ危険なブツらしい・・・ 作業のあと{n}よく手をあらえって言われるんだよ{2}{7}{6:29}のヤツ オレたち{6:19}を{n}むりやりこき使って 鉱石を掘ってるんだ{n}おかげでメシはうまいけど{n}やっぱ犯罪だよなー こういうの・・・	여기는 비밀 지하 광산.{n}비라 뭐시기라는 돌이 나온다더라{n}엄청 위험한 물건인 모양이야… 작업 후엔{n}손을 잘 씻으라는 말을 들어{2}{7}{6:29} 그놈이 우리 {6:19}를{n}강제로 부려먹어서 광석을 캐게 하고 있어{n}덕분에 밥은 맛있지만{n}역시 범죄잖아ー 이런 거…	
507:0970	採掘場に行きてえなら5号ゲートを{n}使ってくんな 4号は使えねえよ{2}{7}4号のスイッチは{n}この休けい小屋の中だけど{n}看守にしか あけられねえんだよ	채굴장에 가고 싶으면{n}5호 게이트를{n}써라 4호는 못 써{2}{7}4호 스위치는{n}이 휴게소 안에 있는데{n}간수밖에 못 열어	
507:0971	カギあなのあいた石がある	열쇠 구멍이 뚫린 돌이 있다	
507:0972	ラビアン文字とラジーン文字が書いてある。{n}ラジーン文字はこう読める。{n}「ごるどばニ 光ヲ	라비안 문자와 라진{n}문자가 적혀 있다.{n}라진 문자는 이렇게 읽을 수 있다.{n}「골도바에 빛을	
507:0973	いったい何が起きてるんだ・・・{n}{6:2}、できるかぎりデータをあつめるんだ！{n}生きている者をさがせ！{n}言っとくが{6:3}のほかにだぞ！	대체 무슨 일이 벌어지는 거야…{n}{6:2}, 가능한 한 데이터를 모아!{n}살아있는 사람을 찾아!{n}말해 두지만 {6:3} 말고 말이야!	
507:0974	船長室には 一度かんぱんに出ないと{n}行けないぞ！ 階段がふさがれていても{n}遠回りしてでも 上をめざせ！	선장실엔 일단{n}갑판으로 나가지 않으면{n}갈 수 없어! 계단이 막혀 있어도{n}멀리 돌아서라도 위를 향해!	
507:0975	ハンターの生きのこりは お前一人か・・・	헌터 생존자는 너 하나뿐인가…	
507:0976	{6:11}は・・・{n}助からんだろうな・・・	{6:11}은…{n}못 살아남겠지…	
507:0977	船長室のドアはカギがかかってる！{n}スペアキーをさがせ！	선장실 문은 잠겨 있어!{n}예비 열쇠를 찾아!	
507:0978	船長のカギを使えば{n}船長室に入れるぞ！	선장의 열쇠를 쓰면{n}선장실에 들어갈 수 있어!	
507:0979	本物の{6:3}をさがせ！{n}あれを野放しにするわけにはいかん！{n}当局の命令さえなければ{n}ヤツを殺してやるのに！{2}{7}もっとも 殺し方が{n}わかればだけどな・・・	진짜 {6:3}을 찾아라!{n}그걸 방치할 수는 없다!{n}당국의 명령만 없었다면{n}놈을 죽여 버릴 텐데!{2}{7}하긴 죽이는 방법을{n}안다면 말이지만…	
507:0980	警備隊の協力は{n}きたいできん・・・というわけだな{n}誰かがオレたちを邪魔に思ってる・・・{n}というのは はたして考えすぎかな？	경비대의 협력은{n}기대할 수 없다…는 거군{n}누군가 우리를 방해로 여기고 있다…{n}는 건 과연 지나친 생각일까?	
507:0981	こうしている間も {6:3}が{n}何か しでかしているかもしれん{n}危険度は時間とともに かそくど的に{n}上がるぞ！ いそごう {6:2}！	이러고 있는 동안에도 {6:3}이{n}무슨 짓을 저지르고 있을지도 몰라{n}위험도는 시간이 지날수록 가속도로{n}올라간다! 서두르자 {6:2}!	
507:0982	たのしそうだな {6:2}{n}はやくシラフにもどってくれ{n}たのむよ・・・	즐거워 보이는군 {6:2}{n}빨리 정신 좀 차려줘{n}부탁한다…	
507:0983	この町の中の誰かが{n}{6:3}なのかもしれん・・・{n}データをあつめたい すこし歩き回ってくれ	이 마을 안의 누군가가{n}{6:3}일지도 몰라…{n}데이터를 모으고 싶다 좀 돌아다녀줘	
507:0984	{6:3}は どうしてわざわざ監獄の中に{n}行ったんだ？ 何かウラがあるな・・・{n}どこか監獄にもぐりこむ入口はないかな	{6:3}은 왜 일부러 감옥 안으로{n}간 거지? 뭔가 속사정이 있군…{n}어딘가 감옥으로 숨어들 입구는 없을까	
507:0985	{6:25}が持っていたカギを使えば{n}監獄にもぐりこめるかもしれないぞ{n}それにしても・・・ ヤツが言っていた{n}青いふくの女って いったい何者だ？	{6:25}가 가지고 있던 열쇠를 쓰면{n}감옥에 숨어들 수 있을지도 몰라{n}그나저나… 그놈이 말했던{n}파란 옷의 여자란 대체 누구지?	
507:0986	正門を通らずに 監獄に{n}出入りしようとするなら キルバレーを{n}強行突破するしかないだろう{2}{7}{6:19}が脱走しないように{n}キルバレーには いろいろ手段が{n}こうじてあるそうだ。 非常にきびしいが{n}今のオレたちにはそれしかない{2}{7}わざわざ監獄に入るために{n}そんな くろうを せにゃならんとはな・・・	정문을 통하지 않고 감옥을{n}드나들려면 킬밸리를{n}강행 돌파하는 수밖에 없을 거야{2}{7}{6:19}가 탈주하지 못하도록{n}킬밸리에는 여러 수단이{n}마련되어 있다고 해. 몹시 험난하지만{n}지금 우리에겐 그것밖에 없어{2}{7}일부러 감옥에 들어가기 위해{n}그런 고생을 해야 한다니…	
507:0987	いったいどうなるかと思ったが{n}どうやら監獄までの道がひらけたようだな。{n}あのトカゲ{6:19} {6:20}というのか{n}あいつが今も{6:3}かもしれないし・・・{2}{7}もう ほかのヤツに{n}すりかわってるかもしれない。{n}ゆだんするなよ	대체 어떻게 될까 했는데{n}아무래도 감옥까지 가는 길이 열린 모양이군.{n}그 도마뱀 {6:19}, {6:20}이라고 했나{n}그 녀석이 지금도 {6:3}일지도 모르고…{2}{7}이미 다른 녀석으로{n}바꿔치기 됐을지도 몰라.{n}방심하지 마	
507:0988	なんでラビアン共和国が{n}こんな監獄島に興味を持つんだ？{n}女忍者を送りこむなんて ただごとじゃない{n}・・・まさか{6:3}と関係あるのか？{2}{7}わからないことが多すぎる{n}{6:2} オレたちの相手は{n}{6:3}だけじゃないかもしれないな・・・{n}とにかく 今は{6:20}をさがそう	왜 라비안 공화국이{n}이런 감옥섬에 관심을 가지는 거지?{n}여자 닌자를 보내다니 예사롭지 않아{n}… 설마 {6:3}과 관계있는 건가?{2}{7}모르는 게 너무 많아{n}{6:2}, 우리의 상대는{n}{6:3}만이 아닐지도 몰라…{n}아무튼 지금은 {6:20}를 찾자	
507:0989	{6:3}はふたたび行方不明か・・・{n}ここに ながくいるのは危険だ{n}いったんJLOアジトにもどろう	{6:3}은 다시 행방불명인가…{n}여기 오래 있는 건 위험해{n}일단 JLO 아지트로 돌아가자	
507:0990	{6:4}め{n}本国に秘密で鉱山を掘るなんて{n}どういうつもりだ？ 反ぎゃく罪だぞ？{2}{7}{6:2} {6:29}は {6:3}と{n}同じくらい危険かもしれない。{n}{6:3}も地下鉱山に向かってる。{n}これはただではすまないぞ	{6:4} 자식{n}본국 몰래 광산을 파다니{n}무슨 속셈이야? 반역죄라고?{2}{7}{6:2}, {6:29}은 {6:3}과{n}비슷할 만큼 위험할지도 몰라.{n}{6:3}도 지하 광산으로 향하고 있어.{n}이건 그냥 넘어갈 일이 아니야	
507:0991	こんな所でミイラの仲間入りは{n}ごめんだぜ {6:2}{n}とにかく奥へ行こう{n}入口があるんだから出口もあるはずだ	이런 데서 미라가 되는 건{n}사양이야 {6:2}{n}일단 안쪽으로 가자{n}입구가 있으니 출구도 있을 거야	
507:0992	今 {6:3}は {6:4}を{n}キャプチャーしてるはずだ。{n}{6:4}はどこへ行った？	지금 {6:3}은 {6:4}을{n}캡처하고 있을 거야.{n}{6:4}은 어디로 간 거지?	
507:0993	今 {6:3}は {6:37}を{n}キャプチャーしてるはずだ。{n}{6:37}はどこへ行った？	지금 {6:3}은 {6:37}를{n}캡처하고 있을 거야.{n}{6:37}는 어디로 간 거지?	
507:0994	せっかく追いついたと思ったら{n}また逃げられちまった・・・{n}{6:3}はどこへ行った？	모처럼 따라잡았다 싶었더니{n}또 놓쳐버렸어…{n}{6:3}은 어디로 간 거지?	
507:0995	研究所ってのは 女忍者が落ちたアレか？{n}監獄島に 鉱山やあんな巨大な研究所だと？{n}{6:4}め ますます危ないヤツだな{2}{7}{6:2} もしも もしもだぞ・・・{n}{6:3}が シーバンディッツ号から{n}逃げなかったとしても・・・{2}{7}それでもやはり オレたちは{n}今と同じくらい 危険な事件に{n}まきこまれていたような気がする・・・	연구소라는 건 여자{n}닌자가 떨어진 그건가?{n}감옥섬에 광산에 그런 거대한 연구소라니?{n}{6:4} 자식, 점점 더 위험한 놈이군{2}{7}{6:2}, 혹시 혹시 말이야…{n}{6:3}이 시밴디츠호에서{n}도망치지 않았더라도…{2}{7}그래도 역시 우리는{n}지금과 비슷한 정도로 위험한 사건에{n}휘말렸을 것 같은 기분이 들어…	
507:0996	{6:30}は カッパがどうとか{n}言ってたな・・・ {6:53}城の{n}ことかもしれん 地上を通って もう一度{n}センターヤードに行こう	{6:30}는 카파가 어쩌고{n}말했었지… {6:53}성에 대한{n}얘기일지도 몰라 지상을 지나서 다시 한번{n}센터야드로 가자	
507:0997	東の方の{6:51}城に行ってみよう。{n}何か てがかりがあるかもしれない	동쪽에 있는 {6:51}성에 가보자.{n}뭔가 단서가 있을지도 몰라	
507:0998	{6:52}城には高い時計塔があるらしい{n}もしかすると・・・うーん・・・{n}{6:3}はそこに向かったかも・・・	{6:52}성에는 높은{n}시계탑이 있다고 해{n}어쩌면… 음…{n}{6:3}은 그곳으로 향했을지도…	
507:0999	空中で方向キーを入れると{n}向きを変えられるぞ{n}最初はむずかしいかもしれないが{n}れんしゅうして そんはないぞ	공중에서 방향키를 넣으면{n}방향을 바꿀 수 있어{n}처음엔 어려울지도 모르지만{n}연습해서 손해 볼 건 없어	
